image_path,lanna_text,thai_translation,reading,font,font_size
images/lanna_00000_LNTilok.jpg,ᨩ᩠ᨿᨦᩲᩉ᩠ᨾ᩵,เชียงใหม่,เจียง-ใหม่,LNTilok,67
images/lanna_00001_LN-TILOK-6.10.jpg,ᨩ᩠ᨿᨦᩲᩉ᩠ᨾ᩵,เชียงใหม่,เจียง-ใหม่,LN-TILOK-6.10,58
images/lanna_00002_PayapLanna-Bold.jpg,ᨩ᩠ᨿᨦᩲᩉ᩠ᨾ᩵,เชียงใหม่,เจียง-ใหม่,PayapLanna-Bold,68
images/lanna_00003_PayapLanna-Regular.jpg,ᨩ᩠ᨿᨦᩲᩉ᩠ᨾ᩵,เชียงใหม่,เจียง-ใหม่,PayapLanna-Regular,80
images/lanna_00004_NotoSansTaiTham.jpg,ᨩ᩠ᨿᨦᩲᩉ᩠ᨾ᩵,เชียงใหม่,เจียง-ใหม่,NotoSansTaiTham,64
images/lanna_00005_LNTilok.jpg,ᨩ᩠ᨿᨦᩲᩉ᩠ᨾ᩵,เชียงใหม่,เจียง-ใหม่,LNTilok,80
images/lanna_00006_LN-TILOK-6.10.jpg,ᨩ᩠ᨿᨦᩲᩉ᩠ᨾ᩵,เชียงใหม่,เจียง-ใหม่,LN-TILOK-6.10,84
images/lanna_00007_PayapLanna-Bold.jpg,ᨩ᩠ᨿᨦᩲᩉ᩠ᨾ᩵,เชียงใหม่,เจียง-ใหม่,PayapLanna-Bold,58
images/lanna_00008_PayapLanna-Regular.jpg,ᨩ᩠ᨿᨦᩲᩉ᩠ᨾ᩵,เชียงใหม่,เจียง-ใหม่,PayapLanna-Regular,82
images/lanna_00009_NotoSansTaiTham.jpg,ᨩ᩠ᨿᨦᩲᩉ᩠ᨾ᩵,เชียงใหม่,เจียง-ใหม่,NotoSansTaiTham,67
images/lanna_00010_LNTilok.jpg,ᨩ᩠ᨿᨦᩲᩉ᩠ᨾ᩵,เชียงใหม่,เจียง-ใหม่,LNTilok,68
images/lanna_00011_LN-TILOK-6.10.jpg,ᨩ᩠ᨿᨦᩲᩉ᩠ᨾ᩵,เชียงใหม่,เจียง-ใหม่,LN-TILOK-6.10,64
images/lanna_00012_PayapLanna-Bold.jpg,ᨩ᩠ᨿᨦᩲᩉ᩠ᨾ᩵,เชียงใหม่,เจียง-ใหม่,PayapLanna-Bold,60
images/lanna_00013_PayapLanna-Regular.jpg,ᨩ᩠ᨿᨦᩲᩉ᩠ᨾ᩵,เชียงใหม่,เจียง-ใหม่,PayapLanna-Regular,70
images/lanna_00014_NotoSansTaiTham.jpg,ᨩ᩠ᨿᨦᩲᩉ᩠ᨾ᩵,เชียงใหม่,เจียง-ใหม่,NotoSansTaiTham,62
images/lanna_00015_LNTilok.jpg,ᨩ᩠ᨿᨦᩲᩉ᩠ᨾ᩵,เชียงใหม่,เจียง-ใหม่,LNTilok,85
images/lanna_00016_LN-TILOK-6.10.jpg,ᨩ᩠ᨿᨦᩲᩉ᩠ᨾ᩵,เชียงใหม่,เจียง-ใหม่,LN-TILOK-6.10,84
images/lanna_00017_PayapLanna-Bold.jpg,ᨩ᩠ᨿᨦᩲᩉ᩠ᨾ᩵,เชียงใหม่,เจียง-ใหม่,PayapLanna-Bold,65
images/lanna_00018_PayapLanna-Regular.jpg,ᨩ᩠ᨿᨦᩲᩉ᩠ᨾ᩵,เชียงใหม่,เจียง-ใหม่,PayapLanna-Regular,70
images/lanna_00019_NotoSansTaiTham.jpg,ᨩ᩠ᨿᨦᩲᩉ᩠ᨾ᩵,เชียงใหม่,เจียง-ใหม่,NotoSansTaiTham,84
images/lanna_00020_LNTilok.jpg,ᨩ᩠ᨿᨦᩲᩉ᩠ᨾ᩵,เชียงใหม่,เจียง-ใหม่,LNTilok,69
images/lanna_00021_LN-TILOK-6.10.jpg,ᨩ᩠ᨿᨦᩲᩉ᩠ᨾ᩵,เชียงใหม่,เจียง-ใหม่,LN-TILOK-6.10,64
images/lanna_00022_PayapLanna-Bold.jpg,ᨩ᩠ᨿᨦᩲᩉ᩠ᨾ᩵,เชียงใหม่,เจียง-ใหม่,PayapLanna-Bold,83
images/lanna_00023_PayapLanna-Regular.jpg,ᨩ᩠ᨿᨦᩲᩉ᩠ᨾ᩵,เชียงใหม่,เจียง-ใหม่,PayapLanna-Regular,71
images/lanna_00024_NotoSansTaiTham.jpg,ᨩ᩠ᨿᨦᩲᩉ᩠ᨾ᩵,เชียงใหม่,เจียง-ใหม่,NotoSansTaiTham,83
images/lanna_00025_LNTilok.jpg,ᨩ᩠ᨿᨦᩲᩉ᩠ᨾ᩵,เชียงใหม่,เจียง-ใหม่,LNTilok,78
images/lanna_00026_LN-TILOK-6.10.jpg,ᨩ᩠ᨿᨦᩲᩉ᩠ᨾ᩵,เชียงใหม่,เจียง-ใหม่,LN-TILOK-6.10,59
images/lanna_00027_PayapLanna-Bold.jpg,ᨩ᩠ᨿᨦᩲᩉ᩠ᨾ᩵,เชียงใหม่,เจียง-ใหม่,PayapLanna-Bold,83
images/lanna_00028_PayapLanna-Regular.jpg,ᨩ᩠ᨿᨦᩲᩉ᩠ᨾ᩵,เชียงใหม่,เจียง-ใหม่,PayapLanna-Regular,84
images/lanna_00029_NotoSansTaiTham.jpg,ᨩ᩠ᨿᨦᩲᩉ᩠ᨾ᩵,เชียงใหม่,เจียง-ใหม่,NotoSansTaiTham,76
images/lanna_00030_LNTilok.jpg,ᨩ᩠ᨿᨦᩲᩉ᩠ᨾ᩵,เชียงใหม่,เจียง-ใหม่,LNTilok,59
images/lanna_00031_LN-TILOK-6.10.jpg,ᨩ᩠ᨿᨦᩲᩉ᩠ᨾ᩵,เชียงใหม่,เจียง-ใหม่,LN-TILOK-6.10,61
images/lanna_00032_PayapLanna-Bold.jpg,ᨩ᩠ᨿᨦᩲᩉ᩠ᨾ᩵,เชียงใหม่,เจียง-ใหม่,PayapLanna-Bold,64
images/lanna_00033_PayapLanna-Regular.jpg,ᨩ᩠ᨿᨦᩲᩉ᩠ᨾ᩵,เชียงใหม่,เจียง-ใหม่,PayapLanna-Regular,83
images/lanna_00034_NotoSansTaiTham.jpg,ᨩ᩠ᨿᨦᩲᩉ᩠ᨾ᩵,เชียงใหม่,เจียง-ใหม่,NotoSansTaiTham,62
images/lanna_00035_LNTilok.jpg,ᨩ᩠ᨿᨦᩲᩉ᩠ᨾ᩵,เชียงใหม่,เจียง-ใหม่,LNTilok,58
images/lanna_00036_LN-TILOK-6.10.jpg,ᨩ᩠ᨿᨦᩲᩉ᩠ᨾ᩵,เชียงใหม่,เจียง-ใหม่,LN-TILOK-6.10,58
images/lanna_00037_PayapLanna-Bold.jpg,ᨩ᩠ᨿᨦᩲᩉ᩠ᨾ᩵,เชียงใหม่,เจียง-ใหม่,PayapLanna-Bold,85
images/lanna_00038_PayapLanna-Regular.jpg,ᨩ᩠ᨿᨦᩲᩉ᩠ᨾ᩵,เชียงใหม่,เจียง-ใหม่,PayapLanna-Regular,83
images/lanna_00039_NotoSansTaiTham.jpg,ᨩ᩠ᨿᨦᩲᩉ᩠ᨾ᩵,เชียงใหม่,เจียง-ใหม่,NotoSansTaiTham,68
images/lanna_00040_LNTilok.jpg,ᨧ᩠ᨿᨦᩲᩉ᩠ᨾ᩵,เชียงใหม่,เจียง-ใหม่,LNTilok,58
images/lanna_00041_LN-TILOK-6.10.jpg,ᨧ᩠ᨿᨦᩲᩉ᩠ᨾ᩵,เชียงใหม่,เจียง-ใหม่,LN-TILOK-6.10,65
images/lanna_00042_PayapLanna-Bold.jpg,ᨧ᩠ᨿᨦᩲᩉ᩠ᨾ᩵,เชียงใหม่,เจียง-ใหม่,PayapLanna-Bold,76
images/lanna_00043_PayapLanna-Regular.jpg,ᨧ᩠ᨿᨦᩲᩉ᩠ᨾ᩵,เชียงใหม่,เจียง-ใหม่,PayapLanna-Regular,65
images/lanna_00044_NotoSansTaiTham.jpg,ᨧ᩠ᨿᨦᩲᩉ᩠ᨾ᩵,เชียงใหม่,เจียง-ใหม่,NotoSansTaiTham,76
images/lanna_00045_LNTilok.jpg,ᨧ᩠ᨿᨦᩲᩉ᩠ᨾ᩵,เชียงใหม่,เจียง-ใหม่,LNTilok,58
images/lanna_00046_LN-TILOK-6.10.jpg,ᨧ᩠ᨿᨦᩲᩉ᩠ᨾ᩵,เชียงใหม่,เจียง-ใหม่,LN-TILOK-6.10,78
images/lanna_00047_PayapLanna-Bold.jpg,ᨧ᩠ᨿᨦᩲᩉ᩠ᨾ᩵,เชียงใหม่,เจียง-ใหม่,PayapLanna-Bold,79
images/lanna_00048_PayapLanna-Regular.jpg,ᨧ᩠ᨿᨦᩲᩉ᩠ᨾ᩵,เชียงใหม่,เจียง-ใหม่,PayapLanna-Regular,70
images/lanna_00049_NotoSansTaiTham.jpg,ᨧ᩠ᨿᨦᩲᩉ᩠ᨾ᩵,เชียงใหม่,เจียง-ใหม่,NotoSansTaiTham,70
images/lanna_00050_LNTilok.jpg,ᨧ᩠ᨿᨦᩲᩉ᩠ᨾ᩵,เชียงใหม่,เจียง-ใหม่,LNTilok,81
images/lanna_00051_LN-TILOK-6.10.jpg,ᨧ᩠ᨿᨦᩲᩉ᩠ᨾ᩵,เชียงใหม่,เจียง-ใหม่,LN-TILOK-6.10,67
images/lanna_00052_PayapLanna-Bold.jpg,ᨧ᩠ᨿᨦᩲᩉ᩠ᨾ᩵,เชียงใหม่,เจียง-ใหม่,PayapLanna-Bold,77
images/lanna_00053_PayapLanna-Regular.jpg,ᨧ᩠ᨿᨦᩲᩉ᩠ᨾ᩵,เชียงใหม่,เจียง-ใหม่,PayapLanna-Regular,83
images/lanna_00054_NotoSansTaiTham.jpg,ᨧ᩠ᨿᨦᩲᩉ᩠ᨾ᩵,เชียงใหม่,เจียง-ใหม่,NotoSansTaiTham,77
images/lanna_00055_LNTilok.jpg,ᨧ᩠ᨿᨦᩲᩉ᩠ᨾ᩵,เชียงใหม่,เจียง-ใหม่,LNTilok,60
images/lanna_00056_LN-TILOK-6.10.jpg,ᨧ᩠ᨿᨦᩲᩉ᩠ᨾ᩵,เชียงใหม่,เจียง-ใหม่,LN-TILOK-6.10,66
images/lanna_00057_PayapLanna-Bold.jpg,ᨧ᩠ᨿᨦᩲᩉ᩠ᨾ᩵,เชียงใหม่,เจียง-ใหม่,PayapLanna-Bold,69
images/lanna_00058_PayapLanna-Regular.jpg,ᨧ᩠ᨿᨦᩲᩉ᩠ᨾ᩵,เชียงใหม่,เจียง-ใหม่,PayapLanna-Regular,75
images/lanna_00059_NotoSansTaiTham.jpg,ᨧ᩠ᨿᨦᩲᩉ᩠ᨾ᩵,เชียงใหม่,เจียง-ใหม่,NotoSansTaiTham,82
images/lanna_00060_LNTilok.jpg,ᨧ᩠ᨿᨦᩲᩉ᩠ᨾ᩵,เชียงใหม่,เจียง-ใหม่,LNTilok,73
images/lanna_00061_LN-TILOK-6.10.jpg,ᨧ᩠ᨿᨦᩲᩉ᩠ᨾ᩵,เชียงใหม่,เจียง-ใหม่,LN-TILOK-6.10,74
images/lanna_00062_PayapLanna-Bold.jpg,ᨧ᩠ᨿᨦᩲᩉ᩠ᨾ᩵,เชียงใหม่,เจียง-ใหม่,PayapLanna-Bold,84
images/lanna_00063_PayapLanna-Regular.jpg,ᨧ᩠ᨿᨦᩲᩉ᩠ᨾ᩵,เชียงใหม่,เจียง-ใหม่,PayapLanna-Regular,59
images/lanna_00064_NotoSansTaiTham.jpg,ᨧ᩠ᨿᨦᩲᩉ᩠ᨾ᩵,เชียงใหม่,เจียง-ใหม่,NotoSansTaiTham,82
images/lanna_00065_LNTilok.jpg,ᨧ᩠ᨿᨦᩲᩉ᩠ᨾ᩵,เชียงใหม่,เจียง-ใหม่,LNTilok,78
images/lanna_00066_LN-TILOK-6.10.jpg,ᨧ᩠ᨿᨦᩲᩉ᩠ᨾ᩵,เชียงใหม่,เจียง-ใหม่,LN-TILOK-6.10,79
images/lanna_00067_PayapLanna-Bold.jpg,ᨧ᩠ᨿᨦᩲᩉ᩠ᨾ᩵,เชียงใหม่,เจียง-ใหม่,PayapLanna-Bold,75
images/lanna_00068_PayapLanna-Regular.jpg,ᨧ᩠ᨿᨦᩲᩉ᩠ᨾ᩵,เชียงใหม่,เจียง-ใหม่,PayapLanna-Regular,62
images/lanna_00069_NotoSansTaiTham.jpg,ᨧ᩠ᨿᨦᩲᩉ᩠ᨾ᩵,เชียงใหม่,เจียง-ใหม่,NotoSansTaiTham,77
images/lanna_00070_LNTilok.jpg,ᨧ᩠ᨿᨦᩲᩉ᩠ᨾ᩵,เชียงใหม่,เจียง-ใหม่,LNTilok,83
images/lanna_00071_LN-TILOK-6.10.jpg,ᨧ᩠ᨿᨦᩲᩉ᩠ᨾ᩵,เชียงใหม่,เจียง-ใหม่,LN-TILOK-6.10,75
images/lanna_00072_PayapLanna-Bold.jpg,ᨧ᩠ᨿᨦᩲᩉ᩠ᨾ᩵,เชียงใหม่,เจียง-ใหม่,PayapLanna-Bold,77
images/lanna_00073_PayapLanna-Regular.jpg,ᨧ᩠ᨿᨦᩲᩉ᩠ᨾ᩵,เชียงใหม่,เจียง-ใหม่,PayapLanna-Regular,59
images/lanna_00074_NotoSansTaiTham.jpg,ᨧ᩠ᨿᨦᩲᩉ᩠ᨾ᩵,เชียงใหม่,เจียง-ใหม่,NotoSansTaiTham,83
images/lanna_00075_LNTilok.jpg,ᨧ᩠ᨿᨦᩲᩉ᩠ᨾ᩵,เชียงใหม่,เจียง-ใหม่,LNTilok,77
images/lanna_00076_LN-TILOK-6.10.jpg,ᨧ᩠ᨿᨦᩲᩉ᩠ᨾ᩵,เชียงใหม่,เจียง-ใหม่,LN-TILOK-6.10,79
images/lanna_00077_PayapLanna-Bold.jpg,ᨧ᩠ᨿᨦᩲᩉ᩠ᨾ᩵,เชียงใหม่,เจียง-ใหม่,PayapLanna-Bold,68
images/lanna_00078_PayapLanna-Regular.jpg,ᨧ᩠ᨿᨦᩲᩉ᩠ᨾ᩵,เชียงใหม่,เจียง-ใหม่,PayapLanna-Regular,66
images/lanna_00079_NotoSansTaiTham.jpg,ᨧ᩠ᨿᨦᩲᩉ᩠ᨾ᩵,เชียงใหม่,เจียง-ใหม่,NotoSansTaiTham,59
images/lanna_00080_LNTilok.jpg,ᨩ᩠ᨿᨦᩁᩣ᩠ᨿ,เชียงราย,เจียง-ฮาย,LNTilok,83
images/lanna_00081_LN-TILOK-6.10.jpg,ᨩ᩠ᨿᨦᩁᩣ᩠ᨿ,เชียงราย,เจียง-ฮาย,LN-TILOK-6.10,65
images/lanna_00082_PayapLanna-Bold.jpg,ᨩ᩠ᨿᨦᩁᩣ᩠ᨿ,เชียงราย,เจียง-ฮาย,PayapLanna-Bold,70
images/lanna_00083_PayapLanna-Regular.jpg,ᨩ᩠ᨿᨦᩁᩣ᩠ᨿ,เชียงราย,เจียง-ฮาย,PayapLanna-Regular,66
images/lanna_00084_NotoSansTaiTham.jpg,ᨩ᩠ᨿᨦᩁᩣ᩠ᨿ,เชียงราย,เจียง-ฮาย,NotoSansTaiTham,62
images/lanna_00085_LNTilok.jpg,ᨩ᩠ᨿᨦᩁᩣ᩠ᨿ,เชียงราย,เจียง-ฮาย,LNTilok,71
images/lanna_00086_LN-TILOK-6.10.jpg,ᨩ᩠ᨿᨦᩁᩣ᩠ᨿ,เชียงราย,เจียง-ฮาย,LN-TILOK-6.10,63
images/lanna_00087_PayapLanna-Bold.jpg,ᨩ᩠ᨿᨦᩁᩣ᩠ᨿ,เชียงราย,เจียง-ฮาย,PayapLanna-Bold,70
images/lanna_00088_PayapLanna-Regular.jpg,ᨩ᩠ᨿᨦᩁᩣ᩠ᨿ,เชียงราย,เจียง-ฮาย,PayapLanna-Regular,61
images/lanna_00089_NotoSansTaiTham.jpg,ᨩ᩠ᨿᨦᩁᩣ᩠ᨿ,เชียงราย,เจียง-ฮาย,NotoSansTaiTham,58
images/lanna_00090_LNTilok.jpg,ᨩ᩠ᨿᨦᩁᩣ᩠ᨿ,เชียงราย,เจียง-ฮาย,LNTilok,64
images/lanna_00091_LN-TILOK-6.10.jpg,ᨩ᩠ᨿᨦᩁᩣ᩠ᨿ,เชียงราย,เจียง-ฮาย,LN-TILOK-6.10,82
images/lanna_00092_PayapLanna-Bold.jpg,ᨩ᩠ᨿᨦᩁᩣ᩠ᨿ,เชียงราย,เจียง-ฮาย,PayapLanna-Bold,74
images/lanna_00093_PayapLanna-Regular.jpg,ᨩ᩠ᨿᨦᩁᩣ᩠ᨿ,เชียงราย,เจียง-ฮาย,PayapLanna-Regular,61
images/lanna_00094_NotoSansTaiTham.jpg,ᨩ᩠ᨿᨦᩁᩣ᩠ᨿ,เชียงราย,เจียง-ฮาย,NotoSansTaiTham,80
images/lanna_00095_LNTilok.jpg,ᨩ᩠ᨿᨦᩁᩣ᩠ᨿ,เชียงราย,เจียง-ฮาย,LNTilok,61
images/lanna_00096_LN-TILOK-6.10.jpg,ᨩ᩠ᨿᨦᩁᩣ᩠ᨿ,เชียงราย,เจียง-ฮาย,LN-TILOK-6.10,79
images/lanna_00097_PayapLanna-Bold.jpg,ᨩ᩠ᨿᨦᩁᩣ᩠ᨿ,เชียงราย,เจียง-ฮาย,PayapLanna-Bold,69
images/lanna_00098_PayapLanna-Regular.jpg,ᨩ᩠ᨿᨦᩁᩣ᩠ᨿ,เชียงราย,เจียง-ฮาย,PayapLanna-Regular,78
images/lanna_00099_NotoSansTaiTham.jpg,ᨩ᩠ᨿᨦᩁᩣ᩠ᨿ,เชียงราย,เจียง-ฮาย,NotoSansTaiTham,84
images/lanna_00100_LNTilok.jpg,ᨩ᩠ᨿᨦᩁᩣ᩠ᨿ,เชียงราย,เจียง-ฮาย,LNTilok,64
images/lanna_00101_LN-TILOK-6.10.jpg,ᨩ᩠ᨿᨦᩁᩣ᩠ᨿ,เชียงราย,เจียง-ฮาย,LN-TILOK-6.10,73
images/lanna_00102_PayapLanna-Bold.jpg,ᨩ᩠ᨿᨦᩁᩣ᩠ᨿ,เชียงราย,เจียง-ฮาย,PayapLanna-Bold,79
images/lanna_00103_PayapLanna-Regular.jpg,ᨩ᩠ᨿᨦᩁᩣ᩠ᨿ,เชียงราย,เจียง-ฮาย,PayapLanna-Regular,66
images/lanna_00104_NotoSansTaiTham.jpg,ᨩ᩠ᨿᨦᩁᩣ᩠ᨿ,เชียงราย,เจียง-ฮาย,NotoSansTaiTham,65
images/lanna_00105_LNTilok.jpg,ᨩ᩠ᨿᨦᩁᩣ᩠ᨿ,เชียงราย,เจียง-ฮาย,LNTilok,63
images/lanna_00106_LN-TILOK-6.10.jpg,ᨩ᩠ᨿᨦᩁᩣ᩠ᨿ,เชียงราย,เจียง-ฮาย,LN-TILOK-6.10,83
images/lanna_00107_PayapLanna-Bold.jpg,ᨩ᩠ᨿᨦᩁᩣ᩠ᨿ,เชียงราย,เจียง-ฮาย,PayapLanna-Bold,77
images/lanna_00108_PayapLanna-Regular.jpg,ᨩ᩠ᨿᨦᩁᩣ᩠ᨿ,เชียงราย,เจียง-ฮาย,PayapLanna-Regular,75
images/lanna_00109_NotoSansTaiTham.jpg,ᨩ᩠ᨿᨦᩁᩣ᩠ᨿ,เชียงราย,เจียง-ฮาย,NotoSansTaiTham,62
images/lanna_00110_LNTilok.jpg,ᨩ᩠ᨿᨦᩁᩣ᩠ᨿ,เชียงราย,เจียง-ฮาย,LNTilok,84
images/lanna_00111_LN-TILOK-6.10.jpg,ᨩ᩠ᨿᨦᩁᩣ᩠ᨿ,เชียงราย,เจียง-ฮาย,LN-TILOK-6.10,75
images/lanna_00112_PayapLanna-Bold.jpg,ᨩ᩠ᨿᨦᩁᩣ᩠ᨿ,เชียงราย,เจียง-ฮาย,PayapLanna-Bold,67
images/lanna_00113_PayapLanna-Regular.jpg,ᨩ᩠ᨿᨦᩁᩣ᩠ᨿ,เชียงราย,เจียง-ฮาย,PayapLanna-Regular,68
images/lanna_00114_NotoSansTaiTham.jpg,ᨩ᩠ᨿᨦᩁᩣ᩠ᨿ,เชียงราย,เจียง-ฮาย,NotoSansTaiTham,62
images/lanna_00115_LNTilok.jpg,ᨩ᩠ᨿᨦᩁᩣ᩠ᨿ,เชียงราย,เจียง-ฮาย,LNTilok,63
images/lanna_00116_LN-TILOK-6.10.jpg,ᨩ᩠ᨿᨦᩁᩣ᩠ᨿ,เชียงราย,เจียง-ฮาย,LN-TILOK-6.10,85
images/lanna_00117_PayapLanna-Bold.jpg,ᨩ᩠ᨿᨦᩁᩣ᩠ᨿ,เชียงราย,เจียง-ฮาย,PayapLanna-Bold,62
images/lanna_00118_PayapLanna-Regular.jpg,ᨩ᩠ᨿᨦᩁᩣ᩠ᨿ,เชียงราย,เจียง-ฮาย,PayapLanna-Regular,63
images/lanna_00119_NotoSansTaiTham.jpg,ᨩ᩠ᨿᨦᩁᩣ᩠ᨿ,เชียงราย,เจียง-ฮาย,NotoSansTaiTham,80
images/lanna_00120_LNTilok.jpg,ᨧ᩠ᨿᨦᩁᩣ᩠ᨿ,เชียงราย,เจียง-ฮาย,LNTilok,59
images/lanna_00121_LN-TILOK-6.10.jpg,ᨧ᩠ᨿᨦᩁᩣ᩠ᨿ,เชียงราย,เจียง-ฮาย,LN-TILOK-6.10,71
images/lanna_00122_PayapLanna-Bold.jpg,ᨧ᩠ᨿᨦᩁᩣ᩠ᨿ,เชียงราย,เจียง-ฮาย,PayapLanna-Bold,82
images/lanna_00123_PayapLanna-Regular.jpg,ᨧ᩠ᨿᨦᩁᩣ᩠ᨿ,เชียงราย,เจียง-ฮาย,PayapLanna-Regular,66
images/lanna_00124_NotoSansTaiTham.jpg,ᨧ᩠ᨿᨦᩁᩣ᩠ᨿ,เชียงราย,เจียง-ฮาย,NotoSansTaiTham,62
images/lanna_00125_LNTilok.jpg,ᨧ᩠ᨿᨦᩁᩣ᩠ᨿ,เชียงราย,เจียง-ฮาย,LNTilok,61
images/lanna_00126_LN-TILOK-6.10.jpg,ᨧ᩠ᨿᨦᩁᩣ᩠ᨿ,เชียงราย,เจียง-ฮาย,LN-TILOK-6.10,83
images/lanna_00127_PayapLanna-Bold.jpg,ᨧ᩠ᨿᨦᩁᩣ᩠ᨿ,เชียงราย,เจียง-ฮาย,PayapLanna-Bold,70
images/lanna_00128_PayapLanna-Regular.jpg,ᨧ᩠ᨿᨦᩁᩣ᩠ᨿ,เชียงราย,เจียง-ฮาย,PayapLanna-Regular,72
images/lanna_00129_NotoSansTaiTham.jpg,ᨧ᩠ᨿᨦᩁᩣ᩠ᨿ,เชียงราย,เจียง-ฮาย,NotoSansTaiTham,81
images/lanna_00130_LNTilok.jpg,ᨧ᩠ᨿᨦᩁᩣ᩠ᨿ,เชียงราย,เจียง-ฮาย,LNTilok,61
images/lanna_00131_LN-TILOK-6.10.jpg,ᨧ᩠ᨿᨦᩁᩣ᩠ᨿ,เชียงราย,เจียง-ฮาย,LN-TILOK-6.10,70
images/lanna_00132_PayapLanna-Bold.jpg,ᨧ᩠ᨿᨦᩁᩣ᩠ᨿ,เชียงราย,เจียง-ฮาย,PayapLanna-Bold,76
images/lanna_00133_PayapLanna-Regular.jpg,ᨧ᩠ᨿᨦᩁᩣ᩠ᨿ,เชียงราย,เจียง-ฮาย,PayapLanna-Regular,81
images/lanna_00134_NotoSansTaiTham.jpg,ᨧ᩠ᨿᨦᩁᩣ᩠ᨿ,เชียงราย,เจียง-ฮาย,NotoSansTaiTham,84
images/lanna_00135_LNTilok.jpg,ᨧ᩠ᨿᨦᩁᩣ᩠ᨿ,เชียงราย,เจียง-ฮาย,LNTilok,82
images/lanna_00136_LN-TILOK-6.10.jpg,ᨧ᩠ᨿᨦᩁᩣ᩠ᨿ,เชียงราย,เจียง-ฮาย,LN-TILOK-6.10,74
images/lanna_00137_PayapLanna-Bold.jpg,ᨧ᩠ᨿᨦᩁᩣ᩠ᨿ,เชียงราย,เจียง-ฮาย,PayapLanna-Bold,68
images/lanna_00138_PayapLanna-Regular.jpg,ᨧ᩠ᨿᨦᩁᩣ᩠ᨿ,เชียงราย,เจียง-ฮาย,PayapLanna-Regular,63
images/lanna_00139_NotoSansTaiTham.jpg,ᨧ᩠ᨿᨦᩁᩣ᩠ᨿ,เชียงราย,เจียง-ฮาย,NotoSansTaiTham,80
images/lanna_00140_LNTilok.jpg,ᨧ᩠ᨿᨦᩁᩣ᩠ᨿ,เชียงราย,เจียง-ฮาย,LNTilok,72
images/lanna_00141_LN-TILOK-6.10.jpg,ᨧ᩠ᨿᨦᩁᩣ᩠ᨿ,เชียงราย,เจียง-ฮาย,LN-TILOK-6.10,62
images/lanna_00142_PayapLanna-Bold.jpg,ᨧ᩠ᨿᨦᩁᩣ᩠ᨿ,เชียงราย,เจียง-ฮาย,PayapLanna-Bold,73
images/lanna_00143_PayapLanna-Regular.jpg,ᨧ᩠ᨿᨦᩁᩣ᩠ᨿ,เชียงราย,เจียง-ฮาย,PayapLanna-Regular,70
images/lanna_00144_NotoSansTaiTham.jpg,ᨧ᩠ᨿᨦᩁᩣ᩠ᨿ,เชียงราย,เจียง-ฮาย,NotoSansTaiTham,66
images/lanna_00145_LNTilok.jpg,ᨧ᩠ᨿᨦᩁᩣ᩠ᨿ,เชียงราย,เจียง-ฮาย,LNTilok,80
images/lanna_00146_LN-TILOK-6.10.jpg,ᨧ᩠ᨿᨦᩁᩣ᩠ᨿ,เชียงราย,เจียง-ฮาย,LN-TILOK-6.10,61
images/lanna_00147_PayapLanna-Bold.jpg,ᨧ᩠ᨿᨦᩁᩣ᩠ᨿ,เชียงราย,เจียง-ฮาย,PayapLanna-Bold,59
images/lanna_00148_PayapLanna-Regular.jpg,ᨧ᩠ᨿᨦᩁᩣ᩠ᨿ,เชียงราย,เจียง-ฮาย,PayapLanna-Regular,85
images/lanna_00149_NotoSansTaiTham.jpg,ᨧ᩠ᨿᨦᩁᩣ᩠ᨿ,เชียงราย,เจียง-ฮาย,NotoSansTaiTham,80
images/lanna_00150_LNTilok.jpg,ᨧ᩠ᨿᨦᩁᩣ᩠ᨿ,เชียงราย,เจียง-ฮาย,LNTilok,69
images/lanna_00151_LN-TILOK-6.10.jpg,ᨧ᩠ᨿᨦᩁᩣ᩠ᨿ,เชียงราย,เจียง-ฮาย,LN-TILOK-6.10,82
images/lanna_00152_PayapLanna-Bold.jpg,ᨧ᩠ᨿᨦᩁᩣ᩠ᨿ,เชียงราย,เจียง-ฮาย,PayapLanna-Bold,62
images/lanna_00153_PayapLanna-Regular.jpg,ᨧ᩠ᨿᨦᩁᩣ᩠ᨿ,เชียงราย,เจียง-ฮาย,PayapLanna-Regular,67
images/lanna_00154_NotoSansTaiTham.jpg,ᨧ᩠ᨿᨦᩁᩣ᩠ᨿ,เชียงราย,เจียง-ฮาย,NotoSansTaiTham,85
images/lanna_00155_LNTilok.jpg,ᨧ᩠ᨿᨦᩁᩣ᩠ᨿ,เชียงราย,เจียง-ฮาย,LNTilok,72
images/lanna_00156_LN-TILOK-6.10.jpg,ᨧ᩠ᨿᨦᩁᩣ᩠ᨿ,เชียงราย,เจียง-ฮาย,LN-TILOK-6.10,64
images/lanna_00157_PayapLanna-Bold.jpg,ᨧ᩠ᨿᨦᩁᩣ᩠ᨿ,เชียงราย,เจียง-ฮาย,PayapLanna-Bold,69
images/lanna_00158_PayapLanna-Regular.jpg,ᨧ᩠ᨿᨦᩁᩣ᩠ᨿ,เชียงราย,เจียง-ฮาย,PayapLanna-Regular,76
images/lanna_00159_NotoSansTaiTham.jpg,ᨧ᩠ᨿᨦᩁᩣ᩠ᨿ,เชียงราย,เจียง-ฮาย,NotoSansTaiTham,77
images/lanna_00160_LNTilok.jpg,ᨻᩯ᩵,แพร่,แป้,LNTilok,76
images/lanna_00161_LN-TILOK-6.10.jpg,ᨻᩯ᩵,แพร่,แป้,LN-TILOK-6.10,75
images/lanna_00162_PayapLanna-Bold.jpg,ᨻᩯ᩵,แพร่,แป้,PayapLanna-Bold,68
images/lanna_00163_PayapLanna-Regular.jpg,ᨻᩯ᩵,แพร่,แป้,PayapLanna-Regular,66
images/lanna_00164_NotoSansTaiTham.jpg,ᨻᩯ᩵,แพร่,แป้,NotoSansTaiTham,61
images/lanna_00165_LNTilok.jpg,ᨻᩯ᩵,แพร่,แป้,LNTilok,63
images/lanna_00166_LN-TILOK-6.10.jpg,ᨻᩯ᩵,แพร่,แป้,LN-TILOK-6.10,76
images/lanna_00167_PayapLanna-Bold.jpg,ᨻᩯ᩵,แพร่,แป้,PayapLanna-Bold,78
images/lanna_00168_PayapLanna-Regular.jpg,ᨻᩯ᩵,แพร่,แป้,PayapLanna-Regular,82
images/lanna_00169_NotoSansTaiTham.jpg,ᨻᩯ᩵,แพร่,แป้,NotoSansTaiTham,68
images/lanna_00170_LNTilok.jpg,ᨻᩯ᩵,แพร่,แป้,LNTilok,69
images/lanna_00171_LN-TILOK-6.10.jpg,ᨻᩯ᩵,แพร่,แป้,LN-TILOK-6.10,69
images/lanna_00172_PayapLanna-Bold.jpg,ᨻᩯ᩵,แพร่,แป้,PayapLanna-Bold,83
images/lanna_00173_PayapLanna-Regular.jpg,ᨻᩯ᩵,แพร่,แป้,PayapLanna-Regular,65
images/lanna_00174_NotoSansTaiTham.jpg,ᨻᩯ᩵,แพร่,แป้,NotoSansTaiTham,72
images/lanna_00175_LNTilok.jpg,ᨻᩯ᩵,แพร่,แป้,LNTilok,71
images/lanna_00176_LN-TILOK-6.10.jpg,ᨻᩯ᩵,แพร่,แป้,LN-TILOK-6.10,62
images/lanna_00177_PayapLanna-Bold.jpg,ᨻᩯ᩵,แพร่,แป้,PayapLanna-Bold,72
images/lanna_00178_PayapLanna-Regular.jpg,ᨻᩯ᩵,แพร่,แป้,PayapLanna-Regular,84
images/lanna_00179_NotoSansTaiTham.jpg,ᨻᩯ᩵,แพร่,แป้,NotoSansTaiTham,68
images/lanna_00180_LNTilok.jpg,ᨻᩯ᩵,แพร่,แป้,LNTilok,85
images/lanna_00181_LN-TILOK-6.10.jpg,ᨻᩯ᩵,แพร่,แป้,LN-TILOK-6.10,85
images/lanna_00182_PayapLanna-Bold.jpg,ᨻᩯ᩵,แพร่,แป้,PayapLanna-Bold,68
images/lanna_00183_PayapLanna-Regular.jpg,ᨻᩯ᩵,แพร่,แป้,PayapLanna-Regular,60
images/lanna_00184_NotoSansTaiTham.jpg,ᨻᩯ᩵,แพร่,แป้,NotoSansTaiTham,85
images/lanna_00185_LNTilok.jpg,ᨻᩯ᩵,แพร่,แป้,LNTilok,72
images/lanna_00186_LN-TILOK-6.10.jpg,ᨻᩯ᩵,แพร่,แป้,LN-TILOK-6.10,80
images/lanna_00187_PayapLanna-Bold.jpg,ᨻᩯ᩵,แพร่,แป้,PayapLanna-Bold,77
images/lanna_00188_PayapLanna-Regular.jpg,ᨻᩯ᩵,แพร่,แป้,PayapLanna-Regular,65
images/lanna_00189_NotoSansTaiTham.jpg,ᨻᩯ᩵,แพร่,แป้,NotoSansTaiTham,67
images/lanna_00190_LNTilok.jpg,ᨻᩯ᩵,แพร่,แป้,LNTilok,80
images/lanna_00191_LN-TILOK-6.10.jpg,ᨻᩯ᩵,แพร่,แป้,LN-TILOK-6.10,68
images/lanna_00192_PayapLanna-Bold.jpg,ᨻᩯ᩵,แพร่,แป้,PayapLanna-Bold,69
images/lanna_00193_PayapLanna-Regular.jpg,ᨻᩯ᩵,แพร่,แป้,PayapLanna-Regular,83
images/lanna_00194_NotoSansTaiTham.jpg,ᨻᩯ᩵,แพร่,แป้,NotoSansTaiTham,64
images/lanna_00195_LNTilok.jpg,ᨻᩯ᩵,แพร่,แป้,LNTilok,83
images/lanna_00196_LN-TILOK-6.10.jpg,ᨻᩯ᩵,แพร่,แป้,LN-TILOK-6.10,85
images/lanna_00197_PayapLanna-Bold.jpg,ᨻᩯ᩵,แพร่,แป้,PayapLanna-Bold,69
images/lanna_00198_PayapLanna-Regular.jpg,ᨻᩯ᩵,แพร่,แป้,PayapLanna-Regular,62
images/lanna_00199_NotoSansTaiTham.jpg,ᨻᩯ᩵,แพร่,แป้,NotoSansTaiTham,67
images/lanna_00200_LNTilok.jpg,ᨸᩯ᩵,แพร่,แป้,LNTilok,64
images/lanna_00201_LN-TILOK-6.10.jpg,ᨸᩯ᩵,แพร่,แป้,LN-TILOK-6.10,58
images/lanna_00202_PayapLanna-Bold.jpg,ᨸᩯ᩵,แพร่,แป้,PayapLanna-Bold,70
images/lanna_00203_PayapLanna-Regular.jpg,ᨸᩯ᩵,แพร่,แป้,PayapLanna-Regular,61
images/lanna_00204_NotoSansTaiTham.jpg,ᨸᩯ᩵,แพร่,แป้,NotoSansTaiTham,69
images/lanna_00205_LNTilok.jpg,ᨸᩯ᩵,แพร่,แป้,LNTilok,65
images/lanna_00206_LN-TILOK-6.10.jpg,ᨸᩯ᩵,แพร่,แป้,LN-TILOK-6.10,74
images/lanna_00207_PayapLanna-Bold.jpg,ᨸᩯ᩵,แพร่,แป้,PayapLanna-Bold,77
images/lanna_00208_PayapLanna-Regular.jpg,ᨸᩯ᩵,แพร่,แป้,PayapLanna-Regular,62
images/lanna_00209_NotoSansTaiTham.jpg,ᨸᩯ᩵,แพร่,แป้,NotoSansTaiTham,81
images/lanna_00210_LNTilok.jpg,ᨸᩯ᩵,แพร่,แป้,LNTilok,58
images/lanna_00211_LN-TILOK-6.10.jpg,ᨸᩯ᩵,แพร่,แป้,LN-TILOK-6.10,81
images/lanna_00212_PayapLanna-Bold.jpg,ᨸᩯ᩵,แพร่,แป้,PayapLanna-Bold,68
images/lanna_00213_PayapLanna-Regular.jpg,ᨸᩯ᩵,แพร่,แป้,PayapLanna-Regular,62
images/lanna_00214_NotoSansTaiTham.jpg,ᨸᩯ᩵,แพร่,แป้,NotoSansTaiTham,75
images/lanna_00215_LNTilok.jpg,ᨸᩯ᩵,แพร่,แป้,LNTilok,83
images/lanna_00216_LN-TILOK-6.10.jpg,ᨸᩯ᩵,แพร่,แป้,LN-TILOK-6.10,77
images/lanna_00217_PayapLanna-Bold.jpg,ᨸᩯ᩵,แพร่,แป้,PayapLanna-Bold,83
images/lanna_00218_PayapLanna-Regular.jpg,ᨸᩯ᩵,แพร่,แป้,PayapLanna-Regular,72
images/lanna_00219_NotoSansTaiTham.jpg,ᨸᩯ᩵,แพร่,แป้,NotoSansTaiTham,85
images/lanna_00220_LNTilok.jpg,ᨸᩯ᩵,แพร่,แป้,LNTilok,70
images/lanna_00221_LN-TILOK-6.10.jpg,ᨸᩯ᩵,แพร่,แป้,LN-TILOK-6.10,58
images/lanna_00222_PayapLanna-Bold.jpg,ᨸᩯ᩵,แพร่,แป้,PayapLanna-Bold,64
images/lanna_00223_PayapLanna-Regular.jpg,ᨸᩯ᩵,แพร่,แป้,PayapLanna-Regular,65
images/lanna_00224_NotoSansTaiTham.jpg,ᨸᩯ᩵,แพร่,แป้,NotoSansTaiTham,63
images/lanna_00225_LNTilok.jpg,ᨸᩯ᩵,แพร่,แป้,LNTilok,67
images/lanna_00226_LN-TILOK-6.10.jpg,ᨸᩯ᩵,แพร่,แป้,LN-TILOK-6.10,61
images/lanna_00227_PayapLanna-Bold.jpg,ᨸᩯ᩵,แพร่,แป้,PayapLanna-Bold,67
images/lanna_00228_PayapLanna-Regular.jpg,ᨸᩯ᩵,แพร่,แป้,PayapLanna-Regular,69
images/lanna_00229_NotoSansTaiTham.jpg,ᨸᩯ᩵,แพร่,แป้,NotoSansTaiTham,61
images/lanna_00230_LNTilok.jpg,ᨸᩯ᩵,แพร่,แป้,LNTilok,85
images/lanna_00231_LN-TILOK-6.10.jpg,ᨸᩯ᩵,แพร่,แป้,LN-TILOK-6.10,70
images/lanna_00232_PayapLanna-Bold.jpg,ᨸᩯ᩵,แพร่,แป้,PayapLanna-Bold,81
images/lanna_00233_PayapLanna-Regular.jpg,ᨸᩯ᩵,แพร่,แป้,PayapLanna-Regular,65
images/lanna_00234_NotoSansTaiTham.jpg,ᨸᩯ᩵,แพร่,แป้,NotoSansTaiTham,70
images/lanna_00235_LNTilok.jpg,ᨸᩯ᩵,แพร่,แป้,LNTilok,59
images/lanna_00236_LN-TILOK-6.10.jpg,ᨸᩯ᩵,แพร่,แป้,LN-TILOK-6.10,77
images/lanna_00237_PayapLanna-Bold.jpg,ᨸᩯ᩵,แพร่,แป้,PayapLanna-Bold,77
images/lanna_00238_PayapLanna-Regular.jpg,ᨸᩯ᩵,แพร่,แป้,PayapLanna-Regular,61
images/lanna_00239_NotoSansTaiTham.jpg,ᨸᩯ᩵,แพร่,แป้,NotoSansTaiTham,63
images/lanna_00240_LNTilok.jpg,ᩯᨻᩕ᩵,แพร่,แพร่,LNTilok,65
images/lanna_00241_LN-TILOK-6.10.jpg,ᩯᨻᩕ᩵,แพร่,แพร่,LN-TILOK-6.10,70
images/lanna_00242_PayapLanna-Bold.jpg,ᩯᨻᩕ᩵,แพร่,แพร่,PayapLanna-Bold,77
images/lanna_00243_PayapLanna-Regular.jpg,ᩯᨻᩕ᩵,แพร่,แพร่,PayapLanna-Regular,65
images/lanna_00244_NotoSansTaiTham.jpg,ᩯᨻᩕ᩵,แพร่,แพร่,NotoSansTaiTham,61
images/lanna_00245_LNTilok.jpg,ᩯᨻᩕ᩵,แพร่,แพร่,LNTilok,64
images/lanna_00246_LN-TILOK-6.10.jpg,ᩯᨻᩕ᩵,แพร่,แพร่,LN-TILOK-6.10,62
images/lanna_00247_PayapLanna-Bold.jpg,ᩯᨻᩕ᩵,แพร่,แพร่,PayapLanna-Bold,78
images/lanna_00248_PayapLanna-Regular.jpg,ᩯᨻᩕ᩵,แพร่,แพร่,PayapLanna-Regular,75
images/lanna_00249_NotoSansTaiTham.jpg,ᩯᨻᩕ᩵,แพร่,แพร่,NotoSansTaiTham,69
images/lanna_00250_LNTilok.jpg,ᩯᨻᩕ᩵,แพร่,แพร่,LNTilok,73
images/lanna_00251_LN-TILOK-6.10.jpg,ᩯᨻᩕ᩵,แพร่,แพร่,LN-TILOK-6.10,65
images/lanna_00252_PayapLanna-Bold.jpg,ᩯᨻᩕ᩵,แพร่,แพร่,PayapLanna-Bold,81
images/lanna_00253_PayapLanna-Regular.jpg,ᩯᨻᩕ᩵,แพร่,แพร่,PayapLanna-Regular,62
images/lanna_00254_NotoSansTaiTham.jpg,ᩯᨻᩕ᩵,แพร่,แพร่,NotoSansTaiTham,61
images/lanna_00255_LNTilok.jpg,ᩯᨻᩕ᩵,แพร่,แพร่,LNTilok,63
images/lanna_00256_LN-TILOK-6.10.jpg,ᩯᨻᩕ᩵,แพร่,แพร่,LN-TILOK-6.10,70
images/lanna_00257_PayapLanna-Bold.jpg,ᩯᨻᩕ᩵,แพร่,แพร่,PayapLanna-Bold,61
images/lanna_00258_PayapLanna-Regular.jpg,ᩯᨻᩕ᩵,แพร่,แพร่,PayapLanna-Regular,73
images/lanna_00259_NotoSansTaiTham.jpg,ᩯᨻᩕ᩵,แพร่,แพร่,NotoSansTaiTham,80
images/lanna_00260_LNTilok.jpg,ᩯᨻᩕ᩵,แพร่,แพร่,LNTilok,83
images/lanna_00261_LN-TILOK-6.10.jpg,ᩯᨻᩕ᩵,แพร่,แพร่,LN-TILOK-6.10,60
images/lanna_00262_PayapLanna-Bold.jpg,ᩯᨻᩕ᩵,แพร่,แพร่,PayapLanna-Bold,59
images/lanna_00263_PayapLanna-Regular.jpg,ᩯᨻᩕ᩵,แพร่,แพร่,PayapLanna-Regular,64
images/lanna_00264_NotoSansTaiTham.jpg,ᩯᨻᩕ᩵,แพร่,แพร่,NotoSansTaiTham,74
images/lanna_00265_LNTilok.jpg,ᩯᨻᩕ᩵,แพร่,แพร่,LNTilok,82
images/lanna_00266_LN-TILOK-6.10.jpg,ᩯᨻᩕ᩵,แพร่,แพร่,LN-TILOK-6.10,79
images/lanna_00267_PayapLanna-Bold.jpg,ᩯᨻᩕ᩵,แพร่,แพร่,PayapLanna-Bold,61
images/lanna_00268_PayapLanna-Regular.jpg,ᩯᨻᩕ᩵,แพร่,แพร่,PayapLanna-Regular,75
images/lanna_00269_NotoSansTaiTham.jpg,ᩯᨻᩕ᩵,แพร่,แพร่,NotoSansTaiTham,83
images/lanna_00270_LNTilok.jpg,ᩯᨻᩕ᩵,แพร่,แพร่,LNTilok,60
images/lanna_00271_LN-TILOK-6.10.jpg,ᩯᨻᩕ᩵,แพร่,แพร่,LN-TILOK-6.10,77
images/lanna_00272_PayapLanna-Bold.jpg,ᩯᨻᩕ᩵,แพร่,แพร่,PayapLanna-Bold,68
images/lanna_00273_PayapLanna-Regular.jpg,ᩯᨻᩕ᩵,แพร่,แพร่,PayapLanna-Regular,81
images/lanna_00274_NotoSansTaiTham.jpg,ᩯᨻᩕ᩵,แพร่,แพร่,NotoSansTaiTham,84
images/lanna_00275_LNTilok.jpg,ᩯᨻᩕ᩵,แพร่,แพร่,LNTilok,78
images/lanna_00276_LN-TILOK-6.10.jpg,ᩯᨻᩕ᩵,แพร่,แพร่,LN-TILOK-6.10,64
images/lanna_00277_PayapLanna-Bold.jpg,ᩯᨻᩕ᩵,แพร่,แพร่,PayapLanna-Bold,81
images/lanna_00278_PayapLanna-Regular.jpg,ᩯᨻᩕ᩵,แพร่,แพร่,PayapLanna-Regular,83
images/lanna_00279_NotoSansTaiTham.jpg,ᩯᨻᩕ᩵,แพร่,แพร่,NotoSansTaiTham,75
images/lanna_00280_LNTilok.jpg,ᩯᨲ᩠᩵ᩃ,แพร่,แป้,LNTilok,81
images/lanna_00281_LN-TILOK-6.10.jpg,ᩯᨲ᩠᩵ᩃ,แพร่,แป้,LN-TILOK-6.10,70
images/lanna_00282_PayapLanna-Bold.jpg,ᩯᨲ᩠᩵ᩃ,แพร่,แป้,PayapLanna-Bold,61
images/lanna_00283_PayapLanna-Regular.jpg,ᩯᨲ᩠᩵ᩃ,แพร่,แป้,PayapLanna-Regular,81
images/lanna_00284_NotoSansTaiTham.jpg,ᩯᨲ᩠᩵ᩃ,แพร่,แป้,NotoSansTaiTham,60
images/lanna_00285_LNTilok.jpg,ᩯᨲ᩠᩵ᩃ,แพร่,แป้,LNTilok,81
images/lanna_00286_LN-TILOK-6.10.jpg,ᩯᨲ᩠᩵ᩃ,แพร่,แป้,LN-TILOK-6.10,85
images/lanna_00287_PayapLanna-Bold.jpg,ᩯᨲ᩠᩵ᩃ,แพร่,แป้,PayapLanna-Bold,67
images/lanna_00288_PayapLanna-Regular.jpg,ᩯᨲ᩠᩵ᩃ,แพร่,แป้,PayapLanna-Regular,75
images/lanna_00289_NotoSansTaiTham.jpg,ᩯᨲ᩠᩵ᩃ,แพร่,แป้,NotoSansTaiTham,62
images/lanna_00290_LNTilok.jpg,ᩯᨲ᩠᩵ᩃ,แพร่,แป้,LNTilok,67
images/lanna_00291_LN-TILOK-6.10.jpg,ᩯᨲ᩠᩵ᩃ,แพร่,แป้,LN-TILOK-6.10,59
images/lanna_00292_PayapLanna-Bold.jpg,ᩯᨲ᩠᩵ᩃ,แพร่,แป้,PayapLanna-Bold,77
images/lanna_00293_PayapLanna-Regular.jpg,ᩯᨲ᩠᩵ᩃ,แพร่,แป้,PayapLanna-Regular,68
images/lanna_00294_NotoSansTaiTham.jpg,ᩯᨲ᩠᩵ᩃ,แพร่,แป้,NotoSansTaiTham,65
images/lanna_00295_LNTilok.jpg,ᩯᨲ᩠᩵ᩃ,แพร่,แป้,LNTilok,70
images/lanna_00296_LN-TILOK-6.10.jpg,ᩯᨲ᩠᩵ᩃ,แพร่,แป้,LN-TILOK-6.10,70
images/lanna_00297_PayapLanna-Bold.jpg,ᩯᨲ᩠᩵ᩃ,แพร่,แป้,PayapLanna-Bold,60
images/lanna_00298_PayapLanna-Regular.jpg,ᩯᨲ᩠᩵ᩃ,แพร่,แป้,PayapLanna-Regular,64
images/lanna_00299_NotoSansTaiTham.jpg,ᩯᨲ᩠᩵ᩃ,แพร่,แป้,NotoSansTaiTham,81
images/lanna_00300_LNTilok.jpg,ᩯᨲ᩠᩵ᩃ,แพร่,แป้,LNTilok,62
images/lanna_00301_LN-TILOK-6.10.jpg,ᩯᨲ᩠᩵ᩃ,แพร่,แป้,LN-TILOK-6.10,65
images/lanna_00302_PayapLanna-Bold.jpg,ᩯᨲ᩠᩵ᩃ,แพร่,แป้,PayapLanna-Bold,61
images/lanna_00303_PayapLanna-Regular.jpg,ᩯᨲ᩠᩵ᩃ,แพร่,แป้,PayapLanna-Regular,62
images/lanna_00304_NotoSansTaiTham.jpg,ᩯᨲ᩠᩵ᩃ,แพร่,แป้,NotoSansTaiTham,61
images/lanna_00305_LNTilok.jpg,ᩯᨲ᩠᩵ᩃ,แพร่,แป้,LNTilok,64
images/lanna_00306_LN-TILOK-6.10.jpg,ᩯᨲ᩠᩵ᩃ,แพร่,แป้,LN-TILOK-6.10,61
images/lanna_00307_PayapLanna-Bold.jpg,ᩯᨲ᩠᩵ᩃ,แพร่,แป้,PayapLanna-Bold,71
images/lanna_00308_PayapLanna-Regular.jpg,ᩯᨲ᩠᩵ᩃ,แพร่,แป้,PayapLanna-Regular,64
images/lanna_00309_NotoSansTaiTham.jpg,ᩯᨲ᩠᩵ᩃ,แพร่,แป้,NotoSansTaiTham,71
images/lanna_00310_LNTilok.jpg,ᩯᨲ᩠᩵ᩃ,แพร่,แป้,LNTilok,69
images/lanna_00311_LN-TILOK-6.10.jpg,ᩯᨲ᩠᩵ᩃ,แพร่,แป้,LN-TILOK-6.10,63
images/lanna_00312_PayapLanna-Bold.jpg,ᩯᨲ᩠᩵ᩃ,แพร่,แป้,PayapLanna-Bold,75
images/lanna_00313_PayapLanna-Regular.jpg,ᩯᨲ᩠᩵ᩃ,แพร่,แป้,PayapLanna-Regular,72
images/lanna_00314_NotoSansTaiTham.jpg,ᩯᨲ᩠᩵ᩃ,แพร่,แป้,NotoSansTaiTham,63
images/lanna_00315_LNTilok.jpg,ᩯᨲ᩠᩵ᩃ,แพร่,แป้,LNTilok,62
images/lanna_00316_LN-TILOK-6.10.jpg,ᩯᨲ᩠᩵ᩃ,แพร่,แป้,LN-TILOK-6.10,74
images/lanna_00317_PayapLanna-Bold.jpg,ᩯᨲ᩠᩵ᩃ,แพร่,แป้,PayapLanna-Bold,78
images/lanna_00318_PayapLanna-Regular.jpg,ᩯᨲ᩠᩵ᩃ,แพร่,แป้,PayapLanna-Regular,69
images/lanna_00319_NotoSansTaiTham.jpg,ᩯᨲ᩠᩵ᩃ,แพร่,แป้,NotoSansTaiTham,58
images/lanna_00320_LNTilok.jpg,ᨶ᩵ᩣ᩠ᨶ,น่าน,น่าน,LNTilok,80
images/lanna_00321_LN-TILOK-6.10.jpg,ᨶ᩵ᩣ᩠ᨶ,น่าน,น่าน,LN-TILOK-6.10,73
images/lanna_00322_PayapLanna-Bold.jpg,ᨶ᩵ᩣ᩠ᨶ,น่าน,น่าน,PayapLanna-Bold,69
images/lanna_00323_PayapLanna-Regular.jpg,ᨶ᩵ᩣ᩠ᨶ,น่าน,น่าน,PayapLanna-Regular,75
images/lanna_00324_NotoSansTaiTham.jpg,ᨶ᩵ᩣ᩠ᨶ,น่าน,น่าน,NotoSansTaiTham,74
images/lanna_00325_LNTilok.jpg,ᨶ᩵ᩣ᩠ᨶ,น่าน,น่าน,LNTilok,84
images/lanna_00326_LN-TILOK-6.10.jpg,ᨶ᩵ᩣ᩠ᨶ,น่าน,น่าน,LN-TILOK-6.10,62
images/lanna_00327_PayapLanna-Bold.jpg,ᨶ᩵ᩣ᩠ᨶ,น่าน,น่าน,PayapLanna-Bold,80
images/lanna_00328_PayapLanna-Regular.jpg,ᨶ᩵ᩣ᩠ᨶ,น่าน,น่าน,PayapLanna-Regular,60
images/lanna_00329_NotoSansTaiTham.jpg,ᨶ᩵ᩣ᩠ᨶ,น่าน,น่าน,NotoSansTaiTham,79
images/lanna_00330_LNTilok.jpg,ᨶ᩵ᩣ᩠ᨶ,น่าน,น่าน,LNTilok,73
images/lanna_00331_LN-TILOK-6.10.jpg,ᨶ᩵ᩣ᩠ᨶ,น่าน,น่าน,LN-TILOK-6.10,66
images/lanna_00332_PayapLanna-Bold.jpg,ᨶ᩵ᩣ᩠ᨶ,น่าน,น่าน,PayapLanna-Bold,63
images/lanna_00333_PayapLanna-Regular.jpg,ᨶ᩵ᩣ᩠ᨶ,น่าน,น่าน,PayapLanna-Regular,66
images/lanna_00334_NotoSansTaiTham.jpg,ᨶ᩵ᩣ᩠ᨶ,น่าน,น่าน,NotoSansTaiTham,80
images/lanna_00335_LNTilok.jpg,ᨶ᩵ᩣ᩠ᨶ,น่าน,น่าน,LNTilok,81
images/lanna_00336_LN-TILOK-6.10.jpg,ᨶ᩵ᩣ᩠ᨶ,น่าน,น่าน,LN-TILOK-6.10,80
images/lanna_00337_PayapLanna-Bold.jpg,ᨶ᩵ᩣ᩠ᨶ,น่าน,น่าน,PayapLanna-Bold,75
images/lanna_00338_PayapLanna-Regular.jpg,ᨶ᩵ᩣ᩠ᨶ,น่าน,น่าน,PayapLanna-Regular,62
images/lanna_00339_NotoSansTaiTham.jpg,ᨶ᩵ᩣ᩠ᨶ,น่าน,น่าน,NotoSansTaiTham,65
images/lanna_00340_LNTilok.jpg,ᨶ᩵ᩣ᩠ᨶ,น่าน,น่าน,LNTilok,81
images/lanna_00341_LN-TILOK-6.10.jpg,ᨶ᩵ᩣ᩠ᨶ,น่าน,น่าน,LN-TILOK-6.10,73
images/lanna_00342_PayapLanna-Bold.jpg,ᨶ᩵ᩣ᩠ᨶ,น่าน,น่าน,PayapLanna-Bold,65
images/lanna_00343_PayapLanna-Regular.jpg,ᨶ᩵ᩣ᩠ᨶ,น่าน,น่าน,PayapLanna-Regular,71
images/lanna_00344_NotoSansTaiTham.jpg,ᨶ᩵ᩣ᩠ᨶ,น่าน,น่าน,NotoSansTaiTham,82
images/lanna_00345_LNTilok.jpg,ᨶ᩵ᩣ᩠ᨶ,น่าน,น่าน,LNTilok,62
images/lanna_00346_LN-TILOK-6.10.jpg,ᨶ᩵ᩣ᩠ᨶ,น่าน,น่าน,LN-TILOK-6.10,79
images/lanna_00347_PayapLanna-Bold.jpg,ᨶ᩵ᩣ᩠ᨶ,น่าน,น่าน,PayapLanna-Bold,73
images/lanna_00348_PayapLanna-Regular.jpg,ᨶ᩵ᩣ᩠ᨶ,น่าน,น่าน,PayapLanna-Regular,68
images/lanna_00349_NotoSansTaiTham.jpg,ᨶ᩵ᩣ᩠ᨶ,น่าน,น่าน,NotoSansTaiTham,81
images/lanna_00350_LNTilok.jpg,ᨶ᩵ᩣ᩠ᨶ,น่าน,น่าน,LNTilok,58
images/lanna_00351_LN-TILOK-6.10.jpg,ᨶ᩵ᩣ᩠ᨶ,น่าน,น่าน,LN-TILOK-6.10,74
images/lanna_00352_PayapLanna-Bold.jpg,ᨶ᩵ᩣ᩠ᨶ,น่าน,น่าน,PayapLanna-Bold,58
images/lanna_00353_PayapLanna-Regular.jpg,ᨶ᩵ᩣ᩠ᨶ,น่าน,น่าน,PayapLanna-Regular,69
images/lanna_00354_NotoSansTaiTham.jpg,ᨶ᩵ᩣ᩠ᨶ,น่าน,น่าน,NotoSansTaiTham,76
images/lanna_00355_LNTilok.jpg,ᨶ᩵ᩣ᩠ᨶ,น่าน,น่าน,LNTilok,78
images/lanna_00356_LN-TILOK-6.10.jpg,ᨶ᩵ᩣ᩠ᨶ,น่าน,น่าน,LN-TILOK-6.10,62
images/lanna_00357_PayapLanna-Bold.jpg,ᨶ᩵ᩣ᩠ᨶ,น่าน,น่าน,PayapLanna-Bold,75
images/lanna_00358_PayapLanna-Regular.jpg,ᨶ᩵ᩣ᩠ᨶ,น่าน,น่าน,PayapLanna-Regular,58
images/lanna_00359_NotoSansTaiTham.jpg,ᨶ᩵ᩣ᩠ᨶ,น่าน,น่าน,NotoSansTaiTham,64
images/lanna_00360_LNTilok.jpg,ᨶᩣ᩠ᨶ,น่าน,น่าน,LNTilok,70
images/lanna_00361_LN-TILOK-6.10.jpg,ᨶᩣ᩠ᨶ,น่าน,น่าน,LN-TILOK-6.10,75
images/lanna_00362_PayapLanna-Bold.jpg,ᨶᩣ᩠ᨶ,น่าน,น่าน,PayapLanna-Bold,69
images/lanna_00363_PayapLanna-Regular.jpg,ᨶᩣ᩠ᨶ,น่าน,น่าน,PayapLanna-Regular,83
images/lanna_00364_NotoSansTaiTham.jpg,ᨶᩣ᩠ᨶ,น่าน,น่าน,NotoSansTaiTham,77
images/lanna_00365_LNTilok.jpg,ᨶᩣ᩠ᨶ,น่าน,น่าน,LNTilok,77
images/lanna_00366_LN-TILOK-6.10.jpg,ᨶᩣ᩠ᨶ,น่าน,น่าน,LN-TILOK-6.10,84
images/lanna_00367_PayapLanna-Bold.jpg,ᨶᩣ᩠ᨶ,น่าน,น่าน,PayapLanna-Bold,70
images/lanna_00368_PayapLanna-Regular.jpg,ᨶᩣ᩠ᨶ,น่าน,น่าน,PayapLanna-Regular,80
images/lanna_00369_NotoSansTaiTham.jpg,ᨶᩣ᩠ᨶ,น่าน,น่าน,NotoSansTaiTham,84
images/lanna_00370_LNTilok.jpg,ᨶᩣ᩠ᨶ,น่าน,น่าน,LNTilok,75
images/lanna_00371_LN-TILOK-6.10.jpg,ᨶᩣ᩠ᨶ,น่าน,น่าน,LN-TILOK-6.10,81
images/lanna_00372_PayapLanna-Bold.jpg,ᨶᩣ᩠ᨶ,น่าน,น่าน,PayapLanna-Bold,83
images/lanna_00373_PayapLanna-Regular.jpg,ᨶᩣ᩠ᨶ,น่าน,น่าน,PayapLanna-Regular,59
images/lanna_00374_NotoSansTaiTham.jpg,ᨶᩣ᩠ᨶ,น่าน,น่าน,NotoSansTaiTham,84
images/lanna_00375_LNTilok.jpg,ᨶᩣ᩠ᨶ,น่าน,น่าน,LNTilok,82
images/lanna_00376_LN-TILOK-6.10.jpg,ᨶᩣ᩠ᨶ,น่าน,น่าน,LN-TILOK-6.10,73
images/lanna_00377_PayapLanna-Bold.jpg,ᨶᩣ᩠ᨶ,น่าน,น่าน,PayapLanna-Bold,72
images/lanna_00378_PayapLanna-Regular.jpg,ᨶᩣ᩠ᨶ,น่าน,น่าน,PayapLanna-Regular,82
images/lanna_00379_NotoSansTaiTham.jpg,ᨶᩣ᩠ᨶ,น่าน,น่าน,NotoSansTaiTham,68
images/lanna_00380_LNTilok.jpg,ᨶᩣ᩠ᨶ,น่าน,น่าน,LNTilok,77
images/lanna_00381_LN-TILOK-6.10.jpg,ᨶᩣ᩠ᨶ,น่าน,น่าน,LN-TILOK-6.10,82
images/lanna_00382_PayapLanna-Bold.jpg,ᨶᩣ᩠ᨶ,น่าน,น่าน,PayapLanna-Bold,58
images/lanna_00383_PayapLanna-Regular.jpg,ᨶᩣ᩠ᨶ,น่าน,น่าน,PayapLanna-Regular,84
images/lanna_00384_NotoSansTaiTham.jpg,ᨶᩣ᩠ᨶ,น่าน,น่าน,NotoSansTaiTham,77
images/lanna_00385_LNTilok.jpg,ᨶᩣ᩠ᨶ,น่าน,น่าน,LNTilok,60
images/lanna_00386_LN-TILOK-6.10.jpg,ᨶᩣ᩠ᨶ,น่าน,น่าน,LN-TILOK-6.10,62
images/lanna_00387_PayapLanna-Bold.jpg,ᨶᩣ᩠ᨶ,น่าน,น่าน,PayapLanna-Bold,61
images/lanna_00388_PayapLanna-Regular.jpg,ᨶᩣ᩠ᨶ,น่าน,น่าน,PayapLanna-Regular,72
images/lanna_00389_NotoSansTaiTham.jpg,ᨶᩣ᩠ᨶ,น่าน,น่าน,NotoSansTaiTham,83
images/lanna_00390_LNTilok.jpg,ᨶᩣ᩠ᨶ,น่าน,น่าน,LNTilok,68
images/lanna_00391_LN-TILOK-6.10.jpg,ᨶᩣ᩠ᨶ,น่าน,น่าน,LN-TILOK-6.10,72
images/lanna_00392_PayapLanna-Bold.jpg,ᨶᩣ᩠ᨶ,น่าน,น่าน,PayapLanna-Bold,63
images/lanna_00393_PayapLanna-Regular.jpg,ᨶᩣ᩠ᨶ,น่าน,น่าน,PayapLanna-Regular,69
images/lanna_00394_NotoSansTaiTham.jpg,ᨶᩣ᩠ᨶ,น่าน,น่าน,NotoSansTaiTham,80
images/lanna_00395_LNTilok.jpg,ᨶᩣ᩠ᨶ,น่าน,น่าน,LNTilok,63
images/lanna_00396_LN-TILOK-6.10.jpg,ᨶᩣ᩠ᨶ,น่าน,น่าน,LN-TILOK-6.10,83
images/lanna_00397_PayapLanna-Bold.jpg,ᨶᩣ᩠ᨶ,น่าน,น่าน,PayapLanna-Bold,75
images/lanna_00398_PayapLanna-Regular.jpg,ᨶᩣ᩠ᨶ,น่าน,น่าน,PayapLanna-Regular,72
images/lanna_00399_NotoSansTaiTham.jpg,ᨶᩣ᩠ᨶ,น่าน,น่าน,NotoSansTaiTham,73
images/lanna_00400_LNTilok.jpg,ᨾᩯ᩵ᩁᩬ᩠ᨦᩈᩬᩁ,แม่ฮ่องสอน,แม่-ฮ่อง-สอน,LNTilok,74
images/lanna_00401_LN-TILOK-6.10.jpg,ᨾᩯ᩵ᩁᩬ᩠ᨦᩈᩬᩁ,แม่ฮ่องสอน,แม่-ฮ่อง-สอน,LN-TILOK-6.10,69
images/lanna_00402_PayapLanna-Bold.jpg,ᨾᩯ᩵ᩁᩬ᩠ᨦᩈᩬᩁ,แม่ฮ่องสอน,แม่-ฮ่อง-สอน,PayapLanna-Bold,63
images/lanna_00403_PayapLanna-Regular.jpg,ᨾᩯ᩵ᩁᩬ᩠ᨦᩈᩬᩁ,แม่ฮ่องสอน,แม่-ฮ่อง-สอน,PayapLanna-Regular,76
images/lanna_00404_NotoSansTaiTham.jpg,ᨾᩯ᩵ᩁᩬ᩠ᨦᩈᩬᩁ,แม่ฮ่องสอน,แม่-ฮ่อง-สอน,NotoSansTaiTham,84
images/lanna_00405_LNTilok.jpg,ᨾᩯ᩵ᩁᩬ᩠ᨦᩈᩬᩁ,แม่ฮ่องสอน,แม่-ฮ่อง-สอน,LNTilok,66
images/lanna_00406_LN-TILOK-6.10.jpg,ᨾᩯ᩵ᩁᩬ᩠ᨦᩈᩬᩁ,แม่ฮ่องสอน,แม่-ฮ่อง-สอน,LN-TILOK-6.10,82
images/lanna_00407_PayapLanna-Bold.jpg,ᨾᩯ᩵ᩁᩬ᩠ᨦᩈᩬᩁ,แม่ฮ่องสอน,แม่-ฮ่อง-สอน,PayapLanna-Bold,64
images/lanna_00408_PayapLanna-Regular.jpg,ᨾᩯ᩵ᩁᩬ᩠ᨦᩈᩬᩁ,แม่ฮ่องสอน,แม่-ฮ่อง-สอน,PayapLanna-Regular,64
images/lanna_00409_NotoSansTaiTham.jpg,ᨾᩯ᩵ᩁᩬ᩠ᨦᩈᩬᩁ,แม่ฮ่องสอน,แม่-ฮ่อง-สอน,NotoSansTaiTham,76
images/lanna_00410_LNTilok.jpg,ᨾᩯ᩵ᩁᩬ᩠ᨦᩈᩬᩁ,แม่ฮ่องสอน,แม่-ฮ่อง-สอน,LNTilok,78
images/lanna_00411_LN-TILOK-6.10.jpg,ᨾᩯ᩵ᩁᩬ᩠ᨦᩈᩬᩁ,แม่ฮ่องสอน,แม่-ฮ่อง-สอน,LN-TILOK-6.10,59
images/lanna_00412_PayapLanna-Bold.jpg,ᨾᩯ᩵ᩁᩬ᩠ᨦᩈᩬᩁ,แม่ฮ่องสอน,แม่-ฮ่อง-สอน,PayapLanna-Bold,79
images/lanna_00413_PayapLanna-Regular.jpg,ᨾᩯ᩵ᩁᩬ᩠ᨦᩈᩬᩁ,แม่ฮ่องสอน,แม่-ฮ่อง-สอน,PayapLanna-Regular,67
images/lanna_00414_NotoSansTaiTham.jpg,ᨾᩯ᩵ᩁᩬ᩠ᨦᩈᩬᩁ,แม่ฮ่องสอน,แม่-ฮ่อง-สอน,NotoSansTaiTham,78
images/lanna_00415_LNTilok.jpg,ᨾᩯ᩵ᩁᩬ᩠ᨦᩈᩬᩁ,แม่ฮ่องสอน,แม่-ฮ่อง-สอน,LNTilok,80
images/lanna_00416_LN-TILOK-6.10.jpg,ᨾᩯ᩵ᩁᩬ᩠ᨦᩈᩬᩁ,แม่ฮ่องสอน,แม่-ฮ่อง-สอน,LN-TILOK-6.10,83
images/lanna_00417_PayapLanna-Bold.jpg,ᨾᩯ᩵ᩁᩬ᩠ᨦᩈᩬᩁ,แม่ฮ่องสอน,แม่-ฮ่อง-สอน,PayapLanna-Bold,72
images/lanna_00418_PayapLanna-Regular.jpg,ᨾᩯ᩵ᩁᩬ᩠ᨦᩈᩬᩁ,แม่ฮ่องสอน,แม่-ฮ่อง-สอน,PayapLanna-Regular,59
images/lanna_00419_NotoSansTaiTham.jpg,ᨾᩯ᩵ᩁᩬ᩠ᨦᩈᩬᩁ,แม่ฮ่องสอน,แม่-ฮ่อง-สอน,NotoSansTaiTham,70
images/lanna_00420_LNTilok.jpg,ᨾᩯ᩵ᩁᩬ᩠ᨦᩈᩬᩁ,แม่ฮ่องสอน,แม่-ฮ่อง-สอน,LNTilok,73
images/lanna_00421_LN-TILOK-6.10.jpg,ᨾᩯ᩵ᩁᩬ᩠ᨦᩈᩬᩁ,แม่ฮ่องสอน,แม่-ฮ่อง-สอน,LN-TILOK-6.10,77
images/lanna_00422_PayapLanna-Bold.jpg,ᨾᩯ᩵ᩁᩬ᩠ᨦᩈᩬᩁ,แม่ฮ่องสอน,แม่-ฮ่อง-สอน,PayapLanna-Bold,70
images/lanna_00423_PayapLanna-Regular.jpg,ᨾᩯ᩵ᩁᩬ᩠ᨦᩈᩬᩁ,แม่ฮ่องสอน,แม่-ฮ่อง-สอน,PayapLanna-Regular,65
images/lanna_00424_NotoSansTaiTham.jpg,ᨾᩯ᩵ᩁᩬ᩠ᨦᩈᩬᩁ,แม่ฮ่องสอน,แม่-ฮ่อง-สอน,NotoSansTaiTham,79
images/lanna_00425_LNTilok.jpg,ᨾᩯ᩵ᩁᩬ᩠ᨦᩈᩬᩁ,แม่ฮ่องสอน,แม่-ฮ่อง-สอน,LNTilok,69
images/lanna_00426_LN-TILOK-6.10.jpg,ᨾᩯ᩵ᩁᩬ᩠ᨦᩈᩬᩁ,แม่ฮ่องสอน,แม่-ฮ่อง-สอน,LN-TILOK-6.10,66
images/lanna_00427_PayapLanna-Bold.jpg,ᨾᩯ᩵ᩁᩬ᩠ᨦᩈᩬᩁ,แม่ฮ่องสอน,แม่-ฮ่อง-สอน,PayapLanna-Bold,77
images/lanna_00428_PayapLanna-Regular.jpg,ᨾᩯ᩵ᩁᩬ᩠ᨦᩈᩬᩁ,แม่ฮ่องสอน,แม่-ฮ่อง-สอน,PayapLanna-Regular,64
images/lanna_00429_NotoSansTaiTham.jpg,ᨾᩯ᩵ᩁᩬ᩠ᨦᩈᩬᩁ,แม่ฮ่องสอน,แม่-ฮ่อง-สอน,NotoSansTaiTham,73
images/lanna_00430_LNTilok.jpg,ᨾᩯ᩵ᩁᩬ᩠ᨦᩈᩬᩁ,แม่ฮ่องสอน,แม่-ฮ่อง-สอน,LNTilok,85
images/lanna_00431_LN-TILOK-6.10.jpg,ᨾᩯ᩵ᩁᩬ᩠ᨦᩈᩬᩁ,แม่ฮ่องสอน,แม่-ฮ่อง-สอน,LN-TILOK-6.10,60
images/lanna_00432_PayapLanna-Bold.jpg,ᨾᩯ᩵ᩁᩬ᩠ᨦᩈᩬᩁ,แม่ฮ่องสอน,แม่-ฮ่อง-สอน,PayapLanna-Bold,83
images/lanna_00433_PayapLanna-Regular.jpg,ᨾᩯ᩵ᩁᩬ᩠ᨦᩈᩬᩁ,แม่ฮ่องสอน,แม่-ฮ่อง-สอน,PayapLanna-Regular,78
images/lanna_00434_NotoSansTaiTham.jpg,ᨾᩯ᩵ᩁᩬ᩠ᨦᩈᩬᩁ,แม่ฮ่องสอน,แม่-ฮ่อง-สอน,NotoSansTaiTham,72
images/lanna_00435_LNTilok.jpg,ᨾᩯ᩵ᩁᩬ᩠ᨦᩈᩬᩁ,แม่ฮ่องสอน,แม่-ฮ่อง-สอน,LNTilok,67
images/lanna_00436_LN-TILOK-6.10.jpg,ᨾᩯ᩵ᩁᩬ᩠ᨦᩈᩬᩁ,แม่ฮ่องสอน,แม่-ฮ่อง-สอน,LN-TILOK-6.10,73
images/lanna_00437_PayapLanna-Bold.jpg,ᨾᩯ᩵ᩁᩬ᩠ᨦᩈᩬᩁ,แม่ฮ่องสอน,แม่-ฮ่อง-สอน,PayapLanna-Bold,79
images/lanna_00438_PayapLanna-Regular.jpg,ᨾᩯ᩵ᩁᩬ᩠ᨦᩈᩬᩁ,แม่ฮ่องสอน,แม่-ฮ่อง-สอน,PayapLanna-Regular,77
images/lanna_00439_NotoSansTaiTham.jpg,ᨾᩯ᩵ᩁᩬ᩠ᨦᩈᩬᩁ,แม่ฮ่องสอน,แม่-ฮ่อง-สอน,NotoSansTaiTham,58
images/lanna_00440_LNTilok.jpg,ᨾᩯ᩵ᩌᩬ᩠ᨦᩈᩬᩁ,แม่ฮ่องสอน,แม่-ฮ่อง-สอน,LNTilok,78
images/lanna_00441_LN-TILOK-6.10.jpg,ᨾᩯ᩵ᩌᩬ᩠ᨦᩈᩬᩁ,แม่ฮ่องสอน,แม่-ฮ่อง-สอน,LN-TILOK-6.10,75
images/lanna_00442_PayapLanna-Bold.jpg,ᨾᩯ᩵ᩌᩬ᩠ᨦᩈᩬᩁ,แม่ฮ่องสอน,แม่-ฮ่อง-สอน,PayapLanna-Bold,72
images/lanna_00443_PayapLanna-Regular.jpg,ᨾᩯ᩵ᩌᩬ᩠ᨦᩈᩬᩁ,แม่ฮ่องสอน,แม่-ฮ่อง-สอน,PayapLanna-Regular,64
images/lanna_00444_NotoSansTaiTham.jpg,ᨾᩯ᩵ᩌᩬ᩠ᨦᩈᩬᩁ,แม่ฮ่องสอน,แม่-ฮ่อง-สอน,NotoSansTaiTham,84
images/lanna_00445_LNTilok.jpg,ᨾᩯ᩵ᩌᩬ᩠ᨦᩈᩬᩁ,แม่ฮ่องสอน,แม่-ฮ่อง-สอน,LNTilok,71
images/lanna_00446_LN-TILOK-6.10.jpg,ᨾᩯ᩵ᩌᩬ᩠ᨦᩈᩬᩁ,แม่ฮ่องสอน,แม่-ฮ่อง-สอน,LN-TILOK-6.10,85
images/lanna_00447_PayapLanna-Bold.jpg,ᨾᩯ᩵ᩌᩬ᩠ᨦᩈᩬᩁ,แม่ฮ่องสอน,แม่-ฮ่อง-สอน,PayapLanna-Bold,85
images/lanna_00448_PayapLanna-Regular.jpg,ᨾᩯ᩵ᩌᩬ᩠ᨦᩈᩬᩁ,แม่ฮ่องสอน,แม่-ฮ่อง-สอน,PayapLanna-Regular,65
images/lanna_00449_NotoSansTaiTham.jpg,ᨾᩯ᩵ᩌᩬ᩠ᨦᩈᩬᩁ,แม่ฮ่องสอน,แม่-ฮ่อง-สอน,NotoSansTaiTham,61
images/lanna_00450_LNTilok.jpg,ᨾᩯ᩵ᩌᩬ᩠ᨦᩈᩬᩁ,แม่ฮ่องสอน,แม่-ฮ่อง-สอน,LNTilok,70
images/lanna_00451_LN-TILOK-6.10.jpg,ᨾᩯ᩵ᩌᩬ᩠ᨦᩈᩬᩁ,แม่ฮ่องสอน,แม่-ฮ่อง-สอน,LN-TILOK-6.10,59
images/lanna_00452_PayapLanna-Bold.jpg,ᨾᩯ᩵ᩌᩬ᩠ᨦᩈᩬᩁ,แม่ฮ่องสอน,แม่-ฮ่อง-สอน,PayapLanna-Bold,78
images/lanna_00453_PayapLanna-Regular.jpg,ᨾᩯ᩵ᩌᩬ᩠ᨦᩈᩬᩁ,แม่ฮ่องสอน,แม่-ฮ่อง-สอน,PayapLanna-Regular,72
images/lanna_00454_NotoSansTaiTham.jpg,ᨾᩯ᩵ᩌᩬ᩠ᨦᩈᩬᩁ,แม่ฮ่องสอน,แม่-ฮ่อง-สอน,NotoSansTaiTham,79
images/lanna_00455_LNTilok.jpg,ᨾᩯ᩵ᩌᩬ᩠ᨦᩈᩬᩁ,แม่ฮ่องสอน,แม่-ฮ่อง-สอน,LNTilok,59
images/lanna_00456_LN-TILOK-6.10.jpg,ᨾᩯ᩵ᩌᩬ᩠ᨦᩈᩬᩁ,แม่ฮ่องสอน,แม่-ฮ่อง-สอน,LN-TILOK-6.10,82
images/lanna_00457_PayapLanna-Bold.jpg,ᨾᩯ᩵ᩌᩬ᩠ᨦᩈᩬᩁ,แม่ฮ่องสอน,แม่-ฮ่อง-สอน,PayapLanna-Bold,72
images/lanna_00458_PayapLanna-Regular.jpg,ᨾᩯ᩵ᩌᩬ᩠ᨦᩈᩬᩁ,แม่ฮ่องสอน,แม่-ฮ่อง-สอน,PayapLanna-Regular,69
images/lanna_00459_NotoSansTaiTham.jpg,ᨾᩯ᩵ᩌᩬ᩠ᨦᩈᩬᩁ,แม่ฮ่องสอน,แม่-ฮ่อง-สอน,NotoSansTaiTham,83
images/lanna_00460_LNTilok.jpg,ᨾᩯ᩵ᩌᩬ᩠ᨦᩈᩬᩁ,แม่ฮ่องสอน,แม่-ฮ่อง-สอน,LNTilok,64
images/lanna_00461_LN-TILOK-6.10.jpg,ᨾᩯ᩵ᩌᩬ᩠ᨦᩈᩬᩁ,แม่ฮ่องสอน,แม่-ฮ่อง-สอน,LN-TILOK-6.10,64
images/lanna_00462_PayapLanna-Bold.jpg,ᨾᩯ᩵ᩌᩬ᩠ᨦᩈᩬᩁ,แม่ฮ่องสอน,แม่-ฮ่อง-สอน,PayapLanna-Bold,84
images/lanna_00463_PayapLanna-Regular.jpg,ᨾᩯ᩵ᩌᩬ᩠ᨦᩈᩬᩁ,แม่ฮ่องสอน,แม่-ฮ่อง-สอน,PayapLanna-Regular,84
images/lanna_00464_NotoSansTaiTham.jpg,ᨾᩯ᩵ᩌᩬ᩠ᨦᩈᩬᩁ,แม่ฮ่องสอน,แม่-ฮ่อง-สอน,NotoSansTaiTham,82
images/lanna_00465_LNTilok.jpg,ᨾᩯ᩵ᩌᩬ᩠ᨦᩈᩬᩁ,แม่ฮ่องสอน,แม่-ฮ่อง-สอน,LNTilok,70
images/lanna_00466_LN-TILOK-6.10.jpg,ᨾᩯ᩵ᩌᩬ᩠ᨦᩈᩬᩁ,แม่ฮ่องสอน,แม่-ฮ่อง-สอน,LN-TILOK-6.10,63
images/lanna_00467_PayapLanna-Bold.jpg,ᨾᩯ᩵ᩌᩬ᩠ᨦᩈᩬᩁ,แม่ฮ่องสอน,แม่-ฮ่อง-สอน,PayapLanna-Bold,71
images/lanna_00468_PayapLanna-Regular.jpg,ᨾᩯ᩵ᩌᩬ᩠ᨦᩈᩬᩁ,แม่ฮ่องสอน,แม่-ฮ่อง-สอน,PayapLanna-Regular,83
images/lanna_00469_NotoSansTaiTham.jpg,ᨾᩯ᩵ᩌᩬ᩠ᨦᩈᩬᩁ,แม่ฮ่องสอน,แม่-ฮ่อง-สอน,NotoSansTaiTham,74
images/lanna_00470_LNTilok.jpg,ᨾᩯ᩵ᩌᩬ᩠ᨦᩈᩬᩁ,แม่ฮ่องสอน,แม่-ฮ่อง-สอน,LNTilok,59
images/lanna_00471_LN-TILOK-6.10.jpg,ᨾᩯ᩵ᩌᩬ᩠ᨦᩈᩬᩁ,แม่ฮ่องสอน,แม่-ฮ่อง-สอน,LN-TILOK-6.10,73
images/lanna_00472_PayapLanna-Bold.jpg,ᨾᩯ᩵ᩌᩬ᩠ᨦᩈᩬᩁ,แม่ฮ่องสอน,แม่-ฮ่อง-สอน,PayapLanna-Bold,65
images/lanna_00473_PayapLanna-Regular.jpg,ᨾᩯ᩵ᩌᩬ᩠ᨦᩈᩬᩁ,แม่ฮ่องสอน,แม่-ฮ่อง-สอน,PayapLanna-Regular,70
images/lanna_00474_NotoSansTaiTham.jpg,ᨾᩯ᩵ᩌᩬ᩠ᨦᩈᩬᩁ,แม่ฮ่องสอน,แม่-ฮ่อง-สอน,NotoSansTaiTham,75
images/lanna_00475_LNTilok.jpg,ᨾᩯ᩵ᩌᩬ᩠ᨦᩈᩬᩁ,แม่ฮ่องสอน,แม่-ฮ่อง-สอน,LNTilok,80
images/lanna_00476_LN-TILOK-6.10.jpg,ᨾᩯ᩵ᩌᩬ᩠ᨦᩈᩬᩁ,แม่ฮ่องสอน,แม่-ฮ่อง-สอน,LN-TILOK-6.10,71
images/lanna_00477_PayapLanna-Bold.jpg,ᨾᩯ᩵ᩌᩬ᩠ᨦᩈᩬᩁ,แม่ฮ่องสอน,แม่-ฮ่อง-สอน,PayapLanna-Bold,71
images/lanna_00478_PayapLanna-Regular.jpg,ᨾᩯ᩵ᩌᩬ᩠ᨦᩈᩬᩁ,แม่ฮ่องสอน,แม่-ฮ่อง-สอน,PayapLanna-Regular,84
images/lanna_00479_NotoSansTaiTham.jpg,ᨾᩯ᩵ᩌᩬ᩠ᨦᩈᩬᩁ,แม่ฮ่องสอน,แม่-ฮ่อง-สอน,NotoSansTaiTham,75
images/lanna_00480_LNTilok.jpg,ᩃᩣᩴᨻᩪᩁ,ลำพูน,หละ-ปูน,LNTilok,60
images/lanna_00481_LN-TILOK-6.10.jpg,ᩃᩣᩴᨻᩪᩁ,ลำพูน,หละ-ปูน,LN-TILOK-6.10,81
images/lanna_00482_PayapLanna-Bold.jpg,ᩃᩣᩴᨻᩪᩁ,ลำพูน,หละ-ปูน,PayapLanna-Bold,73
images/lanna_00483_PayapLanna-Regular.jpg,ᩃᩣᩴᨻᩪᩁ,ลำพูน,หละ-ปูน,PayapLanna-Regular,76
images/lanna_00484_NotoSansTaiTham.jpg,ᩃᩣᩴᨻᩪᩁ,ลำพูน,หละ-ปูน,NotoSansTaiTham,81
images/lanna_00485_LNTilok.jpg,ᩃᩣᩴᨻᩪᩁ,ลำพูน,หละ-ปูน,LNTilok,58
images/lanna_00486_LN-TILOK-6.10.jpg,ᩃᩣᩴᨻᩪᩁ,ลำพูน,หละ-ปูน,LN-TILOK-6.10,64
images/lanna_00487_PayapLanna-Bold.jpg,ᩃᩣᩴᨻᩪᩁ,ลำพูน,หละ-ปูน,PayapLanna-Bold,70
images/lanna_00488_PayapLanna-Regular.jpg,ᩃᩣᩴᨻᩪᩁ,ลำพูน,หละ-ปูน,PayapLanna-Regular,68
images/lanna_00489_NotoSansTaiTham.jpg,ᩃᩣᩴᨻᩪᩁ,ลำพูน,หละ-ปูน,NotoSansTaiTham,66
images/lanna_00490_LNTilok.jpg,ᩃᩣᩴᨻᩪᩁ,ลำพูน,หละ-ปูน,LNTilok,77
images/lanna_00491_LN-TILOK-6.10.jpg,ᩃᩣᩴᨻᩪᩁ,ลำพูน,หละ-ปูน,LN-TILOK-6.10,76
images/lanna_00492_PayapLanna-Bold.jpg,ᩃᩣᩴᨻᩪᩁ,ลำพูน,หละ-ปูน,PayapLanna-Bold,70
images/lanna_00493_PayapLanna-Regular.jpg,ᩃᩣᩴᨻᩪᩁ,ลำพูน,หละ-ปูน,PayapLanna-Regular,60
images/lanna_00494_NotoSansTaiTham.jpg,ᩃᩣᩴᨻᩪᩁ,ลำพูน,หละ-ปูน,NotoSansTaiTham,80
images/lanna_00495_LNTilok.jpg,ᩃᩣᩴᨻᩪᩁ,ลำพูน,หละ-ปูน,LNTilok,67
images/lanna_00496_LN-TILOK-6.10.jpg,ᩃᩣᩴᨻᩪᩁ,ลำพูน,หละ-ปูน,LN-TILOK-6.10,73
images/lanna_00497_PayapLanna-Bold.jpg,ᩃᩣᩴᨻᩪᩁ,ลำพูน,หละ-ปูน,PayapLanna-Bold,80
images/lanna_00498_PayapLanna-Regular.jpg,ᩃᩣᩴᨻᩪᩁ,ลำพูน,หละ-ปูน,PayapLanna-Regular,62
images/lanna_00499_NotoSansTaiTham.jpg,ᩃᩣᩴᨻᩪᩁ,ลำพูน,หละ-ปูน,NotoSansTaiTham,83
images/lanna_00500_LNTilok.jpg,ᩃᩣᩴᨻᩪᩁ,ลำพูน,หละ-ปูน,LNTilok,83
images/lanna_00501_LN-TILOK-6.10.jpg,ᩃᩣᩴᨻᩪᩁ,ลำพูน,หละ-ปูน,LN-TILOK-6.10,78
images/lanna_00502_PayapLanna-Bold.jpg,ᩃᩣᩴᨻᩪᩁ,ลำพูน,หละ-ปูน,PayapLanna-Bold,77
images/lanna_00503_PayapLanna-Regular.jpg,ᩃᩣᩴᨻᩪᩁ,ลำพูน,หละ-ปูน,PayapLanna-Regular,71
images/lanna_00504_NotoSansTaiTham.jpg,ᩃᩣᩴᨻᩪᩁ,ลำพูน,หละ-ปูน,NotoSansTaiTham,67
images/lanna_00505_LNTilok.jpg,ᩃᩣᩴᨻᩪᩁ,ลำพูน,หละ-ปูน,LNTilok,85
images/lanna_00506_LN-TILOK-6.10.jpg,ᩃᩣᩴᨻᩪᩁ,ลำพูน,หละ-ปูน,LN-TILOK-6.10,70
images/lanna_00507_PayapLanna-Bold.jpg,ᩃᩣᩴᨻᩪᩁ,ลำพูน,หละ-ปูน,PayapLanna-Bold,79
images/lanna_00508_PayapLanna-Regular.jpg,ᩃᩣᩴᨻᩪᩁ,ลำพูน,หละ-ปูน,PayapLanna-Regular,79
images/lanna_00509_NotoSansTaiTham.jpg,ᩃᩣᩴᨻᩪᩁ,ลำพูน,หละ-ปูน,NotoSansTaiTham,72
images/lanna_00510_LNTilok.jpg,ᩃᩣᩴᨻᩪᩁ,ลำพูน,หละ-ปูน,LNTilok,69
images/lanna_00511_LN-TILOK-6.10.jpg,ᩃᩣᩴᨻᩪᩁ,ลำพูน,หละ-ปูน,LN-TILOK-6.10,58
images/lanna_00512_PayapLanna-Bold.jpg,ᩃᩣᩴᨻᩪᩁ,ลำพูน,หละ-ปูน,PayapLanna-Bold,77
images/lanna_00513_PayapLanna-Regular.jpg,ᩃᩣᩴᨻᩪᩁ,ลำพูน,หละ-ปูน,PayapLanna-Regular,60
images/lanna_00514_NotoSansTaiTham.jpg,ᩃᩣᩴᨻᩪᩁ,ลำพูน,หละ-ปูน,NotoSansTaiTham,84
images/lanna_00515_LNTilok.jpg,ᩃᩣᩴᨻᩪᩁ,ลำพูน,หละ-ปูน,LNTilok,77
images/lanna_00516_LN-TILOK-6.10.jpg,ᩃᩣᩴᨻᩪᩁ,ลำพูน,หละ-ปูน,LN-TILOK-6.10,69
images/lanna_00517_PayapLanna-Bold.jpg,ᩃᩣᩴᨻᩪᩁ,ลำพูน,หละ-ปูน,PayapLanna-Bold,67
images/lanna_00518_PayapLanna-Regular.jpg,ᩃᩣᩴᨻᩪᩁ,ลำพูน,หละ-ปูน,PayapLanna-Regular,73
images/lanna_00519_NotoSansTaiTham.jpg,ᩃᩣᩴᨻᩪᩁ,ลำพูน,หละ-ปูน,NotoSansTaiTham,71
images/lanna_00520_LNTilok.jpg,ᩃᩣᩴᨸᩣ᩠ᨦ,ลำปาง,ลำ-ปาง,LNTilok,65
images/lanna_00521_LN-TILOK-6.10.jpg,ᩃᩣᩴᨸᩣ᩠ᨦ,ลำปาง,ลำ-ปาง,LN-TILOK-6.10,74
images/lanna_00522_PayapLanna-Bold.jpg,ᩃᩣᩴᨸᩣ᩠ᨦ,ลำปาง,ลำ-ปาง,PayapLanna-Bold,79
images/lanna_00523_PayapLanna-Regular.jpg,ᩃᩣᩴᨸᩣ᩠ᨦ,ลำปาง,ลำ-ปาง,PayapLanna-Regular,81
images/lanna_00524_NotoSansTaiTham.jpg,ᩃᩣᩴᨸᩣ᩠ᨦ,ลำปาง,ลำ-ปาง,NotoSansTaiTham,58
images/lanna_00525_LNTilok.jpg,ᩃᩣᩴᨸᩣ᩠ᨦ,ลำปาง,ลำ-ปาง,LNTilok,71
images/lanna_00526_LN-TILOK-6.10.jpg,ᩃᩣᩴᨸᩣ᩠ᨦ,ลำปาง,ลำ-ปาง,LN-TILOK-6.10,58
images/lanna_00527_PayapLanna-Bold.jpg,ᩃᩣᩴᨸᩣ᩠ᨦ,ลำปาง,ลำ-ปาง,PayapLanna-Bold,65
images/lanna_00528_PayapLanna-Regular.jpg,ᩃᩣᩴᨸᩣ᩠ᨦ,ลำปาง,ลำ-ปาง,PayapLanna-Regular,81
images/lanna_00529_NotoSansTaiTham.jpg,ᩃᩣᩴᨸᩣ᩠ᨦ,ลำปาง,ลำ-ปาง,NotoSansTaiTham,71
images/lanna_00530_LNTilok.jpg,ᩃᩣᩴᨸᩣ᩠ᨦ,ลำปาง,ลำ-ปาง,LNTilok,75
images/lanna_00531_LN-TILOK-6.10.jpg,ᩃᩣᩴᨸᩣ᩠ᨦ,ลำปาง,ลำ-ปาง,LN-TILOK-6.10,70
images/lanna_00532_PayapLanna-Bold.jpg,ᩃᩣᩴᨸᩣ᩠ᨦ,ลำปาง,ลำ-ปาง,PayapLanna-Bold,82
images/lanna_00533_PayapLanna-Regular.jpg,ᩃᩣᩴᨸᩣ᩠ᨦ,ลำปาง,ลำ-ปาง,PayapLanna-Regular,72
images/lanna_00534_NotoSansTaiTham.jpg,ᩃᩣᩴᨸᩣ᩠ᨦ,ลำปาง,ลำ-ปาง,NotoSansTaiTham,62
images/lanna_00535_LNTilok.jpg,ᩃᩣᩴᨸᩣ᩠ᨦ,ลำปาง,ลำ-ปาง,LNTilok,81
images/lanna_00536_LN-TILOK-6.10.jpg,ᩃᩣᩴᨸᩣ᩠ᨦ,ลำปาง,ลำ-ปาง,LN-TILOK-6.10,79
images/lanna_00537_PayapLanna-Bold.jpg,ᩃᩣᩴᨸᩣ᩠ᨦ,ลำปาง,ลำ-ปาง,PayapLanna-Bold,82
images/lanna_00538_PayapLanna-Regular.jpg,ᩃᩣᩴᨸᩣ᩠ᨦ,ลำปาง,ลำ-ปาง,PayapLanna-Regular,68
images/lanna_00539_NotoSansTaiTham.jpg,ᩃᩣᩴᨸᩣ᩠ᨦ,ลำปาง,ลำ-ปาง,NotoSansTaiTham,75
images/lanna_00540_LNTilok.jpg,ᩃᩣᩴᨸᩣ᩠ᨦ,ลำปาง,ลำ-ปาง,LNTilok,84
images/lanna_00541_LN-TILOK-6.10.jpg,ᩃᩣᩴᨸᩣ᩠ᨦ,ลำปาง,ลำ-ปาง,LN-TILOK-6.10,75
images/lanna_00542_PayapLanna-Bold.jpg,ᩃᩣᩴᨸᩣ᩠ᨦ,ลำปาง,ลำ-ปาง,PayapLanna-Bold,64
images/lanna_00543_PayapLanna-Regular.jpg,ᩃᩣᩴᨸᩣ᩠ᨦ,ลำปาง,ลำ-ปาง,PayapLanna-Regular,77
images/lanna_00544_NotoSansTaiTham.jpg,ᩃᩣᩴᨸᩣ᩠ᨦ,ลำปาง,ลำ-ปาง,NotoSansTaiTham,76
images/lanna_00545_LNTilok.jpg,ᩃᩣᩴᨸᩣ᩠ᨦ,ลำปาง,ลำ-ปาง,LNTilok,85
images/lanna_00546_LN-TILOK-6.10.jpg,ᩃᩣᩴᨸᩣ᩠ᨦ,ลำปาง,ลำ-ปาง,LN-TILOK-6.10,67
images/lanna_00547_PayapLanna-Bold.jpg,ᩃᩣᩴᨸᩣ᩠ᨦ,ลำปาง,ลำ-ปาง,PayapLanna-Bold,70
images/lanna_00548_PayapLanna-Regular.jpg,ᩃᩣᩴᨸᩣ᩠ᨦ,ลำปาง,ลำ-ปาง,PayapLanna-Regular,76
images/lanna_00549_NotoSansTaiTham.jpg,ᩃᩣᩴᨸᩣ᩠ᨦ,ลำปาง,ลำ-ปาง,NotoSansTaiTham,58
images/lanna_00550_LNTilok.jpg,ᩃᩣᩴᨸᩣ᩠ᨦ,ลำปาง,ลำ-ปาง,LNTilok,78
images/lanna_00551_LN-TILOK-6.10.jpg,ᩃᩣᩴᨸᩣ᩠ᨦ,ลำปาง,ลำ-ปาง,LN-TILOK-6.10,59
images/lanna_00552_PayapLanna-Bold.jpg,ᩃᩣᩴᨸᩣ᩠ᨦ,ลำปาง,ลำ-ปาง,PayapLanna-Bold,67
images/lanna_00553_PayapLanna-Regular.jpg,ᩃᩣᩴᨸᩣ᩠ᨦ,ลำปาง,ลำ-ปาง,PayapLanna-Regular,62
images/lanna_00554_NotoSansTaiTham.jpg,ᩃᩣᩴᨸᩣ᩠ᨦ,ลำปาง,ลำ-ปาง,NotoSansTaiTham,77
images/lanna_00555_LNTilok.jpg,ᩃᩣᩴᨸᩣ᩠ᨦ,ลำปาง,ลำ-ปาง,LNTilok,79
images/lanna_00556_LN-TILOK-6.10.jpg,ᩃᩣᩴᨸᩣ᩠ᨦ,ลำปาง,ลำ-ปาง,LN-TILOK-6.10,79
images/lanna_00557_PayapLanna-Bold.jpg,ᩃᩣᩴᨸᩣ᩠ᨦ,ลำปาง,ลำ-ปาง,PayapLanna-Bold,81
images/lanna_00558_PayapLanna-Regular.jpg,ᩃᩣᩴᨸᩣ᩠ᨦ,ลำปาง,ลำ-ปาง,PayapLanna-Regular,77
images/lanna_00559_NotoSansTaiTham.jpg,ᩃᩣᩴᨸᩣ᩠ᨦ,ลำปาง,ลำ-ปาง,NotoSansTaiTham,58
images/lanna_00560_LNTilok.jpg,ᨻᨿᩣ᩠ᩅ,พะเยา,พะ-เยา,LNTilok,62
images/lanna_00561_LN-TILOK-6.10.jpg,ᨻᨿᩣ᩠ᩅ,พะเยา,พะ-เยา,LN-TILOK-6.10,68
images/lanna_00562_PayapLanna-Bold.jpg,ᨻᨿᩣ᩠ᩅ,พะเยา,พะ-เยา,PayapLanna-Bold,67
images/lanna_00563_PayapLanna-Regular.jpg,ᨻᨿᩣ᩠ᩅ,พะเยา,พะ-เยา,PayapLanna-Regular,65
images/lanna_00564_NotoSansTaiTham.jpg,ᨻᨿᩣ᩠ᩅ,พะเยา,พะ-เยา,NotoSansTaiTham,74
images/lanna_00565_LNTilok.jpg,ᨻᨿᩣ᩠ᩅ,พะเยา,พะ-เยา,LNTilok,73
images/lanna_00566_LN-TILOK-6.10.jpg,ᨻᨿᩣ᩠ᩅ,พะเยา,พะ-เยา,LN-TILOK-6.10,73
images/lanna_00567_PayapLanna-Bold.jpg,ᨻᨿᩣ᩠ᩅ,พะเยา,พะ-เยา,PayapLanna-Bold,85
images/lanna_00568_PayapLanna-Regular.jpg,ᨻᨿᩣ᩠ᩅ,พะเยา,พะ-เยา,PayapLanna-Regular,70
images/lanna_00569_NotoSansTaiTham.jpg,ᨻᨿᩣ᩠ᩅ,พะเยา,พะ-เยา,NotoSansTaiTham,71
images/lanna_00570_LNTilok.jpg,ᨻᨿᩣ᩠ᩅ,พะเยา,พะ-เยา,LNTilok,66
images/lanna_00571_LN-TILOK-6.10.jpg,ᨻᨿᩣ᩠ᩅ,พะเยา,พะ-เยา,LN-TILOK-6.10,77
images/lanna_00572_PayapLanna-Bold.jpg,ᨻᨿᩣ᩠ᩅ,พะเยา,พะ-เยา,PayapLanna-Bold,83
images/lanna_00573_PayapLanna-Regular.jpg,ᨻᨿᩣ᩠ᩅ,พะเยา,พะ-เยา,PayapLanna-Regular,69
images/lanna_00574_NotoSansTaiTham.jpg,ᨻᨿᩣ᩠ᩅ,พะเยา,พะ-เยา,NotoSansTaiTham,75
images/lanna_00575_LNTilok.jpg,ᨻᨿᩣ᩠ᩅ,พะเยา,พะ-เยา,LNTilok,62
images/lanna_00576_LN-TILOK-6.10.jpg,ᨻᨿᩣ᩠ᩅ,พะเยา,พะ-เยา,LN-TILOK-6.10,79
images/lanna_00577_PayapLanna-Bold.jpg,ᨻᨿᩣ᩠ᩅ,พะเยา,พะ-เยา,PayapLanna-Bold,61
images/lanna_00578_PayapLanna-Regular.jpg,ᨻᨿᩣ᩠ᩅ,พะเยา,พะ-เยา,PayapLanna-Regular,83
images/lanna_00579_NotoSansTaiTham.jpg,ᨻᨿᩣ᩠ᩅ,พะเยา,พะ-เยา,NotoSansTaiTham,60
images/lanna_00580_LNTilok.jpg,ᨻᨿᩣ᩠ᩅ,พะเยา,พะ-เยา,LNTilok,85
images/lanna_00581_LN-TILOK-6.10.jpg,ᨻᨿᩣ᩠ᩅ,พะเยา,พะ-เยา,LN-TILOK-6.10,58
images/lanna_00582_PayapLanna-Bold.jpg,ᨻᨿᩣ᩠ᩅ,พะเยา,พะ-เยา,PayapLanna-Bold,59
images/lanna_00583_PayapLanna-Regular.jpg,ᨻᨿᩣ᩠ᩅ,พะเยา,พะ-เยา,PayapLanna-Regular,59
images/lanna_00584_NotoSansTaiTham.jpg,ᨻᨿᩣ᩠ᩅ,พะเยา,พะ-เยา,NotoSansTaiTham,85
images/lanna_00585_LNTilok.jpg,ᨻᨿᩣ᩠ᩅ,พะเยา,พะ-เยา,LNTilok,83
images/lanna_00586_LN-TILOK-6.10.jpg,ᨻᨿᩣ᩠ᩅ,พะเยา,พะ-เยา,LN-TILOK-6.10,59
images/lanna_00587_PayapLanna-Bold.jpg,ᨻᨿᩣ᩠ᩅ,พะเยา,พะ-เยา,PayapLanna-Bold,65
images/lanna_00588_PayapLanna-Regular.jpg,ᨻᨿᩣ᩠ᩅ,พะเยา,พะ-เยา,PayapLanna-Regular,77
images/lanna_00589_NotoSansTaiTham.jpg,ᨻᨿᩣ᩠ᩅ,พะเยา,พะ-เยา,NotoSansTaiTham,81
images/lanna_00590_LNTilok.jpg,ᨻᨿᩣ᩠ᩅ,พะเยา,พะ-เยา,LNTilok,65
images/lanna_00591_LN-TILOK-6.10.jpg,ᨻᨿᩣ᩠ᩅ,พะเยา,พะ-เยา,LN-TILOK-6.10,79
images/lanna_00592_PayapLanna-Bold.jpg,ᨻᨿᩣ᩠ᩅ,พะเยา,พะ-เยา,PayapLanna-Bold,67
images/lanna_00593_PayapLanna-Regular.jpg,ᨻᨿᩣ᩠ᩅ,พะเยา,พะ-เยา,PayapLanna-Regular,75
images/lanna_00594_NotoSansTaiTham.jpg,ᨻᨿᩣ᩠ᩅ,พะเยา,พะ-เยา,NotoSansTaiTham,69
images/lanna_00595_LNTilok.jpg,ᨻᨿᩣ᩠ᩅ,พะเยา,พะ-เยา,LNTilok,75
images/lanna_00596_LN-TILOK-6.10.jpg,ᨻᨿᩣ᩠ᩅ,พะเยา,พะ-เยา,LN-TILOK-6.10,80
images/lanna_00597_PayapLanna-Bold.jpg,ᨻᨿᩣ᩠ᩅ,พะเยา,พะ-เยา,PayapLanna-Bold,85
images/lanna_00598_PayapLanna-Regular.jpg,ᨻᨿᩣ᩠ᩅ,พะเยา,พะ-เยา,PayapLanna-Regular,68
images/lanna_00599_NotoSansTaiTham.jpg,ᨻᨿᩣ᩠ᩅ,พะเยา,พะ-เยา,NotoSansTaiTham,71
images/lanna_00600_LNTilok.jpg,ᨹ᩠ᩃᩣᨯ,ฉลาด,ผลาด,LNTilok,75
images/lanna_00601_LN-TILOK-6.10.jpg,ᨹ᩠ᩃᩣᨯ,ฉลาด,ผลาด,LN-TILOK-6.10,67
images/lanna_00602_PayapLanna-Bold.jpg,ᨹ᩠ᩃᩣᨯ,ฉลาด,ผลาด,PayapLanna-Bold,84
images/lanna_00603_PayapLanna-Regular.jpg,ᨹ᩠ᩃᩣᨯ,ฉลาด,ผลาด,PayapLanna-Regular,71
images/lanna_00604_NotoSansTaiTham.jpg,ᨹ᩠ᩃᩣᨯ,ฉลาด,ผลาด,NotoSansTaiTham,66
images/lanna_00605_LNTilok.jpg,ᨹ᩠ᩃᩣᨯ,ฉลาด,ผลาด,LNTilok,71
images/lanna_00606_LN-TILOK-6.10.jpg,ᨹ᩠ᩃᩣᨯ,ฉลาด,ผลาด,LN-TILOK-6.10,62
images/lanna_00607_PayapLanna-Bold.jpg,ᨹ᩠ᩃᩣᨯ,ฉลาด,ผลาด,PayapLanna-Bold,74
images/lanna_00608_PayapLanna-Regular.jpg,ᨹ᩠ᩃᩣᨯ,ฉลาด,ผลาด,PayapLanna-Regular,82
images/lanna_00609_NotoSansTaiTham.jpg,ᨹ᩠ᩃᩣᨯ,ฉลาด,ผลาด,NotoSansTaiTham,67
images/lanna_00610_LNTilok.jpg,ᨹ᩠ᩃᩣᨯ,ฉลาด,ผลาด,LNTilok,66
images/lanna_00611_LN-TILOK-6.10.jpg,ᨹ᩠ᩃᩣᨯ,ฉลาด,ผลาด,LN-TILOK-6.10,74
images/lanna_00612_PayapLanna-Bold.jpg,ᨹ᩠ᩃᩣᨯ,ฉลาด,ผลาด,PayapLanna-Bold,63
images/lanna_00613_PayapLanna-Regular.jpg,ᨹ᩠ᩃᩣᨯ,ฉลาด,ผลาด,PayapLanna-Regular,64
images/lanna_00614_NotoSansTaiTham.jpg,ᨹ᩠ᩃᩣᨯ,ฉลาด,ผลาด,NotoSansTaiTham,61
images/lanna_00615_LNTilok.jpg,ᨹ᩠ᩃᩣᨯ,ฉลาด,ผลาด,LNTilok,74
images/lanna_00616_LN-TILOK-6.10.jpg,ᨹ᩠ᩃᩣᨯ,ฉลาด,ผลาด,LN-TILOK-6.10,68
images/lanna_00617_PayapLanna-Bold.jpg,ᨹ᩠ᩃᩣᨯ,ฉลาด,ผลาด,PayapLanna-Bold,75
images/lanna_00618_PayapLanna-Regular.jpg,ᨹ᩠ᩃᩣᨯ,ฉลาด,ผลาด,PayapLanna-Regular,62
images/lanna_00619_NotoSansTaiTham.jpg,ᨹ᩠ᩃᩣᨯ,ฉลาด,ผลาด,NotoSansTaiTham,73
images/lanna_00620_LNTilok.jpg,ᨹ᩠ᩃᩣᨯ,ฉลาด,ผลาด,LNTilok,84
images/lanna_00621_LN-TILOK-6.10.jpg,ᨹ᩠ᩃᩣᨯ,ฉลาด,ผลาด,LN-TILOK-6.10,81
images/lanna_00622_PayapLanna-Bold.jpg,ᨹ᩠ᩃᩣᨯ,ฉลาด,ผลาด,PayapLanna-Bold,72
images/lanna_00623_PayapLanna-Regular.jpg,ᨹ᩠ᩃᩣᨯ,ฉลาด,ผลาด,PayapLanna-Regular,75
images/lanna_00624_NotoSansTaiTham.jpg,ᨹ᩠ᩃᩣᨯ,ฉลาด,ผลาด,NotoSansTaiTham,68
images/lanna_00625_LNTilok.jpg,ᨹ᩠ᩃᩣᨯ,ฉลาด,ผลาด,LNTilok,77
images/lanna_00626_LN-TILOK-6.10.jpg,ᨹ᩠ᩃᩣᨯ,ฉลาด,ผลาด,LN-TILOK-6.10,78
images/lanna_00627_PayapLanna-Bold.jpg,ᨹ᩠ᩃᩣᨯ,ฉลาด,ผลาด,PayapLanna-Bold,83
images/lanna_00628_PayapLanna-Regular.jpg,ᨹ᩠ᩃᩣᨯ,ฉลาด,ผลาด,PayapLanna-Regular,72
images/lanna_00629_NotoSansTaiTham.jpg,ᨹ᩠ᩃᩣᨯ,ฉลาด,ผลาด,NotoSansTaiTham,63
images/lanna_00630_LNTilok.jpg,ᨹ᩠ᩃᩣᨯ,ฉลาด,ผลาด,LNTilok,82
images/lanna_00631_LN-TILOK-6.10.jpg,ᨹ᩠ᩃᩣᨯ,ฉลาด,ผลาด,LN-TILOK-6.10,72
images/lanna_00632_PayapLanna-Bold.jpg,ᨹ᩠ᩃᩣᨯ,ฉลาด,ผลาด,PayapLanna-Bold,61
images/lanna_00633_PayapLanna-Regular.jpg,ᨹ᩠ᩃᩣᨯ,ฉลาด,ผลาด,PayapLanna-Regular,72
images/lanna_00634_NotoSansTaiTham.jpg,ᨹ᩠ᩃᩣᨯ,ฉลาด,ผลาด,NotoSansTaiTham,59
images/lanna_00635_LNTilok.jpg,ᨹ᩠ᩃᩣᨯ,ฉลาด,ผลาด,LNTilok,80
images/lanna_00636_LN-TILOK-6.10.jpg,ᨹ᩠ᩃᩣᨯ,ฉลาด,ผลาด,LN-TILOK-6.10,62
images/lanna_00637_PayapLanna-Bold.jpg,ᨹ᩠ᩃᩣᨯ,ฉลาด,ผลาด,PayapLanna-Bold,74
images/lanna_00638_PayapLanna-Regular.jpg,ᨹ᩠ᩃᩣᨯ,ฉลาด,ผลาด,PayapLanna-Regular,66
images/lanna_00639_NotoSansTaiTham.jpg,ᨹ᩠ᩃᩣᨯ,ฉลาด,ผลาด,NotoSansTaiTham,71
images/lanna_00640_LNTilok.jpg,ᨨ᩠ᩃᩣᨯ,ฉลาด,ฉลาด,LNTilok,65
images/lanna_00641_LN-TILOK-6.10.jpg,ᨨ᩠ᩃᩣᨯ,ฉลาด,ฉลาด,LN-TILOK-6.10,75
images/lanna_00642_PayapLanna-Bold.jpg,ᨨ᩠ᩃᩣᨯ,ฉลาด,ฉลาด,PayapLanna-Bold,69
images/lanna_00643_PayapLanna-Regular.jpg,ᨨ᩠ᩃᩣᨯ,ฉลาด,ฉลาด,PayapLanna-Regular,85
images/lanna_00644_NotoSansTaiTham.jpg,ᨨ᩠ᩃᩣᨯ,ฉลาด,ฉลาด,NotoSansTaiTham,68
images/lanna_00645_LNTilok.jpg,ᨨ᩠ᩃᩣᨯ,ฉลาด,ฉลาด,LNTilok,79
images/lanna_00646_LN-TILOK-6.10.jpg,ᨨ᩠ᩃᩣᨯ,ฉลาด,ฉลาด,LN-TILOK-6.10,61
images/lanna_00647_PayapLanna-Bold.jpg,ᨨ᩠ᩃᩣᨯ,ฉลาด,ฉลาด,PayapLanna-Bold,76
images/lanna_00648_PayapLanna-Regular.jpg,ᨨ᩠ᩃᩣᨯ,ฉลาด,ฉลาด,PayapLanna-Regular,58
images/lanna_00649_NotoSansTaiTham.jpg,ᨨ᩠ᩃᩣᨯ,ฉลาด,ฉลาด,NotoSansTaiTham,64
images/lanna_00650_LNTilok.jpg,ᨨ᩠ᩃᩣᨯ,ฉลาด,ฉลาด,LNTilok,71
images/lanna_00651_LN-TILOK-6.10.jpg,ᨨ᩠ᩃᩣᨯ,ฉลาด,ฉลาด,LN-TILOK-6.10,66
images/lanna_00652_PayapLanna-Bold.jpg,ᨨ᩠ᩃᩣᨯ,ฉลาด,ฉลาด,PayapLanna-Bold,68
images/lanna_00653_PayapLanna-Regular.jpg,ᨨ᩠ᩃᩣᨯ,ฉลาด,ฉลาด,PayapLanna-Regular,65
images/lanna_00654_NotoSansTaiTham.jpg,ᨨ᩠ᩃᩣᨯ,ฉลาด,ฉลาด,NotoSansTaiTham,63
images/lanna_00655_LNTilok.jpg,ᨨ᩠ᩃᩣᨯ,ฉลาด,ฉลาด,LNTilok,82
images/lanna_00656_LN-TILOK-6.10.jpg,ᨨ᩠ᩃᩣᨯ,ฉลาด,ฉลาด,LN-TILOK-6.10,60
images/lanna_00657_PayapLanna-Bold.jpg,ᨨ᩠ᩃᩣᨯ,ฉลาด,ฉลาด,PayapLanna-Bold,68
images/lanna_00658_PayapLanna-Regular.jpg,ᨨ᩠ᩃᩣᨯ,ฉลาด,ฉลาด,PayapLanna-Regular,68
images/lanna_00659_NotoSansTaiTham.jpg,ᨨ᩠ᩃᩣᨯ,ฉลาด,ฉลาด,NotoSansTaiTham,73
images/lanna_00660_LNTilok.jpg,ᨨ᩠ᩃᩣᨯ,ฉลาด,ฉลาด,LNTilok,59
images/lanna_00661_LN-TILOK-6.10.jpg,ᨨ᩠ᩃᩣᨯ,ฉลาด,ฉลาด,LN-TILOK-6.10,84
images/lanna_00662_PayapLanna-Bold.jpg,ᨨ᩠ᩃᩣᨯ,ฉลาด,ฉลาด,PayapLanna-Bold,82
images/lanna_00663_PayapLanna-Regular.jpg,ᨨ᩠ᩃᩣᨯ,ฉลาด,ฉลาด,PayapLanna-Regular,81
images/lanna_00664_NotoSansTaiTham.jpg,ᨨ᩠ᩃᩣᨯ,ฉลาด,ฉลาด,NotoSansTaiTham,85
images/lanna_00665_LNTilok.jpg,ᨨ᩠ᩃᩣᨯ,ฉลาด,ฉลาด,LNTilok,61
images/lanna_00666_LN-TILOK-6.10.jpg,ᨨ᩠ᩃᩣᨯ,ฉลาด,ฉลาด,LN-TILOK-6.10,58
images/lanna_00667_PayapLanna-Bold.jpg,ᨨ᩠ᩃᩣᨯ,ฉลาด,ฉลาด,PayapLanna-Bold,72
images/lanna_00668_PayapLanna-Regular.jpg,ᨨ᩠ᩃᩣᨯ,ฉลาด,ฉลาด,PayapLanna-Regular,85
images/lanna_00669_NotoSansTaiTham.jpg,ᨨ᩠ᩃᩣᨯ,ฉลาด,ฉลาด,NotoSansTaiTham,83
images/lanna_00670_LNTilok.jpg,ᨨ᩠ᩃᩣᨯ,ฉลาด,ฉลาด,LNTilok,65
images/lanna_00671_LN-TILOK-6.10.jpg,ᨨ᩠ᩃᩣᨯ,ฉลาด,ฉลาด,LN-TILOK-6.10,71
images/lanna_00672_PayapLanna-Bold.jpg,ᨨ᩠ᩃᩣᨯ,ฉลาด,ฉลาด,PayapLanna-Bold,59
images/lanna_00673_PayapLanna-Regular.jpg,ᨨ᩠ᩃᩣᨯ,ฉลาด,ฉลาด,PayapLanna-Regular,75
images/lanna_00674_NotoSansTaiTham.jpg,ᨨ᩠ᩃᩣᨯ,ฉลาด,ฉลาด,NotoSansTaiTham,77
images/lanna_00675_LNTilok.jpg,ᨨ᩠ᩃᩣᨯ,ฉลาด,ฉลาด,LNTilok,78
images/lanna_00676_LN-TILOK-6.10.jpg,ᨨ᩠ᩃᩣᨯ,ฉลาด,ฉลาด,LN-TILOK-6.10,80
images/lanna_00677_PayapLanna-Bold.jpg,ᨨ᩠ᩃᩣᨯ,ฉลาด,ฉลาด,PayapLanna-Bold,62
images/lanna_00678_PayapLanna-Regular.jpg,ᨨ᩠ᩃᩣᨯ,ฉลาด,ฉลาด,PayapLanna-Regular,68
images/lanna_00679_NotoSansTaiTham.jpg,ᨨ᩠ᩃᩣᨯ,ฉลาด,ฉลาด,NotoSansTaiTham,60
images/lanna_00680_LNTilok.jpg,ᩉ᩠ᩃᩣᩉᩣ᩠ญ,กล้าหาญ,หล้า-หาญ,LNTilok,72
images/lanna_00681_LN-TILOK-6.10.jpg,ᩉ᩠ᩃᩣᩉᩣ᩠ญ,กล้าหาญ,หล้า-หาญ,LN-TILOK-6.10,84
images/lanna_00682_PayapLanna-Bold.jpg,ᩉ᩠ᩃᩣᩉᩣ᩠ญ,กล้าหาญ,หล้า-หาญ,PayapLanna-Bold,58
images/lanna_00683_PayapLanna-Regular.jpg,ᩉ᩠ᩃᩣᩉᩣ᩠ญ,กล้าหาญ,หล้า-หาญ,PayapLanna-Regular,65
images/lanna_00684_NotoSansTaiTham.jpg,ᩉ᩠ᩃᩣᩉᩣ᩠ญ,กล้าหาญ,หล้า-หาญ,NotoSansTaiTham,58
images/lanna_00685_LNTilok.jpg,ᩉ᩠ᩃᩣᩉᩣ᩠ญ,กล้าหาญ,หล้า-หาญ,LNTilok,78
images/lanna_00686_LN-TILOK-6.10.jpg,ᩉ᩠ᩃᩣᩉᩣ᩠ญ,กล้าหาญ,หล้า-หาญ,LN-TILOK-6.10,84
images/lanna_00687_PayapLanna-Bold.jpg,ᩉ᩠ᩃᩣᩉᩣ᩠ญ,กล้าหาญ,หล้า-หาญ,PayapLanna-Bold,81
images/lanna_00688_PayapLanna-Regular.jpg,ᩉ᩠ᩃᩣᩉᩣ᩠ญ,กล้าหาญ,หล้า-หาญ,PayapLanna-Regular,58
images/lanna_00689_NotoSansTaiTham.jpg,ᩉ᩠ᩃᩣᩉᩣ᩠ญ,กล้าหาญ,หล้า-หาญ,NotoSansTaiTham,83
images/lanna_00690_LNTilok.jpg,ᩉ᩠ᩃᩣᩉᩣ᩠ญ,กล้าหาญ,หล้า-หาญ,LNTilok,69
images/lanna_00691_LN-TILOK-6.10.jpg,ᩉ᩠ᩃᩣᩉᩣ᩠ญ,กล้าหาญ,หล้า-หาญ,LN-TILOK-6.10,83
images/lanna_00692_PayapLanna-Bold.jpg,ᩉ᩠ᩃᩣᩉᩣ᩠ญ,กล้าหาญ,หล้า-หาญ,PayapLanna-Bold,61
images/lanna_00693_PayapLanna-Regular.jpg,ᩉ᩠ᩃᩣᩉᩣ᩠ญ,กล้าหาญ,หล้า-หาญ,PayapLanna-Regular,60
images/lanna_00694_NotoSansTaiTham.jpg,ᩉ᩠ᩃᩣᩉᩣ᩠ญ,กล้าหาญ,หล้า-หาญ,NotoSansTaiTham,66
images/lanna_00695_LNTilok.jpg,ᩉ᩠ᩃᩣᩉᩣ᩠ญ,กล้าหาญ,หล้า-หาญ,LNTilok,60
images/lanna_00696_LN-TILOK-6.10.jpg,ᩉ᩠ᩃᩣᩉᩣ᩠ญ,กล้าหาญ,หล้า-หาญ,LN-TILOK-6.10,80
images/lanna_00697_PayapLanna-Bold.jpg,ᩉ᩠ᩃᩣᩉᩣ᩠ญ,กล้าหาญ,หล้า-หาญ,PayapLanna-Bold,78
images/lanna_00698_PayapLanna-Regular.jpg,ᩉ᩠ᩃᩣᩉᩣ᩠ญ,กล้าหาญ,หล้า-หาญ,PayapLanna-Regular,64
images/lanna_00699_NotoSansTaiTham.jpg,ᩉ᩠ᩃᩣᩉᩣ᩠ญ,กล้าหาญ,หล้า-หาญ,NotoSansTaiTham,69
images/lanna_00700_LNTilok.jpg,ᩉ᩠ᩃᩣᩉᩣ᩠ญ,กล้าหาญ,หล้า-หาญ,LNTilok,84
images/lanna_00701_LN-TILOK-6.10.jpg,ᩉ᩠ᩃᩣᩉᩣ᩠ญ,กล้าหาญ,หล้า-หาญ,LN-TILOK-6.10,66
images/lanna_00702_PayapLanna-Bold.jpg,ᩉ᩠ᩃᩣᩉᩣ᩠ญ,กล้าหาญ,หล้า-หาญ,PayapLanna-Bold,68
images/lanna_00703_PayapLanna-Regular.jpg,ᩉ᩠ᩃᩣᩉᩣ᩠ญ,กล้าหาญ,หล้า-หาญ,PayapLanna-Regular,83
images/lanna_00704_NotoSansTaiTham.jpg,ᩉ᩠ᩃᩣᩉᩣ᩠ญ,กล้าหาญ,หล้า-หาญ,NotoSansTaiTham,64
images/lanna_00705_LNTilok.jpg,ᩉ᩠ᩃᩣᩉᩣ᩠ญ,กล้าหาญ,หล้า-หาญ,LNTilok,70
images/lanna_00706_LN-TILOK-6.10.jpg,ᩉ᩠ᩃᩣᩉᩣ᩠ญ,กล้าหาญ,หล้า-หาญ,LN-TILOK-6.10,68
images/lanna_00707_PayapLanna-Bold.jpg,ᩉ᩠ᩃᩣᩉᩣ᩠ญ,กล้าหาญ,หล้า-หาญ,PayapLanna-Bold,58
images/lanna_00708_PayapLanna-Regular.jpg,ᩉ᩠ᩃᩣᩉᩣ᩠ญ,กล้าหาญ,หล้า-หาญ,PayapLanna-Regular,74
images/lanna_00709_NotoSansTaiTham.jpg,ᩉ᩠ᩃᩣᩉᩣ᩠ญ,กล้าหาญ,หล้า-หาญ,NotoSansTaiTham,66
images/lanna_00710_LNTilok.jpg,ᩉ᩠ᩃᩣᩉᩣ᩠ญ,กล้าหาญ,หล้า-หาญ,LNTilok,84
images/lanna_00711_LN-TILOK-6.10.jpg,ᩉ᩠ᩃᩣᩉᩣ᩠ญ,กล้าหาญ,หล้า-หาญ,LN-TILOK-6.10,77
images/lanna_00712_PayapLanna-Bold.jpg,ᩉ᩠ᩃᩣᩉᩣ᩠ญ,กล้าหาญ,หล้า-หาญ,PayapLanna-Bold,70
images/lanna_00713_PayapLanna-Regular.jpg,ᩉ᩠ᩃᩣᩉᩣ᩠ญ,กล้าหาญ,หล้า-หาญ,PayapLanna-Regular,73
images/lanna_00714_NotoSansTaiTham.jpg,ᩉ᩠ᩃᩣᩉᩣ᩠ญ,กล้าหาญ,หล้า-หาญ,NotoSansTaiTham,66
images/lanna_00715_LNTilok.jpg,ᩉ᩠ᩃᩣᩉᩣ᩠ญ,กล้าหาญ,หล้า-หาญ,LNTilok,59
images/lanna_00716_LN-TILOK-6.10.jpg,ᩉ᩠ᩃᩣᩉᩣ᩠ญ,กล้าหาญ,หล้า-หาญ,LN-TILOK-6.10,75
images/lanna_00717_PayapLanna-Bold.jpg,ᩉ᩠ᩃᩣᩉᩣ᩠ญ,กล้าหาญ,หล้า-หาญ,PayapLanna-Bold,65
images/lanna_00718_PayapLanna-Regular.jpg,ᩉ᩠ᩃᩣᩉᩣ᩠ญ,กล้าหาญ,หล้า-หาญ,PayapLanna-Regular,65
images/lanna_00719_NotoSansTaiTham.jpg,ᩉ᩠ᩃᩣᩉᩣ᩠ญ,กล้าหาญ,หล้า-หาญ,NotoSansTaiTham,83
images/lanna_00720_LNTilok.jpg,ᨩᩦᩅᩥ᩠ᨲᨵᩢ᩠ᨾᩕᨯᩣ,ชีวิตธรรมดา,ชี-วิด-ทำ-มะ-ดา,LNTilok,85
images/lanna_00721_LN-TILOK-6.10.jpg,ᨩᩦᩅᩥ᩠ᨲᨵᩢ᩠ᨾᩕᨯᩣ,ชีวิตธรรมดา,ชี-วิด-ทำ-มะ-ดา,LN-TILOK-6.10,65
images/lanna_00722_PayapLanna-Bold.jpg,ᨩᩦᩅᩥ᩠ᨲᨵᩢ᩠ᨾᩕᨯᩣ,ชีวิตธรรมดา,ชี-วิด-ทำ-มะ-ดา,PayapLanna-Bold,64
images/lanna_00723_PayapLanna-Regular.jpg,ᨩᩦᩅᩥ᩠ᨲᨵᩢ᩠ᨾᩕᨯᩣ,ชีวิตธรรมดา,ชี-วิด-ทำ-มะ-ดา,PayapLanna-Regular,79
images/lanna_00724_NotoSansTaiTham.jpg,ᨩᩦᩅᩥ᩠ᨲᨵᩢ᩠ᨾᩕᨯᩣ,ชีวิตธรรมดา,ชี-วิด-ทำ-มะ-ดา,NotoSansTaiTham,62
images/lanna_00725_LNTilok.jpg,ᨩᩦᩅᩥ᩠ᨲᨵᩢ᩠ᨾᩕᨯᩣ,ชีวิตธรรมดา,ชี-วิด-ทำ-มะ-ดา,LNTilok,58
images/lanna_00726_LN-TILOK-6.10.jpg,ᨩᩦᩅᩥ᩠ᨲᨵᩢ᩠ᨾᩕᨯᩣ,ชีวิตธรรมดา,ชี-วิด-ทำ-มะ-ดา,LN-TILOK-6.10,60
images/lanna_00727_PayapLanna-Bold.jpg,ᨩᩦᩅᩥ᩠ᨲᨵᩢ᩠ᨾᩕᨯᩣ,ชีวิตธรรมดา,ชี-วิด-ทำ-มะ-ดา,PayapLanna-Bold,79
images/lanna_00728_PayapLanna-Regular.jpg,ᨩᩦᩅᩥ᩠ᨲᨵᩢ᩠ᨾᩕᨯᩣ,ชีวิตธรรมดา,ชี-วิด-ทำ-มะ-ดา,PayapLanna-Regular,78
images/lanna_00729_NotoSansTaiTham.jpg,ᨩᩦᩅᩥ᩠ᨲᨵᩢ᩠ᨾᩕᨯᩣ,ชีวิตธรรมดา,ชี-วิด-ทำ-มะ-ดา,NotoSansTaiTham,70
images/lanna_00730_LNTilok.jpg,ᨩᩦᩅᩥ᩠ᨲᨵᩢ᩠ᨾᩕᨯᩣ,ชีวิตธรรมดา,ชี-วิด-ทำ-มะ-ดา,LNTilok,62
images/lanna_00731_LN-TILOK-6.10.jpg,ᨩᩦᩅᩥ᩠ᨲᨵᩢ᩠ᨾᩕᨯᩣ,ชีวิตธรรมดา,ชี-วิด-ทำ-มะ-ดา,LN-TILOK-6.10,59
images/lanna_00732_PayapLanna-Bold.jpg,ᨩᩦᩅᩥ᩠ᨲᨵᩢ᩠ᨾᩕᨯᩣ,ชีวิตธรรมดา,ชี-วิด-ทำ-มะ-ดา,PayapLanna-Bold,67
images/lanna_00733_PayapLanna-Regular.jpg,ᨩᩦᩅᩥ᩠ᨲᨵᩢ᩠ᨾᩕᨯᩣ,ชีวิตธรรมดา,ชี-วิด-ทำ-มะ-ดา,PayapLanna-Regular,69
images/lanna_00734_NotoSansTaiTham.jpg,ᨩᩦᩅᩥ᩠ᨲᨵᩢ᩠ᨾᩕᨯᩣ,ชีวิตธรรมดา,ชี-วิด-ทำ-มะ-ดา,NotoSansTaiTham,62
images/lanna_00735_LNTilok.jpg,ᨩᩦᩅᩥ᩠ᨲᨵᩢ᩠ᨾᩕᨯᩣ,ชีวิตธรรมดา,ชี-วิด-ทำ-มะ-ดา,LNTilok,77
images/lanna_00736_LN-TILOK-6.10.jpg,ᨩᩦᩅᩥ᩠ᨲᨵᩢ᩠ᨾᩕᨯᩣ,ชีวิตธรรมดา,ชี-วิด-ทำ-มะ-ดา,LN-TILOK-6.10,59
images/lanna_00737_PayapLanna-Bold.jpg,ᨩᩦᩅᩥ᩠ᨲᨵᩢ᩠ᨾᩕᨯᩣ,ชีวิตธรรมดา,ชี-วิด-ทำ-มะ-ดา,PayapLanna-Bold,78
images/lanna_00738_PayapLanna-Regular.jpg,ᨩᩦᩅᩥ᩠ᨲᨵᩢ᩠ᨾᩕᨯᩣ,ชีวิตธรรมดา,ชี-วิด-ทำ-มะ-ดา,PayapLanna-Regular,75
images/lanna_00739_NotoSansTaiTham.jpg,ᨩᩦᩅᩥ᩠ᨲᨵᩢ᩠ᨾᩕᨯᩣ,ชีวิตธรรมดา,ชี-วิด-ทำ-มะ-ดา,NotoSansTaiTham,66
images/lanna_00740_LNTilok.jpg,ᨩᩦᩅᩥ᩠ᨲᨵᩢ᩠ᨾᩕᨯᩣ,ชีวิตธรรมดา,ชี-วิด-ทำ-มะ-ดา,LNTilok,81
images/lanna_00741_LN-TILOK-6.10.jpg,ᨩᩦᩅᩥ᩠ᨲᨵᩢ᩠ᨾᩕᨯᩣ,ชีวิตธรรมดา,ชี-วิด-ทำ-มะ-ดา,LN-TILOK-6.10,68
images/lanna_00742_PayapLanna-Bold.jpg,ᨩᩦᩅᩥ᩠ᨲᨵᩢ᩠ᨾᩕᨯᩣ,ชีวิตธรรมดา,ชี-วิด-ทำ-มะ-ดา,PayapLanna-Bold,85
images/lanna_00743_PayapLanna-Regular.jpg,ᨩᩦᩅᩥ᩠ᨲᨵᩢ᩠ᨾᩕᨯᩣ,ชีวิตธรรมดา,ชี-วิด-ทำ-มะ-ดา,PayapLanna-Regular,58
images/lanna_00744_NotoSansTaiTham.jpg,ᨩᩦᩅᩥ᩠ᨲᨵᩢ᩠ᨾᩕᨯᩣ,ชีวิตธรรมดา,ชี-วิด-ทำ-มะ-ดา,NotoSansTaiTham,70
images/lanna_00745_LNTilok.jpg,ᨩᩦᩅᩥ᩠ᨲᨵᩢ᩠ᨾᩕᨯᩣ,ชีวิตธรรมดา,ชี-วิด-ทำ-มะ-ดา,LNTilok,61
images/lanna_00746_LN-TILOK-6.10.jpg,ᨩᩦᩅᩥ᩠ᨲᨵᩢ᩠ᨾᩕᨯᩣ,ชีวิตธรรมดา,ชี-วิด-ทำ-มะ-ดา,LN-TILOK-6.10,81
images/lanna_00747_PayapLanna-Bold.jpg,ᨩᩦᩅᩥ᩠ᨲᨵᩢ᩠ᨾᩕᨯᩣ,ชีวิตธรรมดา,ชี-วิด-ทำ-มะ-ดา,PayapLanna-Bold,74
images/lanna_00748_PayapLanna-Regular.jpg,ᨩᩦᩅᩥ᩠ᨲᨵᩢ᩠ᨾᩕᨯᩣ,ชีวิตธรรมดา,ชี-วิด-ทำ-มะ-ดา,PayapLanna-Regular,79
images/lanna_00749_NotoSansTaiTham.jpg,ᨩᩦᩅᩥ᩠ᨲᨵᩢ᩠ᨾᩕᨯᩣ,ชีวิตธรรมดา,ชี-วิด-ทำ-มะ-ดา,NotoSansTaiTham,84
images/lanna_00750_LNTilok.jpg,ᨩᩦᩅᩥ᩠ᨲᨵᩢ᩠ᨾᩕᨯᩣ,ชีวิตธรรมดา,ชี-วิด-ทำ-มะ-ดา,LNTilok,58
images/lanna_00751_LN-TILOK-6.10.jpg,ᨩᩦᩅᩥ᩠ᨲᨵᩢ᩠ᨾᩕᨯᩣ,ชีวิตธรรมดา,ชี-วิด-ทำ-มะ-ดา,LN-TILOK-6.10,60
images/lanna_00752_PayapLanna-Bold.jpg,ᨩᩦᩅᩥ᩠ᨲᨵᩢ᩠ᨾᩕᨯᩣ,ชีวิตธรรมดา,ชี-วิด-ทำ-มะ-ดา,PayapLanna-Bold,69
images/lanna_00753_PayapLanna-Regular.jpg,ᨩᩦᩅᩥ᩠ᨲᨵᩢ᩠ᨾᩕᨯᩣ,ชีวิตธรรมดา,ชี-วิด-ทำ-มะ-ดา,PayapLanna-Regular,76
images/lanna_00754_NotoSansTaiTham.jpg,ᨩᩦᩅᩥ᩠ᨲᨵᩢ᩠ᨾᩕᨯᩣ,ชีวิตธรรมดา,ชี-วิด-ทำ-มะ-ดา,NotoSansTaiTham,84
images/lanna_00755_LNTilok.jpg,ᨩᩦᩅᩥ᩠ᨲᨵᩢ᩠ᨾᩕᨯᩣ,ชีวิตธรรมดา,ชี-วิด-ทำ-มะ-ดา,LNTilok,65
images/lanna_00756_LN-TILOK-6.10.jpg,ᨩᩦᩅᩥ᩠ᨲᨵᩢ᩠ᨾᩕᨯᩣ,ชีวิตธรรมดา,ชี-วิด-ทำ-มะ-ดา,LN-TILOK-6.10,67
images/lanna_00757_PayapLanna-Bold.jpg,ᨩᩦᩅᩥ᩠ᨲᨵᩢ᩠ᨾᩕᨯᩣ,ชีวิตธรรมดา,ชี-วิด-ทำ-มะ-ดา,PayapLanna-Bold,70
images/lanna_00758_PayapLanna-Regular.jpg,ᨩᩦᩅᩥ᩠ᨲᨵᩢ᩠ᨾᩕᨯᩣ,ชีวิตธรรมดา,ชี-วิด-ทำ-มะ-ดา,PayapLanna-Regular,62
images/lanna_00759_NotoSansTaiTham.jpg,ᨩᩦᩅᩥ᩠ᨲᨵᩢ᩠ᨾᩕᨯᩣ,ชีวิตธรรมดา,ชี-วิด-ทำ-มะ-ดา,NotoSansTaiTham,63
images/lanna_00760_LNTilok.jpg,ᨡ᩶ᩣᩅᨪᩬ᩠ᨿ,ข้าวซอย,ข้าว-ซอย,LNTilok,59
images/lanna_00761_LN-TILOK-6.10.jpg,ᨡ᩶ᩣᩅᨪᩬ᩠ᨿ,ข้าวซอย,ข้าว-ซอย,LN-TILOK-6.10,64
images/lanna_00762_PayapLanna-Bold.jpg,ᨡ᩶ᩣᩅᨪᩬ᩠ᨿ,ข้าวซอย,ข้าว-ซอย,PayapLanna-Bold,65
images/lanna_00763_PayapLanna-Regular.jpg,ᨡ᩶ᩣᩅᨪᩬ᩠ᨿ,ข้าวซอย,ข้าว-ซอย,PayapLanna-Regular,79
images/lanna_00764_NotoSansTaiTham.jpg,ᨡ᩶ᩣᩅᨪᩬ᩠ᨿ,ข้าวซอย,ข้าว-ซอย,NotoSansTaiTham,69
images/lanna_00765_LNTilok.jpg,ᨡ᩶ᩣᩅᨪᩬ᩠ᨿ,ข้าวซอย,ข้าว-ซอย,LNTilok,81
images/lanna_00766_LN-TILOK-6.10.jpg,ᨡ᩶ᩣᩅᨪᩬ᩠ᨿ,ข้าวซอย,ข้าว-ซอย,LN-TILOK-6.10,60
images/lanna_00767_PayapLanna-Bold.jpg,ᨡ᩶ᩣᩅᨪᩬ᩠ᨿ,ข้าวซอย,ข้าว-ซอย,PayapLanna-Bold,68
images/lanna_00768_PayapLanna-Regular.jpg,ᨡ᩶ᩣᩅᨪᩬ᩠ᨿ,ข้าวซอย,ข้าว-ซอย,PayapLanna-Regular,79
images/lanna_00769_NotoSansTaiTham.jpg,ᨡ᩶ᩣᩅᨪᩬ᩠ᨿ,ข้าวซอย,ข้าว-ซอย,NotoSansTaiTham,58
images/lanna_00770_LNTilok.jpg,ᨡ᩶ᩣᩅᨪᩬ᩠ᨿ,ข้าวซอย,ข้าว-ซอย,LNTilok,70
images/lanna_00771_LN-TILOK-6.10.jpg,ᨡ᩶ᩣᩅᨪᩬ᩠ᨿ,ข้าวซอย,ข้าว-ซอย,LN-TILOK-6.10,60
images/lanna_00772_PayapLanna-Bold.jpg,ᨡ᩶ᩣᩅᨪᩬ᩠ᨿ,ข้าวซอย,ข้าว-ซอย,PayapLanna-Bold,71
images/lanna_00773_PayapLanna-Regular.jpg,ᨡ᩶ᩣᩅᨪᩬ᩠ᨿ,ข้าวซอย,ข้าว-ซอย,PayapLanna-Regular,81
images/lanna_00774_NotoSansTaiTham.jpg,ᨡ᩶ᩣᩅᨪᩬ᩠ᨿ,ข้าวซอย,ข้าว-ซอย,NotoSansTaiTham,73
images/lanna_00775_LNTilok.jpg,ᨡ᩶ᩣᩅᨪᩬ᩠ᨿ,ข้าวซอย,ข้าว-ซอย,LNTilok,76
images/lanna_00776_LN-TILOK-6.10.jpg,ᨡ᩶ᩣᩅᨪᩬ᩠ᨿ,ข้าวซอย,ข้าว-ซอย,LN-TILOK-6.10,80
images/lanna_00777_PayapLanna-Bold.jpg,ᨡ᩶ᩣᩅᨪᩬ᩠ᨿ,ข้าวซอย,ข้าว-ซอย,PayapLanna-Bold,72
images/lanna_00778_PayapLanna-Regular.jpg,ᨡ᩶ᩣᩅᨪᩬ᩠ᨿ,ข้าวซอย,ข้าว-ซอย,PayapLanna-Regular,76
images/lanna_00779_NotoSansTaiTham.jpg,ᨡ᩶ᩣᩅᨪᩬ᩠ᨿ,ข้าวซอย,ข้าว-ซอย,NotoSansTaiTham,70
images/lanna_00780_LNTilok.jpg,ᨡ᩶ᩣᩅᨪᩬ᩠ᨿ,ข้าวซอย,ข้าว-ซอย,LNTilok,70
images/lanna_00781_LN-TILOK-6.10.jpg,ᨡ᩶ᩣᩅᨪᩬ᩠ᨿ,ข้าวซอย,ข้าว-ซอย,LN-TILOK-6.10,58
images/lanna_00782_PayapLanna-Bold.jpg,ᨡ᩶ᩣᩅᨪᩬ᩠ᨿ,ข้าวซอย,ข้าว-ซอย,PayapLanna-Bold,61
images/lanna_00783_PayapLanna-Regular.jpg,ᨡ᩶ᩣᩅᨪᩬ᩠ᨿ,ข้าวซอย,ข้าว-ซอย,PayapLanna-Regular,59
images/lanna_00784_NotoSansTaiTham.jpg,ᨡ᩶ᩣᩅᨪᩬ᩠ᨿ,ข้าวซอย,ข้าว-ซอย,NotoSansTaiTham,61
images/lanna_00785_LNTilok.jpg,ᨡ᩶ᩣᩅᨪᩬ᩠ᨿ,ข้าวซอย,ข้าว-ซอย,LNTilok,83
images/lanna_00786_LN-TILOK-6.10.jpg,ᨡ᩶ᩣᩅᨪᩬ᩠ᨿ,ข้าวซอย,ข้าว-ซอย,LN-TILOK-6.10,82
images/lanna_00787_PayapLanna-Bold.jpg,ᨡ᩶ᩣᩅᨪᩬ᩠ᨿ,ข้าวซอย,ข้าว-ซอย,PayapLanna-Bold,69
images/lanna_00788_PayapLanna-Regular.jpg,ᨡ᩶ᩣᩅᨪᩬ᩠ᨿ,ข้าวซอย,ข้าว-ซอย,PayapLanna-Regular,80
images/lanna_00789_NotoSansTaiTham.jpg,ᨡ᩶ᩣᩅᨪᩬ᩠ᨿ,ข้าวซอย,ข้าว-ซอย,NotoSansTaiTham,67
images/lanna_00790_LNTilok.jpg,ᨡ᩶ᩣᩅᨪᩬ᩠ᨿ,ข้าวซอย,ข้าว-ซอย,LNTilok,66
images/lanna_00791_LN-TILOK-6.10.jpg,ᨡ᩶ᩣᩅᨪᩬ᩠ᨿ,ข้าวซอย,ข้าว-ซอย,LN-TILOK-6.10,75
images/lanna_00792_PayapLanna-Bold.jpg,ᨡ᩶ᩣᩅᨪᩬ᩠ᨿ,ข้าวซอย,ข้าว-ซอย,PayapLanna-Bold,65
images/lanna_00793_PayapLanna-Regular.jpg,ᨡ᩶ᩣᩅᨪᩬ᩠ᨿ,ข้าวซอย,ข้าว-ซอย,PayapLanna-Regular,63
images/lanna_00794_NotoSansTaiTham.jpg,ᨡ᩶ᩣᩅᨪᩬ᩠ᨿ,ข้าวซอย,ข้าว-ซอย,NotoSansTaiTham,62
images/lanna_00795_LNTilok.jpg,ᨡ᩶ᩣᩅᨪᩬ᩠ᨿ,ข้าวซอย,ข้าว-ซอย,LNTilok,64
images/lanna_00796_LN-TILOK-6.10.jpg,ᨡ᩶ᩣᩅᨪᩬ᩠ᨿ,ข้าวซอย,ข้าว-ซอย,LN-TILOK-6.10,64
images/lanna_00797_PayapLanna-Bold.jpg,ᨡ᩶ᩣᩅᨪᩬ᩠ᨿ,ข้าวซอย,ข้าว-ซอย,PayapLanna-Bold,61
images/lanna_00798_PayapLanna-Regular.jpg,ᨡ᩶ᩣᩅᨪᩬ᩠ᨿ,ข้าวซอย,ข้าว-ซอย,PayapLanna-Regular,68
images/lanna_00799_NotoSansTaiTham.jpg,ᨡ᩶ᩣᩅᨪᩬ᩠ᨿ,ข้าวซอย,ข้าว-ซอย,NotoSansTaiTham,85
images/lanna_00800_LNTilok.jpg,ᨧᩣᩁᩅᩦ,จารวี,จา-ระ-วี,LNTilok,78
images/lanna_00801_LN-TILOK-6.10.jpg,ᨧᩣᩁᩅᩦ,จารวี,จา-ระ-วี,LN-TILOK-6.10,83
images/lanna_00802_PayapLanna-Bold.jpg,ᨧᩣᩁᩅᩦ,จารวี,จา-ระ-วี,PayapLanna-Bold,76
images/lanna_00803_PayapLanna-Regular.jpg,ᨧᩣᩁᩅᩦ,จารวี,จา-ระ-วี,PayapLanna-Regular,60
images/lanna_00804_NotoSansTaiTham.jpg,ᨧᩣᩁᩅᩦ,จารวี,จา-ระ-วี,NotoSansTaiTham,83
images/lanna_00805_LNTilok.jpg,ᨧᩣᩁᩅᩦ,จารวี,จา-ระ-วี,LNTilok,79
images/lanna_00806_LN-TILOK-6.10.jpg,ᨧᩣᩁᩅᩦ,จารวี,จา-ระ-วี,LN-TILOK-6.10,68
images/lanna_00807_PayapLanna-Bold.jpg,ᨧᩣᩁᩅᩦ,จารวี,จา-ระ-วี,PayapLanna-Bold,77
images/lanna_00808_PayapLanna-Regular.jpg,ᨧᩣᩁᩅᩦ,จารวี,จา-ระ-วี,PayapLanna-Regular,60
images/lanna_00809_NotoSansTaiTham.jpg,ᨧᩣᩁᩅᩦ,จารวี,จา-ระ-วี,NotoSansTaiTham,62
images/lanna_00810_LNTilok.jpg,ᨧᩣᩁᩅᩦ,จารวี,จา-ระ-วี,LNTilok,77
images/lanna_00811_LN-TILOK-6.10.jpg,ᨧᩣᩁᩅᩦ,จารวี,จา-ระ-วี,LN-TILOK-6.10,75
images/lanna_00812_PayapLanna-Bold.jpg,ᨧᩣᩁᩅᩦ,จารวี,จา-ระ-วี,PayapLanna-Bold,63
images/lanna_00813_PayapLanna-Regular.jpg,ᨧᩣᩁᩅᩦ,จารวี,จา-ระ-วี,PayapLanna-Regular,83
images/lanna_00814_NotoSansTaiTham.jpg,ᨧᩣᩁᩅᩦ,จารวี,จา-ระ-วี,NotoSansTaiTham,69
images/lanna_00815_LNTilok.jpg,ᨧᩣᩁᩅᩦ,จารวี,จา-ระ-วี,LNTilok,83
images/lanna_00816_LN-TILOK-6.10.jpg,ᨧᩣᩁᩅᩦ,จารวี,จา-ระ-วี,LN-TILOK-6.10,84
images/lanna_00817_PayapLanna-Bold.jpg,ᨧᩣᩁᩅᩦ,จารวี,จา-ระ-วี,PayapLanna-Bold,80
images/lanna_00818_PayapLanna-Regular.jpg,ᨧᩣᩁᩅᩦ,จารวี,จา-ระ-วี,PayapLanna-Regular,77
images/lanna_00819_NotoSansTaiTham.jpg,ᨧᩣᩁᩅᩦ,จารวี,จา-ระ-วี,NotoSansTaiTham,63
images/lanna_00820_LNTilok.jpg,ᨧᩣᩁᩅᩦ,จารวี,จา-ระ-วี,LNTilok,74
images/lanna_00821_LN-TILOK-6.10.jpg,ᨧᩣᩁᩅᩦ,จารวี,จา-ระ-วี,LN-TILOK-6.10,71
images/lanna_00822_PayapLanna-Bold.jpg,ᨧᩣᩁᩅᩦ,จารวี,จา-ระ-วี,PayapLanna-Bold,61
images/lanna_00823_PayapLanna-Regular.jpg,ᨧᩣᩁᩅᩦ,จารวี,จา-ระ-วี,PayapLanna-Regular,68
images/lanna_00824_NotoSansTaiTham.jpg,ᨧᩣᩁᩅᩦ,จารวี,จา-ระ-วี,NotoSansTaiTham,74
images/lanna_00825_LNTilok.jpg,ᨧᩣᩁᩅᩦ,จารวี,จา-ระ-วี,LNTilok,79
images/lanna_00826_LN-TILOK-6.10.jpg,ᨧᩣᩁᩅᩦ,จารวี,จา-ระ-วี,LN-TILOK-6.10,58
images/lanna_00827_PayapLanna-Bold.jpg,ᨧᩣᩁᩅᩦ,จารวี,จา-ระ-วี,PayapLanna-Bold,71
images/lanna_00828_PayapLanna-Regular.jpg,ᨧᩣᩁᩅᩦ,จารวี,จา-ระ-วี,PayapLanna-Regular,75
images/lanna_00829_NotoSansTaiTham.jpg,ᨧᩣᩁᩅᩦ,จารวี,จา-ระ-วี,NotoSansTaiTham,71
images/lanna_00830_LNTilok.jpg,ᨧᩣᩁᩅᩦ,จารวี,จา-ระ-วี,LNTilok,67
images/lanna_00831_LN-TILOK-6.10.jpg,ᨧᩣᩁᩅᩦ,จารวี,จา-ระ-วี,LN-TILOK-6.10,68
images/lanna_00832_PayapLanna-Bold.jpg,ᨧᩣᩁᩅᩦ,จารวี,จา-ระ-วี,PayapLanna-Bold,62
images/lanna_00833_PayapLanna-Regular.jpg,ᨧᩣᩁᩅᩦ,จารวี,จา-ระ-วี,PayapLanna-Regular,64
images/lanna_00834_NotoSansTaiTham.jpg,ᨧᩣᩁᩅᩦ,จารวี,จา-ระ-วี,NotoSansTaiTham,67
images/lanna_00835_LNTilok.jpg,ᨧᩣᩁᩅᩦ,จารวี,จา-ระ-วี,LNTilok,70
images/lanna_00836_LN-TILOK-6.10.jpg,ᨧᩣᩁᩅᩦ,จารวี,จา-ระ-วี,LN-TILOK-6.10,82
images/lanna_00837_PayapLanna-Bold.jpg,ᨧᩣᩁᩅᩦ,จารวี,จา-ระ-วี,PayapLanna-Bold,83
images/lanna_00838_PayapLanna-Regular.jpg,ᨧᩣᩁᩅᩦ,จารวี,จา-ระ-วี,PayapLanna-Regular,70
images/lanna_00839_NotoSansTaiTham.jpg,ᨧᩣᩁᩅᩦ,จารวี,จา-ระ-วี,NotoSansTaiTham,76
images/lanna_00840_LNTilok.jpg,ᩈ᩠ᩅᩢᩔᨯᩦ,สวัสดี,สะ-หวัด-ดี,LNTilok,78
images/lanna_00841_LN-TILOK-6.10.jpg,ᩈ᩠ᩅᩢᩔᨯᩦ,สวัสดี,สะ-หวัด-ดี,LN-TILOK-6.10,77
images/lanna_00842_PayapLanna-Bold.jpg,ᩈ᩠ᩅᩢᩔᨯᩦ,สวัสดี,สะ-หวัด-ดี,PayapLanna-Bold,79
images/lanna_00843_PayapLanna-Regular.jpg,ᩈ᩠ᩅᩢᩔᨯᩦ,สวัสดี,สะ-หวัด-ดี,PayapLanna-Regular,72
images/lanna_00844_NotoSansTaiTham.jpg,ᩈ᩠ᩅᩢᩔᨯᩦ,สวัสดี,สะ-หวัด-ดี,NotoSansTaiTham,66
images/lanna_00845_LNTilok.jpg,ᩈ᩠ᩅᩢᩔᨯᩦ,สวัสดี,สะ-หวัด-ดี,LNTilok,58
images/lanna_00846_LN-TILOK-6.10.jpg,ᩈ᩠ᩅᩢᩔᨯᩦ,สวัสดี,สะ-หวัด-ดี,LN-TILOK-6.10,71
images/lanna_00847_PayapLanna-Bold.jpg,ᩈ᩠ᩅᩢᩔᨯᩦ,สวัสดี,สะ-หวัด-ดี,PayapLanna-Bold,58
images/lanna_00848_PayapLanna-Regular.jpg,ᩈ᩠ᩅᩢᩔᨯᩦ,สวัสดี,สะ-หวัด-ดี,PayapLanna-Regular,59
images/lanna_00849_NotoSansTaiTham.jpg,ᩈ᩠ᩅᩢᩔᨯᩦ,สวัสดี,สะ-หวัด-ดี,NotoSansTaiTham,77
images/lanna_00850_LNTilok.jpg,ᩈ᩠ᩅᩢᩔᨯᩦ,สวัสดี,สะ-หวัด-ดี,LNTilok,71
images/lanna_00851_LN-TILOK-6.10.jpg,ᩈ᩠ᩅᩢᩔᨯᩦ,สวัสดี,สะ-หวัด-ดี,LN-TILOK-6.10,77
images/lanna_00852_PayapLanna-Bold.jpg,ᩈ᩠ᩅᩢᩔᨯᩦ,สวัสดี,สะ-หวัด-ดี,PayapLanna-Bold,81
images/lanna_00853_PayapLanna-Regular.jpg,ᩈ᩠ᩅᩢᩔᨯᩦ,สวัสดี,สะ-หวัด-ดี,PayapLanna-Regular,72
images/lanna_00854_NotoSansTaiTham.jpg,ᩈ᩠ᩅᩢᩔᨯᩦ,สวัสดี,สะ-หวัด-ดี,NotoSansTaiTham,72
images/lanna_00855_LNTilok.jpg,ᩈ᩠ᩅᩢᩔᨯᩦ,สวัสดี,สะ-หวัด-ดี,LNTilok,58
images/lanna_00856_LN-TILOK-6.10.jpg,ᩈ᩠ᩅᩢᩔᨯᩦ,สวัสดี,สะ-หวัด-ดี,LN-TILOK-6.10,58
images/lanna_00857_PayapLanna-Bold.jpg,ᩈ᩠ᩅᩢᩔᨯᩦ,สวัสดี,สะ-หวัด-ดี,PayapLanna-Bold,65
images/lanna_00858_PayapLanna-Regular.jpg,ᩈ᩠ᩅᩢᩔᨯᩦ,สวัสดี,สะ-หวัด-ดี,PayapLanna-Regular,72
images/lanna_00859_NotoSansTaiTham.jpg,ᩈ᩠ᩅᩢᩔᨯᩦ,สวัสดี,สะ-หวัด-ดี,NotoSansTaiTham,63
images/lanna_00860_LNTilok.jpg,ᩈ᩠ᩅᩢᩔᨯᩦ,สวัสดี,สะ-หวัด-ดี,LNTilok,84
images/lanna_00861_LN-TILOK-6.10.jpg,ᩈ᩠ᩅᩢᩔᨯᩦ,สวัสดี,สะ-หวัด-ดี,LN-TILOK-6.10,66
images/lanna_00862_PayapLanna-Bold.jpg,ᩈ᩠ᩅᩢᩔᨯᩦ,สวัสดี,สะ-หวัด-ดี,PayapLanna-Bold,63
images/lanna_00863_PayapLanna-Regular.jpg,ᩈ᩠ᩅᩢᩔᨯᩦ,สวัสดี,สะ-หวัด-ดี,PayapLanna-Regular,69
images/lanna_00864_NotoSansTaiTham.jpg,ᩈ᩠ᩅᩢᩔᨯᩦ,สวัสดี,สะ-หวัด-ดี,NotoSansTaiTham,64
images/lanna_00865_LNTilok.jpg,ᩈ᩠ᩅᩢᩔᨯᩦ,สวัสดี,สะ-หวัด-ดี,LNTilok,63
images/lanna_00866_LN-TILOK-6.10.jpg,ᩈ᩠ᩅᩢᩔᨯᩦ,สวัสดี,สะ-หวัด-ดี,LN-TILOK-6.10,71
images/lanna_00867_PayapLanna-Bold.jpg,ᩈ᩠ᩅᩢᩔᨯᩦ,สวัสดี,สะ-หวัด-ดี,PayapLanna-Bold,74
images/lanna_00868_PayapLanna-Regular.jpg,ᩈ᩠ᩅᩢᩔᨯᩦ,สวัสดี,สะ-หวัด-ดี,PayapLanna-Regular,62
images/lanna_00869_NotoSansTaiTham.jpg,ᩈ᩠ᩅᩢᩔᨯᩦ,สวัสดี,สะ-หวัด-ดี,NotoSansTaiTham,81
images/lanna_00870_LNTilok.jpg,ᩈ᩠ᩅᩢᩔᨯᩦ,สวัสดี,สะ-หวัด-ดี,LNTilok,63
images/lanna_00871_LN-TILOK-6.10.jpg,ᩈ᩠ᩅᩢᩔᨯᩦ,สวัสดี,สะ-หวัด-ดี,LN-TILOK-6.10,80
images/lanna_00872_PayapLanna-Bold.jpg,ᩈ᩠ᩅᩢᩔᨯᩦ,สวัสดี,สะ-หวัด-ดี,PayapLanna-Bold,64
images/lanna_00873_PayapLanna-Regular.jpg,ᩈ᩠ᩅᩢᩔᨯᩦ,สวัสดี,สะ-หวัด-ดี,PayapLanna-Regular,59
images/lanna_00874_NotoSansTaiTham.jpg,ᩈ᩠ᩅᩢᩔᨯᩦ,สวัสดี,สะ-หวัด-ดี,NotoSansTaiTham,65
images/lanna_00875_LNTilok.jpg,ᩈ᩠ᩅᩢᩔᨯᩦ,สวัสดี,สะ-หวัด-ดี,LNTilok,76
images/lanna_00876_LN-TILOK-6.10.jpg,ᩈ᩠ᩅᩢᩔᨯᩦ,สวัสดี,สะ-หวัด-ดี,LN-TILOK-6.10,78
images/lanna_00877_PayapLanna-Bold.jpg,ᩈ᩠ᩅᩢᩔᨯᩦ,สวัสดี,สะ-หวัด-ดี,PayapLanna-Bold,64
images/lanna_00878_PayapLanna-Regular.jpg,ᩈ᩠ᩅᩢᩔᨯᩦ,สวัสดี,สะ-หวัด-ดี,PayapLanna-Regular,82
images/lanna_00879_NotoSansTaiTham.jpg,ᩈ᩠ᩅᩢᩔᨯᩦ,สวัสดี,สะ-หวัด-ดี,NotoSansTaiTham,64
images/lanna_00880_LNTilok.jpg,ᨡᩬ᩠ᨷᨣᩩᨱ,ขอบคุณ,ขอบ-คุน,LNTilok,62
images/lanna_00881_LN-TILOK-6.10.jpg,ᨡᩬ᩠ᨷᨣᩩᨱ,ขอบคุณ,ขอบ-คุน,LN-TILOK-6.10,67
images/lanna_00882_PayapLanna-Bold.jpg,ᨡᩬ᩠ᨷᨣᩩᨱ,ขอบคุณ,ขอบ-คุน,PayapLanna-Bold,85
images/lanna_00883_PayapLanna-Regular.jpg,ᨡᩬ᩠ᨷᨣᩩᨱ,ขอบคุณ,ขอบ-คุน,PayapLanna-Regular,61
images/lanna_00884_NotoSansTaiTham.jpg,ᨡᩬ᩠ᨷᨣᩩᨱ,ขอบคุณ,ขอบ-คุน,NotoSansTaiTham,58
images/lanna_00885_LNTilok.jpg,ᨡᩬ᩠ᨷᨣᩩᨱ,ขอบคุณ,ขอบ-คุน,LNTilok,61
images/lanna_00886_LN-TILOK-6.10.jpg,ᨡᩬ᩠ᨷᨣᩩᨱ,ขอบคุณ,ขอบ-คุน,LN-TILOK-6.10,65
images/lanna_00887_PayapLanna-Bold.jpg,ᨡᩬ᩠ᨷᨣᩩᨱ,ขอบคุณ,ขอบ-คุน,PayapLanna-Bold,78
images/lanna_00888_PayapLanna-Regular.jpg,ᨡᩬ᩠ᨷᨣᩩᨱ,ขอบคุณ,ขอบ-คุน,PayapLanna-Regular,59
images/lanna_00889_NotoSansTaiTham.jpg,ᨡᩬ᩠ᨷᨣᩩᨱ,ขอบคุณ,ขอบ-คุน,NotoSansTaiTham,65
images/lanna_00890_LNTilok.jpg,ᨡᩬ᩠ᨷᨣᩩᨱ,ขอบคุณ,ขอบ-คุน,LNTilok,81
images/lanna_00891_LN-TILOK-6.10.jpg,ᨡᩬ᩠ᨷᨣᩩᨱ,ขอบคุณ,ขอบ-คุน,LN-TILOK-6.10,59
images/lanna_00892_PayapLanna-Bold.jpg,ᨡᩬ᩠ᨷᨣᩩᨱ,ขอบคุณ,ขอบ-คุน,PayapLanna-Bold,81
images/lanna_00893_PayapLanna-Regular.jpg,ᨡᩬ᩠ᨷᨣᩩᨱ,ขอบคุณ,ขอบ-คุน,PayapLanna-Regular,63
images/lanna_00894_NotoSansTaiTham.jpg,ᨡᩬ᩠ᨷᨣᩩᨱ,ขอบคุณ,ขอบ-คุน,NotoSansTaiTham,80
images/lanna_00895_LNTilok.jpg,ᨡᩬ᩠ᨷᨣᩩᨱ,ขอบคุณ,ขอบ-คุน,LNTilok,63
images/lanna_00896_LN-TILOK-6.10.jpg,ᨡᩬ᩠ᨷᨣᩩᨱ,ขอบคุณ,ขอบ-คุน,LN-TILOK-6.10,59
images/lanna_00897_PayapLanna-Bold.jpg,ᨡᩬ᩠ᨷᨣᩩᨱ,ขอบคุณ,ขอบ-คุน,PayapLanna-Bold,79
images/lanna_00898_PayapLanna-Regular.jpg,ᨡᩬ᩠ᨷᨣᩩᨱ,ขอบคุณ,ขอบ-คุน,PayapLanna-Regular,74
images/lanna_00899_NotoSansTaiTham.jpg,ᨡᩬ᩠ᨷᨣᩩᨱ,ขอบคุณ,ขอบ-คุน,NotoSansTaiTham,79
images/lanna_00900_LNTilok.jpg,ᨡᩬ᩠ᨷᨣᩩᨱ,ขอบคุณ,ขอบ-คุน,LNTilok,76
images/lanna_00901_LN-TILOK-6.10.jpg,ᨡᩬ᩠ᨷᨣᩩᨱ,ขอบคุณ,ขอบ-คุน,LN-TILOK-6.10,68
images/lanna_00902_PayapLanna-Bold.jpg,ᨡᩬ᩠ᨷᨣᩩᨱ,ขอบคุณ,ขอบ-คุน,PayapLanna-Bold,61
images/lanna_00903_PayapLanna-Regular.jpg,ᨡᩬ᩠ᨷᨣᩩᨱ,ขอบคุณ,ขอบ-คุน,PayapLanna-Regular,80
images/lanna_00904_NotoSansTaiTham.jpg,ᨡᩬ᩠ᨷᨣᩩᨱ,ขอบคุณ,ขอบ-คุน,NotoSansTaiTham,60
images/lanna_00905_LNTilok.jpg,ᨡᩬ᩠ᨷᨣᩩᨱ,ขอบคุณ,ขอบ-คุน,LNTilok,61
images/lanna_00906_LN-TILOK-6.10.jpg,ᨡᩬ᩠ᨷᨣᩩᨱ,ขอบคุณ,ขอบ-คุน,LN-TILOK-6.10,74
images/lanna_00907_PayapLanna-Bold.jpg,ᨡᩬ᩠ᨷᨣᩩᨱ,ขอบคุณ,ขอบ-คุน,PayapLanna-Bold,64
images/lanna_00908_PayapLanna-Regular.jpg,ᨡᩬ᩠ᨷᨣᩩᨱ,ขอบคุณ,ขอบ-คุน,PayapLanna-Regular,73
images/lanna_00909_NotoSansTaiTham.jpg,ᨡᩬ᩠ᨷᨣᩩᨱ,ขอบคุณ,ขอบ-คุน,NotoSansTaiTham,66
images/lanna_00910_LNTilok.jpg,ᨡᩬ᩠ᨷᨣᩩᨱ,ขอบคุณ,ขอบ-คุน,LNTilok,84
images/lanna_00911_LN-TILOK-6.10.jpg,ᨡᩬ᩠ᨷᨣᩩᨱ,ขอบคุณ,ขอบ-คุน,LN-TILOK-6.10,82
images/lanna_00912_PayapLanna-Bold.jpg,ᨡᩬ᩠ᨷᨣᩩᨱ,ขอบคุณ,ขอบ-คุน,PayapLanna-Bold,73
images/lanna_00913_PayapLanna-Regular.jpg,ᨡᩬ᩠ᨷᨣᩩᨱ,ขอบคุณ,ขอบ-คุน,PayapLanna-Regular,70
images/lanna_00914_NotoSansTaiTham.jpg,ᨡᩬ᩠ᨷᨣᩩᨱ,ขอบคุณ,ขอบ-คุน,NotoSansTaiTham,68
images/lanna_00915_LNTilok.jpg,ᨡᩬ᩠ᨷᨣᩩᨱ,ขอบคุณ,ขอบ-คุน,LNTilok,74
images/lanna_00916_LN-TILOK-6.10.jpg,ᨡᩬ᩠ᨷᨣᩩᨱ,ขอบคุณ,ขอบ-คุน,LN-TILOK-6.10,69
images/lanna_00917_PayapLanna-Bold.jpg,ᨡᩬ᩠ᨷᨣᩩᨱ,ขอบคุณ,ขอบ-คุน,PayapLanna-Bold,77
images/lanna_00918_PayapLanna-Regular.jpg,ᨡᩬ᩠ᨷᨣᩩᨱ,ขอบคุณ,ขอบ-คุน,PayapLanna-Regular,58
images/lanna_00919_NotoSansTaiTham.jpg,ᨡᩬ᩠ᨷᨣᩩᨱ,ขอบคุณ,ขอบ-คุน,NotoSansTaiTham,69
images/lanna_00920_LNTilok.jpg,ᨣᩤᩴᨾᩮᩬᩥᨦ,คำเมือง,กำ-เมือง,LNTilok,70
images/lanna_00921_LN-TILOK-6.10.jpg,ᨣᩤᩴᨾᩮᩬᩥᨦ,คำเมือง,กำ-เมือง,LN-TILOK-6.10,80
images/lanna_00922_PayapLanna-Bold.jpg,ᨣᩤᩴᨾᩮᩬᩥᨦ,คำเมือง,กำ-เมือง,PayapLanna-Bold,59
images/lanna_00923_PayapLanna-Regular.jpg,ᨣᩤᩴᨾᩮᩬᩥᨦ,คำเมือง,กำ-เมือง,PayapLanna-Regular,81
images/lanna_00924_NotoSansTaiTham.jpg,ᨣᩤᩴᨾᩮᩬᩥᨦ,คำเมือง,กำ-เมือง,NotoSansTaiTham,72
images/lanna_00925_LNTilok.jpg,ᨣᩤᩴᨾᩮᩬᩥᨦ,คำเมือง,กำ-เมือง,LNTilok,68
images/lanna_00926_LN-TILOK-6.10.jpg,ᨣᩤᩴᨾᩮᩬᩥᨦ,คำเมือง,กำ-เมือง,LN-TILOK-6.10,60
images/lanna_00927_PayapLanna-Bold.jpg,ᨣᩤᩴᨾᩮᩬᩥᨦ,คำเมือง,กำ-เมือง,PayapLanna-Bold,61
images/lanna_00928_PayapLanna-Regular.jpg,ᨣᩤᩴᨾᩮᩬᩥᨦ,คำเมือง,กำ-เมือง,PayapLanna-Regular,70
images/lanna_00929_NotoSansTaiTham.jpg,ᨣᩤᩴᨾᩮᩬᩥᨦ,คำเมือง,กำ-เมือง,NotoSansTaiTham,64
images/lanna_00930_LNTilok.jpg,ᨣᩤᩴᨾᩮᩬᩥᨦ,คำเมือง,กำ-เมือง,LNTilok,78
images/lanna_00931_LN-TILOK-6.10.jpg,ᨣᩤᩴᨾᩮᩬᩥᨦ,คำเมือง,กำ-เมือง,LN-TILOK-6.10,66
images/lanna_00932_PayapLanna-Bold.jpg,ᨣᩤᩴᨾᩮᩬᩥᨦ,คำเมือง,กำ-เมือง,PayapLanna-Bold,60
images/lanna_00933_PayapLanna-Regular.jpg,ᨣᩤᩴᨾᩮᩬᩥᨦ,คำเมือง,กำ-เมือง,PayapLanna-Regular,82
images/lanna_00934_NotoSansTaiTham.jpg,ᨣᩤᩴᨾᩮᩬᩥᨦ,คำเมือง,กำ-เมือง,NotoSansTaiTham,84
images/lanna_00935_LNTilok.jpg,ᨣᩤᩴᨾᩮᩬᩥᨦ,คำเมือง,กำ-เมือง,LNTilok,78
images/lanna_00936_LN-TILOK-6.10.jpg,ᨣᩤᩴᨾᩮᩬᩥᨦ,คำเมือง,กำ-เมือง,LN-TILOK-6.10,68
images/lanna_00937_PayapLanna-Bold.jpg,ᨣᩤᩴᨾᩮᩬᩥᨦ,คำเมือง,กำ-เมือง,PayapLanna-Bold,82
images/lanna_00938_PayapLanna-Regular.jpg,ᨣᩤᩴᨾᩮᩬᩥᨦ,คำเมือง,กำ-เมือง,PayapLanna-Regular,76
images/lanna_00939_NotoSansTaiTham.jpg,ᨣᩤᩴᨾᩮᩬᩥᨦ,คำเมือง,กำ-เมือง,NotoSansTaiTham,83
images/lanna_00940_LNTilok.jpg,ᨣᩤᩴᨾᩮᩬᩥᨦ,คำเมือง,กำ-เมือง,LNTilok,75
images/lanna_00941_LN-TILOK-6.10.jpg,ᨣᩤᩴᨾᩮᩬᩥᨦ,คำเมือง,กำ-เมือง,LN-TILOK-6.10,85
images/lanna_00942_PayapLanna-Bold.jpg,ᨣᩤᩴᨾᩮᩬᩥᨦ,คำเมือง,กำ-เมือง,PayapLanna-Bold,63
images/lanna_00943_PayapLanna-Regular.jpg,ᨣᩤᩴᨾᩮᩬᩥᨦ,คำเมือง,กำ-เมือง,PayapLanna-Regular,64
images/lanna_00944_NotoSansTaiTham.jpg,ᨣᩤᩴᨾᩮᩬᩥᨦ,คำเมือง,กำ-เมือง,NotoSansTaiTham,67
images/lanna_00945_LNTilok.jpg,ᨣᩤᩴᨾᩮᩬᩥᨦ,คำเมือง,กำ-เมือง,LNTilok,71
images/lanna_00946_LN-TILOK-6.10.jpg,ᨣᩤᩴᨾᩮᩬᩥᨦ,คำเมือง,กำ-เมือง,LN-TILOK-6.10,78
images/lanna_00947_PayapLanna-Bold.jpg,ᨣᩤᩴᨾᩮᩬᩥᨦ,คำเมือง,กำ-เมือง,PayapLanna-Bold,85
images/lanna_00948_PayapLanna-Regular.jpg,ᨣᩤᩴᨾᩮᩬᩥᨦ,คำเมือง,กำ-เมือง,PayapLanna-Regular,60
images/lanna_00949_NotoSansTaiTham.jpg,ᨣᩤᩴᨾᩮᩬᩥᨦ,คำเมือง,กำ-เมือง,NotoSansTaiTham,69
images/lanna_00950_LNTilok.jpg,ᨣᩤᩴᨾᩮᩬᩥᨦ,คำเมือง,กำ-เมือง,LNTilok,58
images/lanna_00951_LN-TILOK-6.10.jpg,ᨣᩤᩴᨾᩮᩬᩥᨦ,คำเมือง,กำ-เมือง,LN-TILOK-6.10,62
images/lanna_00952_PayapLanna-Bold.jpg,ᨣᩤᩴᨾᩮᩬᩥᨦ,คำเมือง,กำ-เมือง,PayapLanna-Bold,84
images/lanna_00953_PayapLanna-Regular.jpg,ᨣᩤᩴᨾᩮᩬᩥᨦ,คำเมือง,กำ-เมือง,PayapLanna-Regular,66
images/lanna_00954_NotoSansTaiTham.jpg,ᨣᩤᩴᨾᩮᩬᩥᨦ,คำเมือง,กำ-เมือง,NotoSansTaiTham,66
images/lanna_00955_LNTilok.jpg,ᨣᩤᩴᨾᩮᩬᩥᨦ,คำเมือง,กำ-เมือง,LNTilok,63
images/lanna_00956_LN-TILOK-6.10.jpg,ᨣᩤᩴᨾᩮᩬᩥᨦ,คำเมือง,กำ-เมือง,LN-TILOK-6.10,83
images/lanna_00957_PayapLanna-Bold.jpg,ᨣᩤᩴᨾᩮᩬᩥᨦ,คำเมือง,กำ-เมือง,PayapLanna-Bold,75
images/lanna_00958_PayapLanna-Regular.jpg,ᨣᩤᩴᨾᩮᩬᩥᨦ,คำเมือง,กำ-เมือง,PayapLanna-Regular,61
images/lanna_00959_NotoSansTaiTham.jpg,ᨣᩤᩴᨾᩮᩬᩥᨦ,คำเมือง,กำ-เมือง,NotoSansTaiTham,74
images/lanna_00960_LNTilok.jpg,ᨲ᩠ᩅᩫᨾᩮᩬᩥᨦ,ตั๋วเมือง,ตั๋ว-เมือง,LNTilok,70
images/lanna_00961_LN-TILOK-6.10.jpg,ᨲ᩠ᩅᩫᨾᩮᩬᩥᨦ,ตั๋วเมือง,ตั๋ว-เมือง,LN-TILOK-6.10,65
images/lanna_00962_PayapLanna-Bold.jpg,ᨲ᩠ᩅᩫᨾᩮᩬᩥᨦ,ตั๋วเมือง,ตั๋ว-เมือง,PayapLanna-Bold,68
images/lanna_00963_PayapLanna-Regular.jpg,ᨲ᩠ᩅᩫᨾᩮᩬᩥᨦ,ตั๋วเมือง,ตั๋ว-เมือง,PayapLanna-Regular,77
images/lanna_00964_NotoSansTaiTham.jpg,ᨲ᩠ᩅᩫᨾᩮᩬᩥᨦ,ตั๋วเมือง,ตั๋ว-เมือง,NotoSansTaiTham,82
images/lanna_00965_LNTilok.jpg,ᨲ᩠ᩅᩫᨾᩮᩬᩥᨦ,ตั๋วเมือง,ตั๋ว-เมือง,LNTilok,65
images/lanna_00966_LN-TILOK-6.10.jpg,ᨲ᩠ᩅᩫᨾᩮᩬᩥᨦ,ตั๋วเมือง,ตั๋ว-เมือง,LN-TILOK-6.10,70
images/lanna_00967_PayapLanna-Bold.jpg,ᨲ᩠ᩅᩫᨾᩮᩬᩥᨦ,ตั๋วเมือง,ตั๋ว-เมือง,PayapLanna-Bold,83
images/lanna_00968_PayapLanna-Regular.jpg,ᨲ᩠ᩅᩫᨾᩮᩬᩥᨦ,ตั๋วเมือง,ตั๋ว-เมือง,PayapLanna-Regular,65
images/lanna_00969_NotoSansTaiTham.jpg,ᨲ᩠ᩅᩫᨾᩮᩬᩥᨦ,ตั๋วเมือง,ตั๋ว-เมือง,NotoSansTaiTham,62
images/lanna_00970_LNTilok.jpg,ᨲ᩠ᩅᩫᨾᩮᩬᩥᨦ,ตั๋วเมือง,ตั๋ว-เมือง,LNTilok,79
images/lanna_00971_LN-TILOK-6.10.jpg,ᨲ᩠ᩅᩫᨾᩮᩬᩥᨦ,ตั๋วเมือง,ตั๋ว-เมือง,LN-TILOK-6.10,72
images/lanna_00972_PayapLanna-Bold.jpg,ᨲ᩠ᩅᩫᨾᩮᩬᩥᨦ,ตั๋วเมือง,ตั๋ว-เมือง,PayapLanna-Bold,64
images/lanna_00973_PayapLanna-Regular.jpg,ᨲ᩠ᩅᩫᨾᩮᩬᩥᨦ,ตั๋วเมือง,ตั๋ว-เมือง,PayapLanna-Regular,67
images/lanna_00974_NotoSansTaiTham.jpg,ᨲ᩠ᩅᩫᨾᩮᩬᩥᨦ,ตั๋วเมือง,ตั๋ว-เมือง,NotoSansTaiTham,58
images/lanna_00975_LNTilok.jpg,ᨲ᩠ᩅᩫᨾᩮᩬᩥᨦ,ตั๋วเมือง,ตั๋ว-เมือง,LNTilok,82
images/lanna_00976_LN-TILOK-6.10.jpg,ᨲ᩠ᩅᩫᨾᩮᩬᩥᨦ,ตั๋วเมือง,ตั๋ว-เมือง,LN-TILOK-6.10,64
images/lanna_00977_PayapLanna-Bold.jpg,ᨲ᩠ᩅᩫᨾᩮᩬᩥᨦ,ตั๋วเมือง,ตั๋ว-เมือง,PayapLanna-Bold,70
images/lanna_00978_PayapLanna-Regular.jpg,ᨲ᩠ᩅᩫᨾᩮᩬᩥᨦ,ตั๋วเมือง,ตั๋ว-เมือง,PayapLanna-Regular,77
images/lanna_00979_NotoSansTaiTham.jpg,ᨲ᩠ᩅᩫᨾᩮᩬᩥᨦ,ตั๋วเมือง,ตั๋ว-เมือง,NotoSansTaiTham,72
images/lanna_00980_LNTilok.jpg,ᨲ᩠ᩅᩫᨾᩮᩬᩥᨦ,ตั๋วเมือง,ตั๋ว-เมือง,LNTilok,71
images/lanna_00981_LN-TILOK-6.10.jpg,ᨲ᩠ᩅᩫᨾᩮᩬᩥᨦ,ตั๋วเมือง,ตั๋ว-เมือง,LN-TILOK-6.10,73
images/lanna_00982_PayapLanna-Bold.jpg,ᨲ᩠ᩅᩫᨾᩮᩬᩥᨦ,ตั๋วเมือง,ตั๋ว-เมือง,PayapLanna-Bold,67
images/lanna_00983_PayapLanna-Regular.jpg,ᨲ᩠ᩅᩫᨾᩮᩬᩥᨦ,ตั๋วเมือง,ตั๋ว-เมือง,PayapLanna-Regular,83
images/lanna_00984_NotoSansTaiTham.jpg,ᨲ᩠ᩅᩫᨾᩮᩬᩥᨦ,ตั๋วเมือง,ตั๋ว-เมือง,NotoSansTaiTham,72
images/lanna_00985_LNTilok.jpg,ᨲ᩠ᩅᩫᨾᩮᩬᩥᨦ,ตั๋วเมือง,ตั๋ว-เมือง,LNTilok,69
images/lanna_00986_LN-TILOK-6.10.jpg,ᨲ᩠ᩅᩫᨾᩮᩬᩥᨦ,ตั๋วเมือง,ตั๋ว-เมือง,LN-TILOK-6.10,80
images/lanna_00987_PayapLanna-Bold.jpg,ᨲ᩠ᩅᩫᨾᩮᩬᩥᨦ,ตั๋วเมือง,ตั๋ว-เมือง,PayapLanna-Bold,58
images/lanna_00988_PayapLanna-Regular.jpg,ᨲ᩠ᩅᩫᨾᩮᩬᩥᨦ,ตั๋วเมือง,ตั๋ว-เมือง,PayapLanna-Regular,75
images/lanna_00989_NotoSansTaiTham.jpg,ᨲ᩠ᩅᩫᨾᩮᩬᩥᨦ,ตั๋วเมือง,ตั๋ว-เมือง,NotoSansTaiTham,75
images/lanna_00990_LNTilok.jpg,ᨲ᩠ᩅᩫᨾᩮᩬᩥᨦ,ตั๋วเมือง,ตั๋ว-เมือง,LNTilok,77
images/lanna_00991_LN-TILOK-6.10.jpg,ᨲ᩠ᩅᩫᨾᩮᩬᩥᨦ,ตั๋วเมือง,ตั๋ว-เมือง,LN-TILOK-6.10,68
images/lanna_00992_PayapLanna-Bold.jpg,ᨲ᩠ᩅᩫᨾᩮᩬᩥᨦ,ตั๋วเมือง,ตั๋ว-เมือง,PayapLanna-Bold,84
images/lanna_00993_PayapLanna-Regular.jpg,ᨲ᩠ᩅᩫᨾᩮᩬᩥᨦ,ตั๋วเมือง,ตั๋ว-เมือง,PayapLanna-Regular,70
images/lanna_00994_NotoSansTaiTham.jpg,ᨲ᩠ᩅᩫᨾᩮᩬᩥᨦ,ตั๋วเมือง,ตั๋ว-เมือง,NotoSansTaiTham,60
images/lanna_00995_LNTilok.jpg,ᨲ᩠ᩅᩫᨾᩮᩬᩥᨦ,ตั๋วเมือง,ตั๋ว-เมือง,LNTilok,67
images/lanna_00996_LN-TILOK-6.10.jpg,ᨲ᩠ᩅᩫᨾᩮᩬᩥᨦ,ตั๋วเมือง,ตั๋ว-เมือง,LN-TILOK-6.10,59
images/lanna_00997_PayapLanna-Bold.jpg,ᨲ᩠ᩅᩫᨾᩮᩬᩥᨦ,ตั๋วเมือง,ตั๋ว-เมือง,PayapLanna-Bold,81
images/lanna_00998_PayapLanna-Regular.jpg,ᨲ᩠ᩅᩫᨾᩮᩬᩥᨦ,ตั๋วเมือง,ตั๋ว-เมือง,PayapLanna-Regular,65
images/lanna_00999_NotoSansTaiTham.jpg,ᨲ᩠ᩅᩫᨾᩮᩬᩥᨦ,ตั๋วเมือง,ตั๋ว-เมือง,NotoSansTaiTham,76
images/lanna_01000_LNTilok.jpg,ᨡ᩶ᩣᩅ,ข้าว,ข้าว,LNTilok,85
images/lanna_01001_LN-TILOK-6.10.jpg,ᨡ᩶ᩣᩅ,ข้าว,ข้าว,LN-TILOK-6.10,82
images/lanna_01002_PayapLanna-Bold.jpg,ᨡ᩶ᩣᩅ,ข้าว,ข้าว,PayapLanna-Bold,61
images/lanna_01003_PayapLanna-Regular.jpg,ᨡ᩶ᩣᩅ,ข้าว,ข้าว,PayapLanna-Regular,72
images/lanna_01004_NotoSansTaiTham.jpg,ᨡ᩶ᩣᩅ,ข้าว,ข้าว,NotoSansTaiTham,82
images/lanna_01005_LNTilok.jpg,ᨡ᩶ᩣᩅ,ข้าว,ข้าว,LNTilok,84
images/lanna_01006_LN-TILOK-6.10.jpg,ᨡ᩶ᩣᩅ,ข้าว,ข้าว,LN-TILOK-6.10,69
images/lanna_01007_PayapLanna-Bold.jpg,ᨡ᩶ᩣᩅ,ข้าว,ข้าว,PayapLanna-Bold,65
images/lanna_01008_PayapLanna-Regular.jpg,ᨡ᩶ᩣᩅ,ข้าว,ข้าว,PayapLanna-Regular,69
images/lanna_01009_NotoSansTaiTham.jpg,ᨡ᩶ᩣᩅ,ข้าว,ข้าว,NotoSansTaiTham,78
images/lanna_01010_LNTilok.jpg,ᨡ᩶ᩣᩅ,ข้าว,ข้าว,LNTilok,82
images/lanna_01011_LN-TILOK-6.10.jpg,ᨡ᩶ᩣᩅ,ข้าว,ข้าว,LN-TILOK-6.10,68
images/lanna_01012_PayapLanna-Bold.jpg,ᨡ᩶ᩣᩅ,ข้าว,ข้าว,PayapLanna-Bold,77
images/lanna_01013_PayapLanna-Regular.jpg,ᨡ᩶ᩣᩅ,ข้าว,ข้าว,PayapLanna-Regular,73
images/lanna_01014_NotoSansTaiTham.jpg,ᨡ᩶ᩣᩅ,ข้าว,ข้าว,NotoSansTaiTham,59
images/lanna_01015_LNTilok.jpg,ᨡ᩶ᩣᩅ,ข้าว,ข้าว,LNTilok,70
images/lanna_01016_LN-TILOK-6.10.jpg,ᨡ᩶ᩣᩅ,ข้าว,ข้าว,LN-TILOK-6.10,76
images/lanna_01017_PayapLanna-Bold.jpg,ᨡ᩶ᩣᩅ,ข้าว,ข้าว,PayapLanna-Bold,74
images/lanna_01018_PayapLanna-Regular.jpg,ᨡ᩶ᩣᩅ,ข้าว,ข้าว,PayapLanna-Regular,83
images/lanna_01019_NotoSansTaiTham.jpg,ᨡ᩶ᩣᩅ,ข้าว,ข้าว,NotoSansTaiTham,84
images/lanna_01020_LNTilok.jpg,ᨡ᩶ᩣᩅ,ข้าว,ข้าว,LNTilok,64
images/lanna_01021_LN-TILOK-6.10.jpg,ᨡ᩶ᩣᩅ,ข้าว,ข้าว,LN-TILOK-6.10,82
images/lanna_01022_PayapLanna-Bold.jpg,ᨡ᩶ᩣᩅ,ข้าว,ข้าว,PayapLanna-Bold,62
images/lanna_01023_PayapLanna-Regular.jpg,ᨡ᩶ᩣᩅ,ข้าว,ข้าว,PayapLanna-Regular,75
images/lanna_01024_NotoSansTaiTham.jpg,ᨡ᩶ᩣᩅ,ข้าว,ข้าว,NotoSansTaiTham,65
images/lanna_01025_LNTilok.jpg,ᨡ᩶ᩣᩅ,ข้าว,ข้าว,LNTilok,59
images/lanna_01026_LN-TILOK-6.10.jpg,ᨡ᩶ᩣᩅ,ข้าว,ข้าว,LN-TILOK-6.10,58
images/lanna_01027_PayapLanna-Bold.jpg,ᨡ᩶ᩣᩅ,ข้าว,ข้าว,PayapLanna-Bold,71
images/lanna_01028_PayapLanna-Regular.jpg,ᨡ᩶ᩣᩅ,ข้าว,ข้าว,PayapLanna-Regular,62
images/lanna_01029_NotoSansTaiTham.jpg,ᨡ᩶ᩣᩅ,ข้าว,ข้าว,NotoSansTaiTham,58
images/lanna_01030_LNTilok.jpg,ᨡ᩶ᩣᩅ,ข้าว,ข้าว,LNTilok,79
images/lanna_01031_LN-TILOK-6.10.jpg,ᨡ᩶ᩣᩅ,ข้าว,ข้าว,LN-TILOK-6.10,58
images/lanna_01032_PayapLanna-Bold.jpg,ᨡ᩶ᩣᩅ,ข้าว,ข้าว,PayapLanna-Bold,78
images/lanna_01033_PayapLanna-Regular.jpg,ᨡ᩶ᩣᩅ,ข้าว,ข้าว,PayapLanna-Regular,71
images/lanna_01034_NotoSansTaiTham.jpg,ᨡ᩶ᩣᩅ,ข้าว,ข้าว,NotoSansTaiTham,64
images/lanna_01035_LNTilok.jpg,ᨡ᩶ᩣᩅ,ข้าว,ข้าว,LNTilok,65
images/lanna_01036_LN-TILOK-6.10.jpg,ᨡ᩶ᩣᩅ,ข้าว,ข้าว,LN-TILOK-6.10,59
images/lanna_01037_PayapLanna-Bold.jpg,ᨡ᩶ᩣᩅ,ข้าว,ข้าว,PayapLanna-Bold,73
images/lanna_01038_PayapLanna-Regular.jpg,ᨡ᩶ᩣᩅ,ข้าว,ข้าว,PayapLanna-Regular,59
images/lanna_01039_NotoSansTaiTham.jpg,ᨡ᩶ᩣᩅ,ข้าว,ข้าว,NotoSansTaiTham,63
images/lanna_01040_LNTilok.jpg,ᨶᩣᩴ᩶,น้ำ,น้ำ,LNTilok,71
images/lanna_01041_LN-TILOK-6.10.jpg,ᨶᩣᩴ᩶,น้ำ,น้ำ,LN-TILOK-6.10,84
images/lanna_01042_PayapLanna-Bold.jpg,ᨶᩣᩴ᩶,น้ำ,น้ำ,PayapLanna-Bold,59
images/lanna_01043_PayapLanna-Regular.jpg,ᨶᩣᩴ᩶,น้ำ,น้ำ,PayapLanna-Regular,60
images/lanna_01044_NotoSansTaiTham.jpg,ᨶᩣᩴ᩶,น้ำ,น้ำ,NotoSansTaiTham,83
images/lanna_01045_LNTilok.jpg,ᨶᩣᩴ᩶,น้ำ,น้ำ,LNTilok,83
images/lanna_01046_LN-TILOK-6.10.jpg,ᨶᩣᩴ᩶,น้ำ,น้ำ,LN-TILOK-6.10,83
images/lanna_01047_PayapLanna-Bold.jpg,ᨶᩣᩴ᩶,น้ำ,น้ำ,PayapLanna-Bold,82
images/lanna_01048_PayapLanna-Regular.jpg,ᨶᩣᩴ᩶,น้ำ,น้ำ,PayapLanna-Regular,58
images/lanna_01049_NotoSansTaiTham.jpg,ᨶᩣᩴ᩶,น้ำ,น้ำ,NotoSansTaiTham,59
images/lanna_01050_LNTilok.jpg,ᨶᩣᩴ᩶,น้ำ,น้ำ,LNTilok,77
images/lanna_01051_LN-TILOK-6.10.jpg,ᨶᩣᩴ᩶,น้ำ,น้ำ,LN-TILOK-6.10,78
images/lanna_01052_PayapLanna-Bold.jpg,ᨶᩣᩴ᩶,น้ำ,น้ำ,PayapLanna-Bold,59
images/lanna_01053_PayapLanna-Regular.jpg,ᨶᩣᩴ᩶,น้ำ,น้ำ,PayapLanna-Regular,65
images/lanna_01054_NotoSansTaiTham.jpg,ᨶᩣᩴ᩶,น้ำ,น้ำ,NotoSansTaiTham,79
images/lanna_01055_LNTilok.jpg,ᨶᩣᩴ᩶,น้ำ,น้ำ,LNTilok,76
images/lanna_01056_LN-TILOK-6.10.jpg,ᨶᩣᩴ᩶,น้ำ,น้ำ,LN-TILOK-6.10,80
images/lanna_01057_PayapLanna-Bold.jpg,ᨶᩣᩴ᩶,น้ำ,น้ำ,PayapLanna-Bold,74
images/lanna_01058_PayapLanna-Regular.jpg,ᨶᩣᩴ᩶,น้ำ,น้ำ,PayapLanna-Regular,74
images/lanna_01059_NotoSansTaiTham.jpg,ᨶᩣᩴ᩶,น้ำ,น้ำ,NotoSansTaiTham,77
images/lanna_01060_LNTilok.jpg,ᨶᩣᩴ᩶,น้ำ,น้ำ,LNTilok,65
images/lanna_01061_LN-TILOK-6.10.jpg,ᨶᩣᩴ᩶,น้ำ,น้ำ,LN-TILOK-6.10,73
images/lanna_01062_PayapLanna-Bold.jpg,ᨶᩣᩴ᩶,น้ำ,น้ำ,PayapLanna-Bold,58
images/lanna_01063_PayapLanna-Regular.jpg,ᨶᩣᩴ᩶,น้ำ,น้ำ,PayapLanna-Regular,85
images/lanna_01064_NotoSansTaiTham.jpg,ᨶᩣᩴ᩶,น้ำ,น้ำ,NotoSansTaiTham,60
images/lanna_01065_LNTilok.jpg,ᨶᩣᩴ᩶,น้ำ,น้ำ,LNTilok,60
images/lanna_01066_LN-TILOK-6.10.jpg,ᨶᩣᩴ᩶,น้ำ,น้ำ,LN-TILOK-6.10,76
images/lanna_01067_PayapLanna-Bold.jpg,ᨶᩣᩴ᩶,น้ำ,น้ำ,PayapLanna-Bold,69
images/lanna_01068_PayapLanna-Regular.jpg,ᨶᩣᩴ᩶,น้ำ,น้ำ,PayapLanna-Regular,78
images/lanna_01069_NotoSansTaiTham.jpg,ᨶᩣᩴ᩶,น้ำ,น้ำ,NotoSansTaiTham,69
images/lanna_01070_LNTilok.jpg,ᨶᩣᩴ᩶,น้ำ,น้ำ,LNTilok,82
images/lanna_01071_LN-TILOK-6.10.jpg,ᨶᩣᩴ᩶,น้ำ,น้ำ,LN-TILOK-6.10,63
images/lanna_01072_PayapLanna-Bold.jpg,ᨶᩣᩴ᩶,น้ำ,น้ำ,PayapLanna-Bold,71
images/lanna_01073_PayapLanna-Regular.jpg,ᨶᩣᩴ᩶,น้ำ,น้ำ,PayapLanna-Regular,82
images/lanna_01074_NotoSansTaiTham.jpg,ᨶᩣᩴ᩶,น้ำ,น้ำ,NotoSansTaiTham,76
images/lanna_01075_LNTilok.jpg,ᨶᩣᩴ᩶,น้ำ,น้ำ,LNTilok,84
images/lanna_01076_LN-TILOK-6.10.jpg,ᨶᩣᩴ᩶,น้ำ,น้ำ,LN-TILOK-6.10,63
images/lanna_01077_PayapLanna-Bold.jpg,ᨶᩣᩴ᩶,น้ำ,น้ำ,PayapLanna-Bold,81
images/lanna_01078_PayapLanna-Regular.jpg,ᨶᩣᩴ᩶,น้ำ,น้ำ,PayapLanna-Regular,74
images/lanna_01079_NotoSansTaiTham.jpg,ᨶᩣᩴ᩶,น้ำ,น้ำ,NotoSansTaiTham,64
images/lanna_01080_LNTilok.jpg,ᨷ᩶ᩣᩁ,บ้าน,บ้าน,LNTilok,80
images/lanna_01081_LN-TILOK-6.10.jpg,ᨷ᩶ᩣᩁ,บ้าน,บ้าน,LN-TILOK-6.10,63
images/lanna_01082_PayapLanna-Bold.jpg,ᨷ᩶ᩣᩁ,บ้าน,บ้าน,PayapLanna-Bold,69
images/lanna_01083_PayapLanna-Regular.jpg,ᨷ᩶ᩣᩁ,บ้าน,บ้าน,PayapLanna-Regular,58
images/lanna_01084_NotoSansTaiTham.jpg,ᨷ᩶ᩣᩁ,บ้าน,บ้าน,NotoSansTaiTham,60
images/lanna_01085_LNTilok.jpg,ᨷ᩶ᩣᩁ,บ้าน,บ้าน,LNTilok,78
images/lanna_01086_LN-TILOK-6.10.jpg,ᨷ᩶ᩣᩁ,บ้าน,บ้าน,LN-TILOK-6.10,72
images/lanna_01087_PayapLanna-Bold.jpg,ᨷ᩶ᩣᩁ,บ้าน,บ้าน,PayapLanna-Bold,80
images/lanna_01088_PayapLanna-Regular.jpg,ᨷ᩶ᩣᩁ,บ้าน,บ้าน,PayapLanna-Regular,81
images/lanna_01089_NotoSansTaiTham.jpg,ᨷ᩶ᩣᩁ,บ้าน,บ้าน,NotoSansTaiTham,71
images/lanna_01090_LNTilok.jpg,ᨷ᩶ᩣᩁ,บ้าน,บ้าน,LNTilok,74
images/lanna_01091_LN-TILOK-6.10.jpg,ᨷ᩶ᩣᩁ,บ้าน,บ้าน,LN-TILOK-6.10,83
images/lanna_01092_PayapLanna-Bold.jpg,ᨷ᩶ᩣᩁ,บ้าน,บ้าน,PayapLanna-Bold,83
images/lanna_01093_PayapLanna-Regular.jpg,ᨷ᩶ᩣᩁ,บ้าน,บ้าน,PayapLanna-Regular,67
images/lanna_01094_NotoSansTaiTham.jpg,ᨷ᩶ᩣᩁ,บ้าน,บ้าน,NotoSansTaiTham,58
images/lanna_01095_LNTilok.jpg,ᨷ᩶ᩣᩁ,บ้าน,บ้าน,LNTilok,74
images/lanna_01096_LN-TILOK-6.10.jpg,ᨷ᩶ᩣᩁ,บ้าน,บ้าน,LN-TILOK-6.10,64
images/lanna_01097_PayapLanna-Bold.jpg,ᨷ᩶ᩣᩁ,บ้าน,บ้าน,PayapLanna-Bold,73
images/lanna_01098_PayapLanna-Regular.jpg,ᨷ᩶ᩣᩁ,บ้าน,บ้าน,PayapLanna-Regular,65
images/lanna_01099_NotoSansTaiTham.jpg,ᨷ᩶ᩣᩁ,บ้าน,บ้าน,NotoSansTaiTham,81
images/lanna_01100_LNTilok.jpg,ᨷ᩶ᩣᩁ,บ้าน,บ้าน,LNTilok,81
images/lanna_01101_LN-TILOK-6.10.jpg,ᨷ᩶ᩣᩁ,บ้าน,บ้าน,LN-TILOK-6.10,72
images/lanna_01102_PayapLanna-Bold.jpg,ᨷ᩶ᩣᩁ,บ้าน,บ้าน,PayapLanna-Bold,70
images/lanna_01103_PayapLanna-Regular.jpg,ᨷ᩶ᩣᩁ,บ้าน,บ้าน,PayapLanna-Regular,66
images/lanna_01104_NotoSansTaiTham.jpg,ᨷ᩶ᩣᩁ,บ้าน,บ้าน,NotoSansTaiTham,78
images/lanna_01105_LNTilok.jpg,ᨷ᩶ᩣᩁ,บ้าน,บ้าน,LNTilok,75
images/lanna_01106_LN-TILOK-6.10.jpg,ᨷ᩶ᩣᩁ,บ้าน,บ้าน,LN-TILOK-6.10,77
images/lanna_01107_PayapLanna-Bold.jpg,ᨷ᩶ᩣᩁ,บ้าน,บ้าน,PayapLanna-Bold,58
images/lanna_01108_PayapLanna-Regular.jpg,ᨷ᩶ᩣᩁ,บ้าน,บ้าน,PayapLanna-Regular,70
images/lanna_01109_NotoSansTaiTham.jpg,ᨷ᩶ᩣᩁ,บ้าน,บ้าน,NotoSansTaiTham,82
images/lanna_01110_LNTilok.jpg,ᨷ᩶ᩣᩁ,บ้าน,บ้าน,LNTilok,84
images/lanna_01111_LN-TILOK-6.10.jpg,ᨷ᩶ᩣᩁ,บ้าน,บ้าน,LN-TILOK-6.10,84
images/lanna_01112_PayapLanna-Bold.jpg,ᨷ᩶ᩣᩁ,บ้าน,บ้าน,PayapLanna-Bold,62
images/lanna_01113_PayapLanna-Regular.jpg,ᨷ᩶ᩣᩁ,บ้าน,บ้าน,PayapLanna-Regular,78
images/lanna_01114_NotoSansTaiTham.jpg,ᨷ᩶ᩣᩁ,บ้าน,บ้าน,NotoSansTaiTham,73
images/lanna_01115_LNTilok.jpg,ᨷ᩶ᩣᩁ,บ้าน,บ้าน,LNTilok,74
images/lanna_01116_LN-TILOK-6.10.jpg,ᨷ᩶ᩣᩁ,บ้าน,บ้าน,LN-TILOK-6.10,67
images/lanna_01117_PayapLanna-Bold.jpg,ᨷ᩶ᩣᩁ,บ้าน,บ้าน,PayapLanna-Bold,61
images/lanna_01118_PayapLanna-Regular.jpg,ᨷ᩶ᩣᩁ,บ้าน,บ้าน,PayapLanna-Regular,60
images/lanna_01119_NotoSansTaiTham.jpg,ᨷ᩶ᩣᩁ,บ้าน,บ้าน,NotoSansTaiTham,61
images/lanna_01120_LNTilok.jpg,ᩅᩢ᩠ᨯ,วัด,วัด,LNTilok,64
images/lanna_01121_LN-TILOK-6.10.jpg,ᩅᩢ᩠ᨯ,วัด,วัด,LN-TILOK-6.10,74
images/lanna_01122_PayapLanna-Bold.jpg,ᩅᩢ᩠ᨯ,วัด,วัด,PayapLanna-Bold,59
images/lanna_01123_PayapLanna-Regular.jpg,ᩅᩢ᩠ᨯ,วัด,วัด,PayapLanna-Regular,61
images/lanna_01124_NotoSansTaiTham.jpg,ᩅᩢ᩠ᨯ,วัด,วัด,NotoSansTaiTham,59
images/lanna_01125_LNTilok.jpg,ᩅᩢ᩠ᨯ,วัด,วัด,LNTilok,82
images/lanna_01126_LN-TILOK-6.10.jpg,ᩅᩢ᩠ᨯ,วัด,วัด,LN-TILOK-6.10,73
images/lanna_01127_PayapLanna-Bold.jpg,ᩅᩢ᩠ᨯ,วัด,วัด,PayapLanna-Bold,75
images/lanna_01128_PayapLanna-Regular.jpg,ᩅᩢ᩠ᨯ,วัด,วัด,PayapLanna-Regular,74
images/lanna_01129_NotoSansTaiTham.jpg,ᩅᩢ᩠ᨯ,วัด,วัด,NotoSansTaiTham,61
images/lanna_01130_LNTilok.jpg,ᩅᩢ᩠ᨯ,วัด,วัด,LNTilok,76
images/lanna_01131_LN-TILOK-6.10.jpg,ᩅᩢ᩠ᨯ,วัด,วัด,LN-TILOK-6.10,61
images/lanna_01132_PayapLanna-Bold.jpg,ᩅᩢ᩠ᨯ,วัด,วัด,PayapLanna-Bold,81
images/lanna_01133_PayapLanna-Regular.jpg,ᩅᩢ᩠ᨯ,วัด,วัด,PayapLanna-Regular,85
images/lanna_01134_NotoSansTaiTham.jpg,ᩅᩢ᩠ᨯ,วัด,วัด,NotoSansTaiTham,82
images/lanna_01135_LNTilok.jpg,ᩅᩢ᩠ᨯ,วัด,วัด,LNTilok,85
images/lanna_01136_LN-TILOK-6.10.jpg,ᩅᩢ᩠ᨯ,วัด,วัด,LN-TILOK-6.10,71
images/lanna_01137_PayapLanna-Bold.jpg,ᩅᩢ᩠ᨯ,วัด,วัด,PayapLanna-Bold,73
images/lanna_01138_PayapLanna-Regular.jpg,ᩅᩢ᩠ᨯ,วัด,วัด,PayapLanna-Regular,70
images/lanna_01139_NotoSansTaiTham.jpg,ᩅᩢ᩠ᨯ,วัด,วัด,NotoSansTaiTham,64
images/lanna_01140_LNTilok.jpg,ᩅᩢ᩠ᨯ,วัด,วัด,LNTilok,62
images/lanna_01141_LN-TILOK-6.10.jpg,ᩅᩢ᩠ᨯ,วัด,วัด,LN-TILOK-6.10,72
images/lanna_01142_PayapLanna-Bold.jpg,ᩅᩢ᩠ᨯ,วัด,วัด,PayapLanna-Bold,58
images/lanna_01143_PayapLanna-Regular.jpg,ᩅᩢ᩠ᨯ,วัด,วัด,PayapLanna-Regular,77
images/lanna_01144_NotoSansTaiTham.jpg,ᩅᩢ᩠ᨯ,วัด,วัด,NotoSansTaiTham,65
images/lanna_01145_LNTilok.jpg,ᩅᩢ᩠ᨯ,วัด,วัด,LNTilok,65
images/lanna_01146_LN-TILOK-6.10.jpg,ᩅᩢ᩠ᨯ,วัด,วัด,LN-TILOK-6.10,84
images/lanna_01147_PayapLanna-Bold.jpg,ᩅᩢ᩠ᨯ,วัด,วัด,PayapLanna-Bold,68
images/lanna_01148_PayapLanna-Regular.jpg,ᩅᩢ᩠ᨯ,วัด,วัด,PayapLanna-Regular,65
images/lanna_01149_NotoSansTaiTham.jpg,ᩅᩢ᩠ᨯ,วัด,วัด,NotoSansTaiTham,84
images/lanna_01150_LNTilok.jpg,ᩅᩢ᩠ᨯ,วัด,วัด,LNTilok,71
images/lanna_01151_LN-TILOK-6.10.jpg,ᩅᩢ᩠ᨯ,วัด,วัด,LN-TILOK-6.10,70
images/lanna_01152_PayapLanna-Bold.jpg,ᩅᩢ᩠ᨯ,วัด,วัด,PayapLanna-Bold,70
images/lanna_01153_PayapLanna-Regular.jpg,ᩅᩢ᩠ᨯ,วัด,วัด,PayapLanna-Regular,71
images/lanna_01154_NotoSansTaiTham.jpg,ᩅᩢ᩠ᨯ,วัด,วัด,NotoSansTaiTham,71
images/lanna_01155_LNTilok.jpg,ᩅᩢ᩠ᨯ,วัด,วัด,LNTilok,85
images/lanna_01156_LN-TILOK-6.10.jpg,ᩅᩢ᩠ᨯ,วัด,วัด,LN-TILOK-6.10,70
images/lanna_01157_PayapLanna-Bold.jpg,ᩅᩢ᩠ᨯ,วัด,วัด,PayapLanna-Bold,74
images/lanna_01158_PayapLanna-Regular.jpg,ᩅᩢ᩠ᨯ,วัด,วัด,PayapLanna-Regular,83
images/lanna_01159_NotoSansTaiTham.jpg,ᩅᩢ᩠ᨯ,วัด,วัด,NotoSansTaiTham,62
images/lanna_01160_LNTilok.jpg,ᩋᩬᩁ,งาม,งาม,LNTilok,70
images/lanna_01161_LN-TILOK-6.10.jpg,ᩋᩬᩁ,งาม,งาม,LN-TILOK-6.10,65
images/lanna_01162_PayapLanna-Bold.jpg,ᩋᩬᩁ,งาม,งาม,PayapLanna-Bold,61
images/lanna_01163_PayapLanna-Regular.jpg,ᩋᩬᩁ,งาม,งาม,PayapLanna-Regular,70
images/lanna_01164_NotoSansTaiTham.jpg,ᩋᩬᩁ,งาม,งาม,NotoSansTaiTham,60
images/lanna_01165_LNTilok.jpg,ᩋᩬᩁ,งาม,งาม,LNTilok,59
images/lanna_01166_LN-TILOK-6.10.jpg,ᩋᩬᩁ,งาม,งาม,LN-TILOK-6.10,79
images/lanna_01167_PayapLanna-Bold.jpg,ᩋᩬᩁ,งาม,งาม,PayapLanna-Bold,66
images/lanna_01168_PayapLanna-Regular.jpg,ᩋᩬᩁ,งาม,งาม,PayapLanna-Regular,77
images/lanna_01169_NotoSansTaiTham.jpg,ᩋᩬᩁ,งาม,งาม,NotoSansTaiTham,79
images/lanna_01170_LNTilok.jpg,ᩋᩬᩁ,งาม,งาม,LNTilok,75
images/lanna_01171_LN-TILOK-6.10.jpg,ᩋᩬᩁ,งาม,งาม,LN-TILOK-6.10,58
images/lanna_01172_PayapLanna-Bold.jpg,ᩋᩬᩁ,งาม,งาม,PayapLanna-Bold,76
images/lanna_01173_PayapLanna-Regular.jpg,ᩋᩬᩁ,งาม,งาม,PayapLanna-Regular,60
images/lanna_01174_NotoSansTaiTham.jpg,ᩋᩬᩁ,งาม,งาม,NotoSansTaiTham,68
images/lanna_01175_LNTilok.jpg,ᩋᩬᩁ,งาม,งาม,LNTilok,68
images/lanna_01176_LN-TILOK-6.10.jpg,ᩋᩬᩁ,งาม,งาม,LN-TILOK-6.10,78
images/lanna_01177_PayapLanna-Bold.jpg,ᩋᩬᩁ,งาม,งาม,PayapLanna-Bold,75
images/lanna_01178_PayapLanna-Regular.jpg,ᩋᩬᩁ,งาม,งาม,PayapLanna-Regular,66
images/lanna_01179_NotoSansTaiTham.jpg,ᩋᩬᩁ,งาม,งาม,NotoSansTaiTham,61
images/lanna_01180_LNTilok.jpg,ᩋᩬᩁ,งาม,งาม,LNTilok,84
images/lanna_01181_LN-TILOK-6.10.jpg,ᩋᩬᩁ,งาม,งาม,LN-TILOK-6.10,67
images/lanna_01182_PayapLanna-Bold.jpg,ᩋᩬᩁ,งาม,งาม,PayapLanna-Bold,85
images/lanna_01183_PayapLanna-Regular.jpg,ᩋᩬᩁ,งาม,งาม,PayapLanna-Regular,81
images/lanna_01184_NotoSansTaiTham.jpg,ᩋᩬᩁ,งาม,งาม,NotoSansTaiTham,66
images/lanna_01185_LNTilok.jpg,ᩋᩬᩁ,งาม,งาม,LNTilok,79
images/lanna_01186_LN-TILOK-6.10.jpg,ᩋᩬᩁ,งาม,งาม,LN-TILOK-6.10,76
images/lanna_01187_PayapLanna-Bold.jpg,ᩋᩬᩁ,งาม,งาม,PayapLanna-Bold,75
images/lanna_01188_PayapLanna-Regular.jpg,ᩋᩬᩁ,งาม,งาม,PayapLanna-Regular,85
images/lanna_01189_NotoSansTaiTham.jpg,ᩋᩬᩁ,งาม,งาม,NotoSansTaiTham,70
images/lanna_01190_LNTilok.jpg,ᩋᩬᩁ,งาม,งาม,LNTilok,78
images/lanna_01191_LN-TILOK-6.10.jpg,ᩋᩬᩁ,งาม,งาม,LN-TILOK-6.10,76
images/lanna_01192_PayapLanna-Bold.jpg,ᩋᩬᩁ,งาม,งาม,PayapLanna-Bold,70
images/lanna_01193_PayapLanna-Regular.jpg,ᩋᩬᩁ,งาม,งาม,PayapLanna-Regular,64
images/lanna_01194_NotoSansTaiTham.jpg,ᩋᩬᩁ,งาม,งาม,NotoSansTaiTham,63
images/lanna_01195_LNTilok.jpg,ᩋᩬᩁ,งาม,งาม,LNTilok,61
images/lanna_01196_LN-TILOK-6.10.jpg,ᩋᩬᩁ,งาม,งาม,LN-TILOK-6.10,63
images/lanna_01197_PayapLanna-Bold.jpg,ᩋᩬᩁ,งาม,งาม,PayapLanna-Bold,66
images/lanna_01198_PayapLanna-Regular.jpg,ᩋᩬᩁ,งาม,งาม,PayapLanna-Regular,85
images/lanna_01199_NotoSansTaiTham.jpg,ᩋᩬᩁ,งาม,งาม,NotoSansTaiTham,73
images/lanna_01200_LNTilok.jpg,ᩁᩢ᩠ᨠ,รัก,ฮัก,LNTilok,69
images/lanna_01201_LN-TILOK-6.10.jpg,ᩁᩢ᩠ᨠ,รัก,ฮัก,LN-TILOK-6.10,66
images/lanna_01202_PayapLanna-Bold.jpg,ᩁᩢ᩠ᨠ,รัก,ฮัก,PayapLanna-Bold,78
images/lanna_01203_PayapLanna-Regular.jpg,ᩁᩢ᩠ᨠ,รัก,ฮัก,PayapLanna-Regular,66
images/lanna_01204_NotoSansTaiTham.jpg,ᩁᩢ᩠ᨠ,รัก,ฮัก,NotoSansTaiTham,66
images/lanna_01205_LNTilok.jpg,ᩁᩢ᩠ᨠ,รัก,ฮัก,LNTilok,71
images/lanna_01206_LN-TILOK-6.10.jpg,ᩁᩢ᩠ᨠ,รัก,ฮัก,LN-TILOK-6.10,82
images/lanna_01207_PayapLanna-Bold.jpg,ᩁᩢ᩠ᨠ,รัก,ฮัก,PayapLanna-Bold,74
images/lanna_01208_PayapLanna-Regular.jpg,ᩁᩢ᩠ᨠ,รัก,ฮัก,PayapLanna-Regular,58
images/lanna_01209_NotoSansTaiTham.jpg,ᩁᩢ᩠ᨠ,รัก,ฮัก,NotoSansTaiTham,75
images/lanna_01210_LNTilok.jpg,ᩁᩢ᩠ᨠ,รัก,ฮัก,LNTilok,61
images/lanna_01211_LN-TILOK-6.10.jpg,ᩁᩢ᩠ᨠ,รัก,ฮัก,LN-TILOK-6.10,67
images/lanna_01212_PayapLanna-Bold.jpg,ᩁᩢ᩠ᨠ,รัก,ฮัก,PayapLanna-Bold,85
images/lanna_01213_PayapLanna-Regular.jpg,ᩁᩢ᩠ᨠ,รัก,ฮัก,PayapLanna-Regular,65
images/lanna_01214_NotoSansTaiTham.jpg,ᩁᩢ᩠ᨠ,รัก,ฮัก,NotoSansTaiTham,77
images/lanna_01215_LNTilok.jpg,ᩁᩢ᩠ᨠ,รัก,ฮัก,LNTilok,64
images/lanna_01216_LN-TILOK-6.10.jpg,ᩁᩢ᩠ᨠ,รัก,ฮัก,LN-TILOK-6.10,62
images/lanna_01217_PayapLanna-Bold.jpg,ᩁᩢ᩠ᨠ,รัก,ฮัก,PayapLanna-Bold,59
images/lanna_01218_PayapLanna-Regular.jpg,ᩁᩢ᩠ᨠ,รัก,ฮัก,PayapLanna-Regular,70
images/lanna_01219_NotoSansTaiTham.jpg,ᩁᩢ᩠ᨠ,รัก,ฮัก,NotoSansTaiTham,77
images/lanna_01220_LNTilok.jpg,ᩁᩢ᩠ᨠ,รัก,ฮัก,LNTilok,77
images/lanna_01221_LN-TILOK-6.10.jpg,ᩁᩢ᩠ᨠ,รัก,ฮัก,LN-TILOK-6.10,75
images/lanna_01222_PayapLanna-Bold.jpg,ᩁᩢ᩠ᨠ,รัก,ฮัก,PayapLanna-Bold,76
images/lanna_01223_PayapLanna-Regular.jpg,ᩁᩢ᩠ᨠ,รัก,ฮัก,PayapLanna-Regular,59
images/lanna_01224_NotoSansTaiTham.jpg,ᩁᩢ᩠ᨠ,รัก,ฮัก,NotoSansTaiTham,82
images/lanna_01225_LNTilok.jpg,ᩁᩢ᩠ᨠ,รัก,ฮัก,LNTilok,81
images/lanna_01226_LN-TILOK-6.10.jpg,ᩁᩢ᩠ᨠ,รัก,ฮัก,LN-TILOK-6.10,80
images/lanna_01227_PayapLanna-Bold.jpg,ᩁᩢ᩠ᨠ,รัก,ฮัก,PayapLanna-Bold,78
images/lanna_01228_PayapLanna-Regular.jpg,ᩁᩢ᩠ᨠ,รัก,ฮัก,PayapLanna-Regular,65
images/lanna_01229_NotoSansTaiTham.jpg,ᩁᩢ᩠ᨠ,รัก,ฮัก,NotoSansTaiTham,70
images/lanna_01230_LNTilok.jpg,ᩁᩢ᩠ᨠ,รัก,ฮัก,LNTilok,78
images/lanna_01231_LN-TILOK-6.10.jpg,ᩁᩢ᩠ᨠ,รัก,ฮัก,LN-TILOK-6.10,61
images/lanna_01232_PayapLanna-Bold.jpg,ᩁᩢ᩠ᨠ,รัก,ฮัก,PayapLanna-Bold,66
images/lanna_01233_PayapLanna-Regular.jpg,ᩁᩢ᩠ᨠ,รัก,ฮัก,PayapLanna-Regular,70
images/lanna_01234_NotoSansTaiTham.jpg,ᩁᩢ᩠ᨠ,รัก,ฮัก,NotoSansTaiTham,60
images/lanna_01235_LNTilok.jpg,ᩁᩢ᩠ᨠ,รัก,ฮัก,LNTilok,74
images/lanna_01236_LN-TILOK-6.10.jpg,ᩁᩢ᩠ᨠ,รัก,ฮัก,LN-TILOK-6.10,70
images/lanna_01237_PayapLanna-Bold.jpg,ᩁᩢ᩠ᨠ,รัก,ฮัก,PayapLanna-Bold,78
images/lanna_01238_PayapLanna-Regular.jpg,ᩁᩢ᩠ᨠ,รัก,ฮัก,PayapLanna-Regular,61
images/lanna_01239_NotoSansTaiTham.jpg,ᩁᩢ᩠ᨠ,รัก,ฮัก,NotoSansTaiTham,76
images/lanna_01240_LNTilok.jpg,ᨾ᩠ᩅ᩵ᩁ,สนุก,ม่วน,LNTilok,78
images/lanna_01241_LN-TILOK-6.10.jpg,ᨾ᩠ᩅ᩵ᩁ,สนุก,ม่วน,LN-TILOK-6.10,79
images/lanna_01242_PayapLanna-Bold.jpg,ᨾ᩠ᩅ᩵ᩁ,สนุก,ม่วน,PayapLanna-Bold,81
images/lanna_01243_PayapLanna-Regular.jpg,ᨾ᩠ᩅ᩵ᩁ,สนุก,ม่วน,PayapLanna-Regular,69
images/lanna_01244_NotoSansTaiTham.jpg,ᨾ᩠ᩅ᩵ᩁ,สนุก,ม่วน,NotoSansTaiTham,79
images/lanna_01245_LNTilok.jpg,ᨾ᩠ᩅ᩵ᩁ,สนุก,ม่วน,LNTilok,80
images/lanna_01246_LN-TILOK-6.10.jpg,ᨾ᩠ᩅ᩵ᩁ,สนุก,ม่วน,LN-TILOK-6.10,73
images/lanna_01247_PayapLanna-Bold.jpg,ᨾ᩠ᩅ᩵ᩁ,สนุก,ม่วน,PayapLanna-Bold,75
images/lanna_01248_PayapLanna-Regular.jpg,ᨾ᩠ᩅ᩵ᩁ,สนุก,ม่วน,PayapLanna-Regular,79
images/lanna_01249_NotoSansTaiTham.jpg,ᨾ᩠ᩅ᩵ᩁ,สนุก,ม่วน,NotoSansTaiTham,81
images/lanna_01250_LNTilok.jpg,ᨾ᩠ᩅ᩵ᩁ,สนุก,ม่วน,LNTilok,62
images/lanna_01251_LN-TILOK-6.10.jpg,ᨾ᩠ᩅ᩵ᩁ,สนุก,ม่วน,LN-TILOK-6.10,69
images/lanna_01252_PayapLanna-Bold.jpg,ᨾ᩠ᩅ᩵ᩁ,สนุก,ม่วน,PayapLanna-Bold,71
images/lanna_01253_PayapLanna-Regular.jpg,ᨾ᩠ᩅ᩵ᩁ,สนุก,ม่วน,PayapLanna-Regular,70
images/lanna_01254_NotoSansTaiTham.jpg,ᨾ᩠ᩅ᩵ᩁ,สนุก,ม่วน,NotoSansTaiTham,74
images/lanna_01255_LNTilok.jpg,ᨾ᩠ᩅ᩵ᩁ,สนุก,ม่วน,LNTilok,85
images/lanna_01256_LN-TILOK-6.10.jpg,ᨾ᩠ᩅ᩵ᩁ,สนุก,ม่วน,LN-TILOK-6.10,74
images/lanna_01257_PayapLanna-Bold.jpg,ᨾ᩠ᩅ᩵ᩁ,สนุก,ม่วน,PayapLanna-Bold,74
images/lanna_01258_PayapLanna-Regular.jpg,ᨾ᩠ᩅ᩵ᩁ,สนุก,ม่วน,PayapLanna-Regular,72
images/lanna_01259_NotoSansTaiTham.jpg,ᨾ᩠ᩅ᩵ᩁ,สนุก,ม่วน,NotoSansTaiTham,69
images/lanna_01260_LNTilok.jpg,ᨾ᩠ᩅ᩵ᩁ,สนุก,ม่วน,LNTilok,64
images/lanna_01261_LN-TILOK-6.10.jpg,ᨾ᩠ᩅ᩵ᩁ,สนุก,ม่วน,LN-TILOK-6.10,71
images/lanna_01262_PayapLanna-Bold.jpg,ᨾ᩠ᩅ᩵ᩁ,สนุก,ม่วน,PayapLanna-Bold,62
images/lanna_01263_PayapLanna-Regular.jpg,ᨾ᩠ᩅ᩵ᩁ,สนุก,ม่วน,PayapLanna-Regular,59
images/lanna_01264_NotoSansTaiTham.jpg,ᨾ᩠ᩅ᩵ᩁ,สนุก,ม่วน,NotoSansTaiTham,61
images/lanna_01265_LNTilok.jpg,ᨾ᩠ᩅ᩵ᩁ,สนุก,ม่วน,LNTilok,82
images/lanna_01266_LN-TILOK-6.10.jpg,ᨾ᩠ᩅ᩵ᩁ,สนุก,ม่วน,LN-TILOK-6.10,75
images/lanna_01267_PayapLanna-Bold.jpg,ᨾ᩠ᩅ᩵ᩁ,สนุก,ม่วน,PayapLanna-Bold,71
images/lanna_01268_PayapLanna-Regular.jpg,ᨾ᩠ᩅ᩵ᩁ,สนุก,ม่วน,PayapLanna-Regular,76
images/lanna_01269_NotoSansTaiTham.jpg,ᨾ᩠ᩅ᩵ᩁ,สนุก,ม่วน,NotoSansTaiTham,80
images/lanna_01270_LNTilok.jpg,ᨾ᩠ᩅ᩵ᩁ,สนุก,ม่วน,LNTilok,62
images/lanna_01271_LN-TILOK-6.10.jpg,ᨾ᩠ᩅ᩵ᩁ,สนุก,ม่วน,LN-TILOK-6.10,63
images/lanna_01272_PayapLanna-Bold.jpg,ᨾ᩠ᩅ᩵ᩁ,สนุก,ม่วน,PayapLanna-Bold,74
images/lanna_01273_PayapLanna-Regular.jpg,ᨾ᩠ᩅ᩵ᩁ,สนุก,ม่วน,PayapLanna-Regular,60
images/lanna_01274_NotoSansTaiTham.jpg,ᨾ᩠ᩅ᩵ᩁ,สนุก,ม่วน,NotoSansTaiTham,80
images/lanna_01275_LNTilok.jpg,ᨾ᩠ᩅ᩵ᩁ,สนุก,ม่วน,LNTilok,59
images/lanna_01276_LN-TILOK-6.10.jpg,ᨾ᩠ᩅ᩵ᩁ,สนุก,ม่วน,LN-TILOK-6.10,78
images/lanna_01277_PayapLanna-Bold.jpg,ᨾ᩠ᩅ᩵ᩁ,สนุก,ม่วน,PayapLanna-Bold,69
images/lanna_01278_PayapLanna-Regular.jpg,ᨾ᩠ᩅ᩵ᩁ,สนุก,ม่วน,PayapLanna-Regular,69
images/lanna_01279_NotoSansTaiTham.jpg,ᨾ᩠ᩅ᩵ᩁ,สนุก,ม่วน,NotoSansTaiTham,78
images/lanna_01280_LNTilok.jpg,ᩈᩩᨡ,สุข,สุข,LNTilok,84
images/lanna_01281_LN-TILOK-6.10.jpg,ᩈᩩᨡ,สุข,สุข,LN-TILOK-6.10,76
images/lanna_01282_PayapLanna-Bold.jpg,ᩈᩩᨡ,สุข,สุข,PayapLanna-Bold,82
images/lanna_01283_PayapLanna-Regular.jpg,ᩈᩩᨡ,สุข,สุข,PayapLanna-Regular,67
images/lanna_01284_NotoSansTaiTham.jpg,ᩈᩩᨡ,สุข,สุข,NotoSansTaiTham,73
images/lanna_01285_LNTilok.jpg,ᩈᩩᨡ,สุข,สุข,LNTilok,80
images/lanna_01286_LN-TILOK-6.10.jpg,ᩈᩩᨡ,สุข,สุข,LN-TILOK-6.10,74
images/lanna_01287_PayapLanna-Bold.jpg,ᩈᩩᨡ,สุข,สุข,PayapLanna-Bold,65
images/lanna_01288_PayapLanna-Regular.jpg,ᩈᩩᨡ,สุข,สุข,PayapLanna-Regular,73
images/lanna_01289_NotoSansTaiTham.jpg,ᩈᩩᨡ,สุข,สุข,NotoSansTaiTham,67
images/lanna_01290_LNTilok.jpg,ᩈᩩᨡ,สุข,สุข,LNTilok,68
images/lanna_01291_LN-TILOK-6.10.jpg,ᩈᩩᨡ,สุข,สุข,LN-TILOK-6.10,74
images/lanna_01292_PayapLanna-Bold.jpg,ᩈᩩᨡ,สุข,สุข,PayapLanna-Bold,58
images/lanna_01293_PayapLanna-Regular.jpg,ᩈᩩᨡ,สุข,สุข,PayapLanna-Regular,65
images/lanna_01294_NotoSansTaiTham.jpg,ᩈᩩᨡ,สุข,สุข,NotoSansTaiTham,73
images/lanna_01295_LNTilok.jpg,ᩈᩩᨡ,สุข,สุข,LNTilok,66
images/lanna_01296_LN-TILOK-6.10.jpg,ᩈᩩᨡ,สุข,สุข,LN-TILOK-6.10,63
images/lanna_01297_PayapLanna-Bold.jpg,ᩈᩩᨡ,สุข,สุข,PayapLanna-Bold,79
images/lanna_01298_PayapLanna-Regular.jpg,ᩈᩩᨡ,สุข,สุข,PayapLanna-Regular,76
images/lanna_01299_NotoSansTaiTham.jpg,ᩈᩩᨡ,สุข,สุข,NotoSansTaiTham,70
images/lanna_01300_LNTilok.jpg,ᩈᩩᨡ,สุข,สุข,LNTilok,67
images/lanna_01301_LN-TILOK-6.10.jpg,ᩈᩩᨡ,สุข,สุข,LN-TILOK-6.10,75
images/lanna_01302_PayapLanna-Bold.jpg,ᩈᩩᨡ,สุข,สุข,PayapLanna-Bold,79
images/lanna_01303_PayapLanna-Regular.jpg,ᩈᩩᨡ,สุข,สุข,PayapLanna-Regular,83
images/lanna_01304_NotoSansTaiTham.jpg,ᩈᩩᨡ,สุข,สุข,NotoSansTaiTham,60
images/lanna_01305_LNTilok.jpg,ᩈᩩᨡ,สุข,สุข,LNTilok,64
images/lanna_01306_LN-TILOK-6.10.jpg,ᩈᩩᨡ,สุข,สุข,LN-TILOK-6.10,74
images/lanna_01307_PayapLanna-Bold.jpg,ᩈᩩᨡ,สุข,สุข,PayapLanna-Bold,76
images/lanna_01308_PayapLanna-Regular.jpg,ᩈᩩᨡ,สุข,สุข,PayapLanna-Regular,76
images/lanna_01309_NotoSansTaiTham.jpg,ᩈᩩᨡ,สุข,สุข,NotoSansTaiTham,67
images/lanna_01310_LNTilok.jpg,ᩈᩩᨡ,สุข,สุข,LNTilok,83
images/lanna_01311_LN-TILOK-6.10.jpg,ᩈᩩᨡ,สุข,สุข,LN-TILOK-6.10,69
images/lanna_01312_PayapLanna-Bold.jpg,ᩈᩩᨡ,สุข,สุข,PayapLanna-Bold,77
images/lanna_01313_PayapLanna-Regular.jpg,ᩈᩩᨡ,สุข,สุข,PayapLanna-Regular,80
images/lanna_01314_NotoSansTaiTham.jpg,ᩈᩩᨡ,สุข,สุข,NotoSansTaiTham,65
images/lanna_01315_LNTilok.jpg,ᩈᩩᨡ,สุข,สุข,LNTilok,79
images/lanna_01316_LN-TILOK-6.10.jpg,ᩈᩩᨡ,สุข,สุข,LN-TILOK-6.10,81
images/lanna_01317_PayapLanna-Bold.jpg,ᩈᩩᨡ,สุข,สุข,PayapLanna-Bold,58
images/lanna_01318_PayapLanna-Regular.jpg,ᩈᩩᨡ,สุข,สุข,PayapLanna-Regular,74
images/lanna_01319_NotoSansTaiTham.jpg,ᩈᩩᨡ,สุข,สุข,NotoSansTaiTham,68
images/lanna_01320_LNTilok.jpg,ᨠ,กะ (ก),กะ,LNTilok,64
images/lanna_01321_LN-TILOK-6.10.jpg,ᨠ,กะ (ก),กะ,LN-TILOK-6.10,72
images/lanna_01322_PayapLanna-Bold.jpg,ᨠ,กะ (ก),กะ,PayapLanna-Bold,69
images/lanna_01323_PayapLanna-Regular.jpg,ᨠ,กะ (ก),กะ,PayapLanna-Regular,63
images/lanna_01324_NotoSansTaiTham.jpg,ᨠ,กะ (ก),กะ,NotoSansTaiTham,80
images/lanna_01325_LNTilok.jpg,ᨠ,กะ (ก),กะ,LNTilok,83
images/lanna_01326_LN-TILOK-6.10.jpg,ᨠ,กะ (ก),กะ,LN-TILOK-6.10,82
images/lanna_01327_PayapLanna-Bold.jpg,ᨠ,กะ (ก),กะ,PayapLanna-Bold,60
images/lanna_01328_PayapLanna-Regular.jpg,ᨠ,กะ (ก),กะ,PayapLanna-Regular,77
images/lanna_01329_NotoSansTaiTham.jpg,ᨠ,กะ (ก),กะ,NotoSansTaiTham,74
images/lanna_01330_LNTilok.jpg,ᨠ,กะ (ก),กะ,LNTilok,58
images/lanna_01331_LN-TILOK-6.10.jpg,ᨠ,กะ (ก),กะ,LN-TILOK-6.10,64
images/lanna_01332_PayapLanna-Bold.jpg,ᨠ,กะ (ก),กะ,PayapLanna-Bold,62
images/lanna_01333_PayapLanna-Regular.jpg,ᨠ,กะ (ก),กะ,PayapLanna-Regular,74
images/lanna_01334_NotoSansTaiTham.jpg,ᨠ,กะ (ก),กะ,NotoSansTaiTham,81
images/lanna_01335_LNTilok.jpg,ᨠ,กะ (ก),กะ,LNTilok,68
images/lanna_01336_LN-TILOK-6.10.jpg,ᨠ,กะ (ก),กะ,LN-TILOK-6.10,83
images/lanna_01337_PayapLanna-Bold.jpg,ᨠ,กะ (ก),กะ,PayapLanna-Bold,84
images/lanna_01338_PayapLanna-Regular.jpg,ᨠ,กะ (ก),กะ,PayapLanna-Regular,61
images/lanna_01339_NotoSansTaiTham.jpg,ᨠ,กะ (ก),กะ,NotoSansTaiTham,75
images/lanna_01340_LNTilok.jpg,ᨠ,กะ (ก),กะ,LNTilok,77
images/lanna_01341_LN-TILOK-6.10.jpg,ᨠ,กะ (ก),กะ,LN-TILOK-6.10,77
images/lanna_01342_PayapLanna-Bold.jpg,ᨠ,กะ (ก),กะ,PayapLanna-Bold,84
images/lanna_01343_PayapLanna-Regular.jpg,ᨠ,กะ (ก),กะ,PayapLanna-Regular,61
images/lanna_01344_NotoSansTaiTham.jpg,ᨠ,กะ (ก),กะ,NotoSansTaiTham,70
images/lanna_01345_LNTilok.jpg,ᨠ,กะ (ก),กะ,LNTilok,75
images/lanna_01346_LN-TILOK-6.10.jpg,ᨠ,กะ (ก),กะ,LN-TILOK-6.10,69
images/lanna_01347_PayapLanna-Bold.jpg,ᨠ,กะ (ก),กะ,PayapLanna-Bold,65
images/lanna_01348_PayapLanna-Regular.jpg,ᨠ,กะ (ก),กะ,PayapLanna-Regular,69
images/lanna_01349_NotoSansTaiTham.jpg,ᨠ,กะ (ก),กะ,NotoSansTaiTham,68
images/lanna_01350_LNTilok.jpg,ᨠ,กะ (ก),กะ,LNTilok,68
images/lanna_01351_LN-TILOK-6.10.jpg,ᨠ,กะ (ก),กะ,LN-TILOK-6.10,79
images/lanna_01352_PayapLanna-Bold.jpg,ᨠ,กะ (ก),กะ,PayapLanna-Bold,60
images/lanna_01353_PayapLanna-Regular.jpg,ᨠ,กะ (ก),กะ,PayapLanna-Regular,80
images/lanna_01354_NotoSansTaiTham.jpg,ᨠ,กะ (ก),กะ,NotoSansTaiTham,66
images/lanna_01355_LNTilok.jpg,ᨠ,กะ (ก),กะ,LNTilok,82
images/lanna_01356_LN-TILOK-6.10.jpg,ᨠ,กะ (ก),กะ,LN-TILOK-6.10,68
images/lanna_01357_PayapLanna-Bold.jpg,ᨠ,กะ (ก),กะ,PayapLanna-Bold,60
images/lanna_01358_PayapLanna-Regular.jpg,ᨠ,กะ (ก),กะ,PayapLanna-Regular,60
images/lanna_01359_NotoSansTaiTham.jpg,ᨠ,กะ (ก),กะ,NotoSansTaiTham,72
images/lanna_01360_LNTilok.jpg,ᨡ,ขะ (ข),ขะ,LNTilok,69
images/lanna_01361_LN-TILOK-6.10.jpg,ᨡ,ขะ (ข),ขะ,LN-TILOK-6.10,82
images/lanna_01362_PayapLanna-Bold.jpg,ᨡ,ขะ (ข),ขะ,PayapLanna-Bold,85
images/lanna_01363_PayapLanna-Regular.jpg,ᨡ,ขะ (ข),ขะ,PayapLanna-Regular,81
images/lanna_01364_NotoSansTaiTham.jpg,ᨡ,ขะ (ข),ขะ,NotoSansTaiTham,64
images/lanna_01365_LNTilok.jpg,ᨡ,ขะ (ข),ขะ,LNTilok,68
images/lanna_01366_LN-TILOK-6.10.jpg,ᨡ,ขะ (ข),ขะ,LN-TILOK-6.10,78
images/lanna_01367_PayapLanna-Bold.jpg,ᨡ,ขะ (ข),ขะ,PayapLanna-Bold,82
images/lanna_01368_PayapLanna-Regular.jpg,ᨡ,ขะ (ข),ขะ,PayapLanna-Regular,69
images/lanna_01369_NotoSansTaiTham.jpg,ᨡ,ขะ (ข),ขะ,NotoSansTaiTham,76
images/lanna_01370_LNTilok.jpg,ᨡ,ขะ (ข),ขะ,LNTilok,61
images/lanna_01371_LN-TILOK-6.10.jpg,ᨡ,ขะ (ข),ขะ,LN-TILOK-6.10,75
images/lanna_01372_PayapLanna-Bold.jpg,ᨡ,ขะ (ข),ขะ,PayapLanna-Bold,73
images/lanna_01373_PayapLanna-Regular.jpg,ᨡ,ขะ (ข),ขะ,PayapLanna-Regular,82
images/lanna_01374_NotoSansTaiTham.jpg,ᨡ,ขะ (ข),ขะ,NotoSansTaiTham,58
images/lanna_01375_LNTilok.jpg,ᨡ,ขะ (ข),ขะ,LNTilok,67
images/lanna_01376_LN-TILOK-6.10.jpg,ᨡ,ขะ (ข),ขะ,LN-TILOK-6.10,73
images/lanna_01377_PayapLanna-Bold.jpg,ᨡ,ขะ (ข),ขะ,PayapLanna-Bold,69
images/lanna_01378_PayapLanna-Regular.jpg,ᨡ,ขะ (ข),ขะ,PayapLanna-Regular,72
images/lanna_01379_NotoSansTaiTham.jpg,ᨡ,ขะ (ข),ขะ,NotoSansTaiTham,61
images/lanna_01380_LNTilok.jpg,ᨡ,ขะ (ข),ขะ,LNTilok,76
images/lanna_01381_LN-TILOK-6.10.jpg,ᨡ,ขะ (ข),ขะ,LN-TILOK-6.10,65
images/lanna_01382_PayapLanna-Bold.jpg,ᨡ,ขะ (ข),ขะ,PayapLanna-Bold,68
images/lanna_01383_PayapLanna-Regular.jpg,ᨡ,ขะ (ข),ขะ,PayapLanna-Regular,73
images/lanna_01384_NotoSansTaiTham.jpg,ᨡ,ขะ (ข),ขะ,NotoSansTaiTham,73
images/lanna_01385_LNTilok.jpg,ᨡ,ขะ (ข),ขะ,LNTilok,78
images/lanna_01386_LN-TILOK-6.10.jpg,ᨡ,ขะ (ข),ขะ,LN-TILOK-6.10,63
images/lanna_01387_PayapLanna-Bold.jpg,ᨡ,ขะ (ข),ขะ,PayapLanna-Bold,80
images/lanna_01388_PayapLanna-Regular.jpg,ᨡ,ขะ (ข),ขะ,PayapLanna-Regular,77
images/lanna_01389_NotoSansTaiTham.jpg,ᨡ,ขะ (ข),ขะ,NotoSansTaiTham,75
images/lanna_01390_LNTilok.jpg,ᨡ,ขะ (ข),ขะ,LNTilok,59
images/lanna_01391_LN-TILOK-6.10.jpg,ᨡ,ขะ (ข),ขะ,LN-TILOK-6.10,76
images/lanna_01392_PayapLanna-Bold.jpg,ᨡ,ขะ (ข),ขะ,PayapLanna-Bold,81
images/lanna_01393_PayapLanna-Regular.jpg,ᨡ,ขะ (ข),ขะ,PayapLanna-Regular,73
images/lanna_01394_NotoSansTaiTham.jpg,ᨡ,ขะ (ข),ขะ,NotoSansTaiTham,70
images/lanna_01395_LNTilok.jpg,ᨡ,ขะ (ข),ขะ,LNTilok,78
images/lanna_01396_LN-TILOK-6.10.jpg,ᨡ,ขะ (ข),ขะ,LN-TILOK-6.10,74
images/lanna_01397_PayapLanna-Bold.jpg,ᨡ,ขะ (ข),ขะ,PayapLanna-Bold,70
images/lanna_01398_PayapLanna-Regular.jpg,ᨡ,ขะ (ข),ขะ,PayapLanna-Regular,76
images/lanna_01399_NotoSansTaiTham.jpg,ᨡ,ขะ (ข),ขะ,NotoSansTaiTham,76
images/lanna_01400_LNTilok.jpg,ᨢ,ข้ะ (ฃ),ข้ะ,LNTilok,71
images/lanna_01401_LN-TILOK-6.10.jpg,ᨢ,ข้ะ (ฃ),ข้ะ,LN-TILOK-6.10,71
images/lanna_01402_PayapLanna-Bold.jpg,ᨢ,ข้ะ (ฃ),ข้ะ,PayapLanna-Bold,85
images/lanna_01403_PayapLanna-Regular.jpg,ᨢ,ข้ะ (ฃ),ข้ะ,PayapLanna-Regular,61
images/lanna_01404_NotoSansTaiTham.jpg,ᨢ,ข้ะ (ฃ),ข้ะ,NotoSansTaiTham,82
images/lanna_01405_LNTilok.jpg,ᨢ,ข้ะ (ฃ),ข้ะ,LNTilok,76
images/lanna_01406_LN-TILOK-6.10.jpg,ᨢ,ข้ะ (ฃ),ข้ะ,LN-TILOK-6.10,85
images/lanna_01407_PayapLanna-Bold.jpg,ᨢ,ข้ะ (ฃ),ข้ะ,PayapLanna-Bold,73
images/lanna_01408_PayapLanna-Regular.jpg,ᨢ,ข้ะ (ฃ),ข้ะ,PayapLanna-Regular,68
images/lanna_01409_NotoSansTaiTham.jpg,ᨢ,ข้ะ (ฃ),ข้ะ,NotoSansTaiTham,77
images/lanna_01410_LNTilok.jpg,ᨢ,ข้ะ (ฃ),ข้ะ,LNTilok,75
images/lanna_01411_LN-TILOK-6.10.jpg,ᨢ,ข้ะ (ฃ),ข้ะ,LN-TILOK-6.10,84
images/lanna_01412_PayapLanna-Bold.jpg,ᨢ,ข้ะ (ฃ),ข้ะ,PayapLanna-Bold,64
images/lanna_01413_PayapLanna-Regular.jpg,ᨢ,ข้ะ (ฃ),ข้ะ,PayapLanna-Regular,81
images/lanna_01414_NotoSansTaiTham.jpg,ᨢ,ข้ะ (ฃ),ข้ะ,NotoSansTaiTham,64
images/lanna_01415_LNTilok.jpg,ᨢ,ข้ะ (ฃ),ข้ะ,LNTilok,71
images/lanna_01416_LN-TILOK-6.10.jpg,ᨢ,ข้ะ (ฃ),ข้ะ,LN-TILOK-6.10,59
images/lanna_01417_PayapLanna-Bold.jpg,ᨢ,ข้ะ (ฃ),ข้ะ,PayapLanna-Bold,72
images/lanna_01418_PayapLanna-Regular.jpg,ᨢ,ข้ะ (ฃ),ข้ะ,PayapLanna-Regular,64
images/lanna_01419_NotoSansTaiTham.jpg,ᨢ,ข้ะ (ฃ),ข้ะ,NotoSansTaiTham,71
images/lanna_01420_LNTilok.jpg,ᨢ,ข้ะ (ฃ),ข้ะ,LNTilok,74
images/lanna_01421_LN-TILOK-6.10.jpg,ᨢ,ข้ะ (ฃ),ข้ะ,LN-TILOK-6.10,80
images/lanna_01422_PayapLanna-Bold.jpg,ᨢ,ข้ะ (ฃ),ข้ะ,PayapLanna-Bold,74
images/lanna_01423_PayapLanna-Regular.jpg,ᨢ,ข้ะ (ฃ),ข้ะ,PayapLanna-Regular,79
images/lanna_01424_NotoSansTaiTham.jpg,ᨢ,ข้ะ (ฃ),ข้ะ,NotoSansTaiTham,79
images/lanna_01425_LNTilok.jpg,ᨢ,ข้ะ (ฃ),ข้ะ,LNTilok,63
images/lanna_01426_LN-TILOK-6.10.jpg,ᨢ,ข้ะ (ฃ),ข้ะ,LN-TILOK-6.10,81
images/lanna_01427_PayapLanna-Bold.jpg,ᨢ,ข้ะ (ฃ),ข้ะ,PayapLanna-Bold,79
images/lanna_01428_PayapLanna-Regular.jpg,ᨢ,ข้ะ (ฃ),ข้ะ,PayapLanna-Regular,65
images/lanna_01429_NotoSansTaiTham.jpg,ᨢ,ข้ะ (ฃ),ข้ะ,NotoSansTaiTham,66
images/lanna_01430_LNTilok.jpg,ᨢ,ข้ะ (ฃ),ข้ะ,LNTilok,62
images/lanna_01431_LN-TILOK-6.10.jpg,ᨢ,ข้ะ (ฃ),ข้ะ,LN-TILOK-6.10,85
images/lanna_01432_PayapLanna-Bold.jpg,ᨢ,ข้ะ (ฃ),ข้ะ,PayapLanna-Bold,64
images/lanna_01433_PayapLanna-Regular.jpg,ᨢ,ข้ะ (ฃ),ข้ะ,PayapLanna-Regular,66
images/lanna_01434_NotoSansTaiTham.jpg,ᨢ,ข้ะ (ฃ),ข้ะ,NotoSansTaiTham,58
images/lanna_01435_LNTilok.jpg,ᨢ,ข้ะ (ฃ),ข้ะ,LNTilok,68
images/lanna_01436_LN-TILOK-6.10.jpg,ᨢ,ข้ะ (ฃ),ข้ะ,LN-TILOK-6.10,76
images/lanna_01437_PayapLanna-Bold.jpg,ᨢ,ข้ะ (ฃ),ข้ะ,PayapLanna-Bold,64
images/lanna_01438_PayapLanna-Regular.jpg,ᨢ,ข้ะ (ฃ),ข้ะ,PayapLanna-Regular,60
images/lanna_01439_NotoSansTaiTham.jpg,ᨢ,ข้ะ (ฃ),ข้ะ,NotoSansTaiTham,65
images/lanna_01440_LNTilok.jpg,ᨣ,ก๊ะ (ค),ก๊ะ,LNTilok,70
images/lanna_01441_LN-TILOK-6.10.jpg,ᨣ,ก๊ะ (ค),ก๊ะ,LN-TILOK-6.10,69
images/lanna_01442_PayapLanna-Bold.jpg,ᨣ,ก๊ะ (ค),ก๊ะ,PayapLanna-Bold,82
images/lanna_01443_PayapLanna-Regular.jpg,ᨣ,ก๊ะ (ค),ก๊ะ,PayapLanna-Regular,68
images/lanna_01444_NotoSansTaiTham.jpg,ᨣ,ก๊ะ (ค),ก๊ะ,NotoSansTaiTham,60
images/lanna_01445_LNTilok.jpg,ᨣ,ก๊ะ (ค),ก๊ะ,LNTilok,60
images/lanna_01446_LN-TILOK-6.10.jpg,ᨣ,ก๊ะ (ค),ก๊ะ,LN-TILOK-6.10,79
images/lanna_01447_PayapLanna-Bold.jpg,ᨣ,ก๊ะ (ค),ก๊ะ,PayapLanna-Bold,69
images/lanna_01448_PayapLanna-Regular.jpg,ᨣ,ก๊ะ (ค),ก๊ะ,PayapLanna-Regular,84
images/lanna_01449_NotoSansTaiTham.jpg,ᨣ,ก๊ะ (ค),ก๊ะ,NotoSansTaiTham,78
images/lanna_01450_LNTilok.jpg,ᨣ,ก๊ะ (ค),ก๊ะ,LNTilok,59
images/lanna_01451_LN-TILOK-6.10.jpg,ᨣ,ก๊ะ (ค),ก๊ะ,LN-TILOK-6.10,78
images/lanna_01452_PayapLanna-Bold.jpg,ᨣ,ก๊ะ (ค),ก๊ะ,PayapLanna-Bold,81
images/lanna_01453_PayapLanna-Regular.jpg,ᨣ,ก๊ะ (ค),ก๊ะ,PayapLanna-Regular,60
images/lanna_01454_NotoSansTaiTham.jpg,ᨣ,ก๊ะ (ค),ก๊ะ,NotoSansTaiTham,63
images/lanna_01455_LNTilok.jpg,ᨣ,ก๊ะ (ค),ก๊ะ,LNTilok,67
images/lanna_01456_LN-TILOK-6.10.jpg,ᨣ,ก๊ะ (ค),ก๊ะ,LN-TILOK-6.10,73
images/lanna_01457_PayapLanna-Bold.jpg,ᨣ,ก๊ะ (ค),ก๊ะ,PayapLanna-Bold,82
images/lanna_01458_PayapLanna-Regular.jpg,ᨣ,ก๊ะ (ค),ก๊ะ,PayapLanna-Regular,83
images/lanna_01459_NotoSansTaiTham.jpg,ᨣ,ก๊ะ (ค),ก๊ะ,NotoSansTaiTham,68
images/lanna_01460_LNTilok.jpg,ᨣ,ก๊ะ (ค),ก๊ะ,LNTilok,63
images/lanna_01461_LN-TILOK-6.10.jpg,ᨣ,ก๊ะ (ค),ก๊ะ,LN-TILOK-6.10,63
images/lanna_01462_PayapLanna-Bold.jpg,ᨣ,ก๊ะ (ค),ก๊ะ,PayapLanna-Bold,82
images/lanna_01463_PayapLanna-Regular.jpg,ᨣ,ก๊ะ (ค),ก๊ะ,PayapLanna-Regular,58
images/lanna_01464_NotoSansTaiTham.jpg,ᨣ,ก๊ะ (ค),ก๊ะ,NotoSansTaiTham,66
images/lanna_01465_LNTilok.jpg,ᨣ,ก๊ะ (ค),ก๊ะ,LNTilok,84
images/lanna_01466_LN-TILOK-6.10.jpg,ᨣ,ก๊ะ (ค),ก๊ะ,LN-TILOK-6.10,68
images/lanna_01467_PayapLanna-Bold.jpg,ᨣ,ก๊ะ (ค),ก๊ะ,PayapLanna-Bold,74
images/lanna_01468_PayapLanna-Regular.jpg,ᨣ,ก๊ะ (ค),ก๊ะ,PayapLanna-Regular,69
images/lanna_01469_NotoSansTaiTham.jpg,ᨣ,ก๊ะ (ค),ก๊ะ,NotoSansTaiTham,71
images/lanna_01470_LNTilok.jpg,ᨣ,ก๊ะ (ค),ก๊ะ,LNTilok,83
images/lanna_01471_LN-TILOK-6.10.jpg,ᨣ,ก๊ะ (ค),ก๊ะ,LN-TILOK-6.10,63
images/lanna_01472_PayapLanna-Bold.jpg,ᨣ,ก๊ะ (ค),ก๊ะ,PayapLanna-Bold,79
images/lanna_01473_PayapLanna-Regular.jpg,ᨣ,ก๊ะ (ค),ก๊ะ,PayapLanna-Regular,70
images/lanna_01474_NotoSansTaiTham.jpg,ᨣ,ก๊ะ (ค),ก๊ะ,NotoSansTaiTham,81
images/lanna_01475_LNTilok.jpg,ᨣ,ก๊ะ (ค),ก๊ะ,LNTilok,85
images/lanna_01476_LN-TILOK-6.10.jpg,ᨣ,ก๊ะ (ค),ก๊ะ,LN-TILOK-6.10,85
images/lanna_01477_PayapLanna-Bold.jpg,ᨣ,ก๊ะ (ค),ก๊ะ,PayapLanna-Bold,80
images/lanna_01478_PayapLanna-Regular.jpg,ᨣ,ก๊ะ (ค),ก๊ะ,PayapLanna-Regular,82
images/lanna_01479_NotoSansTaiTham.jpg,ᨣ,ก๊ะ (ค),ก๊ะ,NotoSansTaiTham,67
images/lanna_01480_LNTilok.jpg,ᨤ,ก๊ำ (ฅ),ก๊ำ,LNTilok,73
images/lanna_01481_LN-TILOK-6.10.jpg,ᨤ,ก๊ำ (ฅ),ก๊ำ,LN-TILOK-6.10,79
images/lanna_01482_PayapLanna-Bold.jpg,ᨤ,ก๊ำ (ฅ),ก๊ำ,PayapLanna-Bold,69
images/lanna_01483_PayapLanna-Regular.jpg,ᨤ,ก๊ำ (ฅ),ก๊ำ,PayapLanna-Regular,77
images/lanna_01484_NotoSansTaiTham.jpg,ᨤ,ก๊ำ (ฅ),ก๊ำ,NotoSansTaiTham,65
images/lanna_01485_LNTilok.jpg,ᨤ,ก๊ำ (ฅ),ก๊ำ,LNTilok,64
images/lanna_01486_LN-TILOK-6.10.jpg,ᨤ,ก๊ำ (ฅ),ก๊ำ,LN-TILOK-6.10,71
images/lanna_01487_PayapLanna-Bold.jpg,ᨤ,ก๊ำ (ฅ),ก๊ำ,PayapLanna-Bold,78
images/lanna_01488_PayapLanna-Regular.jpg,ᨤ,ก๊ำ (ฅ),ก๊ำ,PayapLanna-Regular,77
images/lanna_01489_NotoSansTaiTham.jpg,ᨤ,ก๊ำ (ฅ),ก๊ำ,NotoSansTaiTham,69
images/lanna_01490_LNTilok.jpg,ᨤ,ก๊ำ (ฅ),ก๊ำ,LNTilok,79
images/lanna_01491_LN-TILOK-6.10.jpg,ᨤ,ก๊ำ (ฅ),ก๊ำ,LN-TILOK-6.10,72
images/lanna_01492_PayapLanna-Bold.jpg,ᨤ,ก๊ำ (ฅ),ก๊ำ,PayapLanna-Bold,66
images/lanna_01493_PayapLanna-Regular.jpg,ᨤ,ก๊ำ (ฅ),ก๊ำ,PayapLanna-Regular,80
images/lanna_01494_NotoSansTaiTham.jpg,ᨤ,ก๊ำ (ฅ),ก๊ำ,NotoSansTaiTham,61
images/lanna_01495_LNTilok.jpg,ᨤ,ก๊ำ (ฅ),ก๊ำ,LNTilok,71
images/lanna_01496_LN-TILOK-6.10.jpg,ᨤ,ก๊ำ (ฅ),ก๊ำ,LN-TILOK-6.10,74
images/lanna_01497_PayapLanna-Bold.jpg,ᨤ,ก๊ำ (ฅ),ก๊ำ,PayapLanna-Bold,69
images/lanna_01498_PayapLanna-Regular.jpg,ᨤ,ก๊ำ (ฅ),ก๊ำ,PayapLanna-Regular,85
images/lanna_01499_NotoSansTaiTham.jpg,ᨤ,ก๊ำ (ฅ),ก๊ำ,NotoSansTaiTham,72
images/lanna_01500_LNTilok.jpg,ᨤ,ก๊ำ (ฅ),ก๊ำ,LNTilok,62
images/lanna_01501_LN-TILOK-6.10.jpg,ᨤ,ก๊ำ (ฅ),ก๊ำ,LN-TILOK-6.10,85
images/lanna_01502_PayapLanna-Bold.jpg,ᨤ,ก๊ำ (ฅ),ก๊ำ,PayapLanna-Bold,81
images/lanna_01503_PayapLanna-Regular.jpg,ᨤ,ก๊ำ (ฅ),ก๊ำ,PayapLanna-Regular,70
images/lanna_01504_NotoSansTaiTham.jpg,ᨤ,ก๊ำ (ฅ),ก๊ำ,NotoSansTaiTham,77
images/lanna_01505_LNTilok.jpg,ᨤ,ก๊ำ (ฅ),ก๊ำ,LNTilok,78
images/lanna_01506_LN-TILOK-6.10.jpg,ᨤ,ก๊ำ (ฅ),ก๊ำ,LN-TILOK-6.10,61
images/lanna_01507_PayapLanna-Bold.jpg,ᨤ,ก๊ำ (ฅ),ก๊ำ,PayapLanna-Bold,67
images/lanna_01508_PayapLanna-Regular.jpg,ᨤ,ก๊ำ (ฅ),ก๊ำ,PayapLanna-Regular,75
images/lanna_01509_NotoSansTaiTham.jpg,ᨤ,ก๊ำ (ฅ),ก๊ำ,NotoSansTaiTham,68
images/lanna_01510_LNTilok.jpg,ᨤ,ก๊ำ (ฅ),ก๊ำ,LNTilok,66
images/lanna_01511_LN-TILOK-6.10.jpg,ᨤ,ก๊ำ (ฅ),ก๊ำ,LN-TILOK-6.10,81
images/lanna_01512_PayapLanna-Bold.jpg,ᨤ,ก๊ำ (ฅ),ก๊ำ,PayapLanna-Bold,63
images/lanna_01513_PayapLanna-Regular.jpg,ᨤ,ก๊ำ (ฅ),ก๊ำ,PayapLanna-Regular,80
images/lanna_01514_NotoSansTaiTham.jpg,ᨤ,ก๊ำ (ฅ),ก๊ำ,NotoSansTaiTham,80
images/lanna_01515_LNTilok.jpg,ᨤ,ก๊ำ (ฅ),ก๊ำ,LNTilok,70
images/lanna_01516_LN-TILOK-6.10.jpg,ᨤ,ก๊ำ (ฅ),ก๊ำ,LN-TILOK-6.10,80
images/lanna_01517_PayapLanna-Bold.jpg,ᨤ,ก๊ำ (ฅ),ก๊ำ,PayapLanna-Bold,65
images/lanna_01518_PayapLanna-Regular.jpg,ᨤ,ก๊ำ (ฅ),ก๊ำ,PayapLanna-Regular,73
images/lanna_01519_NotoSansTaiTham.jpg,ᨤ,ก๊ำ (ฅ),ก๊ำ,NotoSansTaiTham,76
images/lanna_01520_LNTilok.jpg,ᨥ,ฆะ (ฆ),ฆะ,LNTilok,65
images/lanna_01521_LN-TILOK-6.10.jpg,ᨥ,ฆะ (ฆ),ฆะ,LN-TILOK-6.10,85
images/lanna_01522_PayapLanna-Bold.jpg,ᨥ,ฆะ (ฆ),ฆะ,PayapLanna-Bold,74
images/lanna_01523_PayapLanna-Regular.jpg,ᨥ,ฆะ (ฆ),ฆะ,PayapLanna-Regular,58
images/lanna_01524_NotoSansTaiTham.jpg,ᨥ,ฆะ (ฆ),ฆะ,NotoSansTaiTham,79
images/lanna_01525_LNTilok.jpg,ᨥ,ฆะ (ฆ),ฆะ,LNTilok,64
images/lanna_01526_LN-TILOK-6.10.jpg,ᨥ,ฆะ (ฆ),ฆะ,LN-TILOK-6.10,59
images/lanna_01527_PayapLanna-Bold.jpg,ᨥ,ฆะ (ฆ),ฆะ,PayapLanna-Bold,82
images/lanna_01528_PayapLanna-Regular.jpg,ᨥ,ฆะ (ฆ),ฆะ,PayapLanna-Regular,81
images/lanna_01529_NotoSansTaiTham.jpg,ᨥ,ฆะ (ฆ),ฆะ,NotoSansTaiTham,60
images/lanna_01530_LNTilok.jpg,ᨥ,ฆะ (ฆ),ฆะ,LNTilok,83
images/lanna_01531_LN-TILOK-6.10.jpg,ᨥ,ฆะ (ฆ),ฆะ,LN-TILOK-6.10,73
images/lanna_01532_PayapLanna-Bold.jpg,ᨥ,ฆะ (ฆ),ฆะ,PayapLanna-Bold,74
images/lanna_01533_PayapLanna-Regular.jpg,ᨥ,ฆะ (ฆ),ฆะ,PayapLanna-Regular,64
images/lanna_01534_NotoSansTaiTham.jpg,ᨥ,ฆะ (ฆ),ฆะ,NotoSansTaiTham,75
images/lanna_01535_LNTilok.jpg,ᨥ,ฆะ (ฆ),ฆะ,LNTilok,63
images/lanna_01536_LN-TILOK-6.10.jpg,ᨥ,ฆะ (ฆ),ฆะ,LN-TILOK-6.10,66
images/lanna_01537_PayapLanna-Bold.jpg,ᨥ,ฆะ (ฆ),ฆะ,PayapLanna-Bold,62
images/lanna_01538_PayapLanna-Regular.jpg,ᨥ,ฆะ (ฆ),ฆะ,PayapLanna-Regular,74
images/lanna_01539_NotoSansTaiTham.jpg,ᨥ,ฆะ (ฆ),ฆะ,NotoSansTaiTham,76
images/lanna_01540_LNTilok.jpg,ᨥ,ฆะ (ฆ),ฆะ,LNTilok,68
images/lanna_01541_LN-TILOK-6.10.jpg,ᨥ,ฆะ (ฆ),ฆะ,LN-TILOK-6.10,67
images/lanna_01542_PayapLanna-Bold.jpg,ᨥ,ฆะ (ฆ),ฆะ,PayapLanna-Bold,74
images/lanna_01543_PayapLanna-Regular.jpg,ᨥ,ฆะ (ฆ),ฆะ,PayapLanna-Regular,68
images/lanna_01544_NotoSansTaiTham.jpg,ᨥ,ฆะ (ฆ),ฆะ,NotoSansTaiTham,75
images/lanna_01545_LNTilok.jpg,ᨥ,ฆะ (ฆ),ฆะ,LNTilok,69
images/lanna_01546_LN-TILOK-6.10.jpg,ᨥ,ฆะ (ฆ),ฆะ,LN-TILOK-6.10,75
images/lanna_01547_PayapLanna-Bold.jpg,ᨥ,ฆะ (ฆ),ฆะ,PayapLanna-Bold,66
images/lanna_01548_PayapLanna-Regular.jpg,ᨥ,ฆะ (ฆ),ฆะ,PayapLanna-Regular,68
images/lanna_01549_NotoSansTaiTham.jpg,ᨥ,ฆะ (ฆ),ฆะ,NotoSansTaiTham,75
images/lanna_01550_LNTilok.jpg,ᨥ,ฆะ (ฆ),ฆะ,LNTilok,79
images/lanna_01551_LN-TILOK-6.10.jpg,ᨥ,ฆะ (ฆ),ฆะ,LN-TILOK-6.10,80
images/lanna_01552_PayapLanna-Bold.jpg,ᨥ,ฆะ (ฆ),ฆะ,PayapLanna-Bold,75
images/lanna_01553_PayapLanna-Regular.jpg,ᨥ,ฆะ (ฆ),ฆะ,PayapLanna-Regular,73
images/lanna_01554_NotoSansTaiTham.jpg,ᨥ,ฆะ (ฆ),ฆะ,NotoSansTaiTham,66
images/lanna_01555_LNTilok.jpg,ᨥ,ฆะ (ฆ),ฆะ,LNTilok,58
images/lanna_01556_LN-TILOK-6.10.jpg,ᨥ,ฆะ (ฆ),ฆะ,LN-TILOK-6.10,83
images/lanna_01557_PayapLanna-Bold.jpg,ᨥ,ฆะ (ฆ),ฆะ,PayapLanna-Bold,63
images/lanna_01558_PayapLanna-Regular.jpg,ᨥ,ฆะ (ฆ),ฆะ,PayapLanna-Regular,84
images/lanna_01559_NotoSansTaiTham.jpg,ᨥ,ฆะ (ฆ),ฆะ,NotoSansTaiTham,58
images/lanna_01560_LNTilok.jpg,ᨦ,งะ (ง),งะ,LNTilok,78
images/lanna_01561_LN-TILOK-6.10.jpg,ᨦ,งะ (ง),งะ,LN-TILOK-6.10,78
images/lanna_01562_PayapLanna-Bold.jpg,ᨦ,งะ (ง),งะ,PayapLanna-Bold,61
images/lanna_01563_PayapLanna-Regular.jpg,ᨦ,งะ (ง),งะ,PayapLanna-Regular,59
images/lanna_01564_NotoSansTaiTham.jpg,ᨦ,งะ (ง),งะ,NotoSansTaiTham,73
images/lanna_01565_LNTilok.jpg,ᨦ,งะ (ง),งะ,LNTilok,74
images/lanna_01566_LN-TILOK-6.10.jpg,ᨦ,งะ (ง),งะ,LN-TILOK-6.10,78
images/lanna_01567_PayapLanna-Bold.jpg,ᨦ,งะ (ง),งะ,PayapLanna-Bold,79
images/lanna_01568_PayapLanna-Regular.jpg,ᨦ,งะ (ง),งะ,PayapLanna-Regular,70
images/lanna_01569_NotoSansTaiTham.jpg,ᨦ,งะ (ง),งะ,NotoSansTaiTham,78
images/lanna_01570_LNTilok.jpg,ᨦ,งะ (ง),งะ,LNTilok,85
images/lanna_01571_LN-TILOK-6.10.jpg,ᨦ,งะ (ง),งะ,LN-TILOK-6.10,83
images/lanna_01572_PayapLanna-Bold.jpg,ᨦ,งะ (ง),งะ,PayapLanna-Bold,68
images/lanna_01573_PayapLanna-Regular.jpg,ᨦ,งะ (ง),งะ,PayapLanna-Regular,85
images/lanna_01574_NotoSansTaiTham.jpg,ᨦ,งะ (ง),งะ,NotoSansTaiTham,60
images/lanna_01575_LNTilok.jpg,ᨦ,งะ (ง),งะ,LNTilok,75
images/lanna_01576_LN-TILOK-6.10.jpg,ᨦ,งะ (ง),งะ,LN-TILOK-6.10,62
images/lanna_01577_PayapLanna-Bold.jpg,ᨦ,งะ (ง),งะ,PayapLanna-Bold,79
images/lanna_01578_PayapLanna-Regular.jpg,ᨦ,งะ (ง),งะ,PayapLanna-Regular,72
images/lanna_01579_NotoSansTaiTham.jpg,ᨦ,งะ (ง),งะ,NotoSansTaiTham,61
images/lanna_01580_LNTilok.jpg,ᨦ,งะ (ง),งะ,LNTilok,70
images/lanna_01581_LN-TILOK-6.10.jpg,ᨦ,งะ (ง),งะ,LN-TILOK-6.10,58
images/lanna_01582_PayapLanna-Bold.jpg,ᨦ,งะ (ง),งะ,PayapLanna-Bold,73
images/lanna_01583_PayapLanna-Regular.jpg,ᨦ,งะ (ง),งะ,PayapLanna-Regular,84
images/lanna_01584_NotoSansTaiTham.jpg,ᨦ,งะ (ง),งะ,NotoSansTaiTham,78
images/lanna_01585_LNTilok.jpg,ᨦ,งะ (ง),งะ,LNTilok,64
images/lanna_01586_LN-TILOK-6.10.jpg,ᨦ,งะ (ง),งะ,LN-TILOK-6.10,76
images/lanna_01587_PayapLanna-Bold.jpg,ᨦ,งะ (ง),งะ,PayapLanna-Bold,67
images/lanna_01588_PayapLanna-Regular.jpg,ᨦ,งะ (ง),งะ,PayapLanna-Regular,63
images/lanna_01589_NotoSansTaiTham.jpg,ᨦ,งะ (ง),งะ,NotoSansTaiTham,74
images/lanna_01590_LNTilok.jpg,ᨦ,งะ (ง),งะ,LNTilok,78
images/lanna_01591_LN-TILOK-6.10.jpg,ᨦ,งะ (ง),งะ,LN-TILOK-6.10,71
images/lanna_01592_PayapLanna-Bold.jpg,ᨦ,งะ (ง),งะ,PayapLanna-Bold,82
images/lanna_01593_PayapLanna-Regular.jpg,ᨦ,งะ (ง),งะ,PayapLanna-Regular,73
images/lanna_01594_NotoSansTaiTham.jpg,ᨦ,งะ (ง),งะ,NotoSansTaiTham,69
images/lanna_01595_LNTilok.jpg,ᨦ,งะ (ง),งะ,LNTilok,70
images/lanna_01596_LN-TILOK-6.10.jpg,ᨦ,งะ (ง),งะ,LN-TILOK-6.10,58
images/lanna_01597_PayapLanna-Bold.jpg,ᨦ,งะ (ง),งะ,PayapLanna-Bold,76
images/lanna_01598_PayapLanna-Regular.jpg,ᨦ,งะ (ง),งะ,PayapLanna-Regular,64
images/lanna_01599_NotoSansTaiTham.jpg,ᨦ,งะ (ง),งะ,NotoSansTaiTham,75
images/lanna_01600_LNTilok.jpg,ᨧ,จะ (จ),จะ,LNTilok,82
images/lanna_01601_LN-TILOK-6.10.jpg,ᨧ,จะ (จ),จะ,LN-TILOK-6.10,79
images/lanna_01602_PayapLanna-Bold.jpg,ᨧ,จะ (จ),จะ,PayapLanna-Bold,68
images/lanna_01603_PayapLanna-Regular.jpg,ᨧ,จะ (จ),จะ,PayapLanna-Regular,69
images/lanna_01604_NotoSansTaiTham.jpg,ᨧ,จะ (จ),จะ,NotoSansTaiTham,64
images/lanna_01605_LNTilok.jpg,ᨧ,จะ (จ),จะ,LNTilok,72
images/lanna_01606_LN-TILOK-6.10.jpg,ᨧ,จะ (จ),จะ,LN-TILOK-6.10,71
images/lanna_01607_PayapLanna-Bold.jpg,ᨧ,จะ (จ),จะ,PayapLanna-Bold,72
images/lanna_01608_PayapLanna-Regular.jpg,ᨧ,จะ (จ),จะ,PayapLanna-Regular,75
images/lanna_01609_NotoSansTaiTham.jpg,ᨧ,จะ (จ),จะ,NotoSansTaiTham,71
images/lanna_01610_LNTilok.jpg,ᨧ,จะ (จ),จะ,LNTilok,58
images/lanna_01611_LN-TILOK-6.10.jpg,ᨧ,จะ (จ),จะ,LN-TILOK-6.10,66
images/lanna_01612_PayapLanna-Bold.jpg,ᨧ,จะ (จ),จะ,PayapLanna-Bold,58
images/lanna_01613_PayapLanna-Regular.jpg,ᨧ,จะ (จ),จะ,PayapLanna-Regular,77
images/lanna_01614_NotoSansTaiTham.jpg,ᨧ,จะ (จ),จะ,NotoSansTaiTham,70
images/lanna_01615_LNTilok.jpg,ᨧ,จะ (จ),จะ,LNTilok,60
images/lanna_01616_LN-TILOK-6.10.jpg,ᨧ,จะ (จ),จะ,LN-TILOK-6.10,85
images/lanna_01617_PayapLanna-Bold.jpg,ᨧ,จะ (จ),จะ,PayapLanna-Bold,71
images/lanna_01618_PayapLanna-Regular.jpg,ᨧ,จะ (จ),จะ,PayapLanna-Regular,85
images/lanna_01619_NotoSansTaiTham.jpg,ᨧ,จะ (จ),จะ,NotoSansTaiTham,77
images/lanna_01620_LNTilok.jpg,ᨧ,จะ (จ),จะ,LNTilok,69
images/lanna_01621_LN-TILOK-6.10.jpg,ᨧ,จะ (จ),จะ,LN-TILOK-6.10,82
images/lanna_01622_PayapLanna-Bold.jpg,ᨧ,จะ (จ),จะ,PayapLanna-Bold,61
images/lanna_01623_PayapLanna-Regular.jpg,ᨧ,จะ (จ),จะ,PayapLanna-Regular,82
images/lanna_01624_NotoSansTaiTham.jpg,ᨧ,จะ (จ),จะ,NotoSansTaiTham,77
images/lanna_01625_LNTilok.jpg,ᨧ,จะ (จ),จะ,LNTilok,81
images/lanna_01626_LN-TILOK-6.10.jpg,ᨧ,จะ (จ),จะ,LN-TILOK-6.10,65
images/lanna_01627_PayapLanna-Bold.jpg,ᨧ,จะ (จ),จะ,PayapLanna-Bold,72
images/lanna_01628_PayapLanna-Regular.jpg,ᨧ,จะ (จ),จะ,PayapLanna-Regular,72
images/lanna_01629_NotoSansTaiTham.jpg,ᨧ,จะ (จ),จะ,NotoSansTaiTham,63
images/lanna_01630_LNTilok.jpg,ᨧ,จะ (จ),จะ,LNTilok,77
images/lanna_01631_LN-TILOK-6.10.jpg,ᨧ,จะ (จ),จะ,LN-TILOK-6.10,79
images/lanna_01632_PayapLanna-Bold.jpg,ᨧ,จะ (จ),จะ,PayapLanna-Bold,58
images/lanna_01633_PayapLanna-Regular.jpg,ᨧ,จะ (จ),จะ,PayapLanna-Regular,77
images/lanna_01634_NotoSansTaiTham.jpg,ᨧ,จะ (จ),จะ,NotoSansTaiTham,71
images/lanna_01635_LNTilok.jpg,ᨧ,จะ (จ),จะ,LNTilok,59
images/lanna_01636_LN-TILOK-6.10.jpg,ᨧ,จะ (จ),จะ,LN-TILOK-6.10,82
images/lanna_01637_PayapLanna-Bold.jpg,ᨧ,จะ (จ),จะ,PayapLanna-Bold,77
images/lanna_01638_PayapLanna-Regular.jpg,ᨧ,จะ (จ),จะ,PayapLanna-Regular,63
images/lanna_01639_NotoSansTaiTham.jpg,ᨧ,จะ (จ),จะ,NotoSansTaiTham,80
images/lanna_01640_LNTilok.jpg,ᨨ,ฉะ (ฉ),ฉะ,LNTilok,67
images/lanna_01641_LN-TILOK-6.10.jpg,ᨨ,ฉะ (ฉ),ฉะ,LN-TILOK-6.10,83
images/lanna_01642_PayapLanna-Bold.jpg,ᨨ,ฉะ (ฉ),ฉะ,PayapLanna-Bold,74
images/lanna_01643_PayapLanna-Regular.jpg,ᨨ,ฉะ (ฉ),ฉะ,PayapLanna-Regular,70
images/lanna_01644_NotoSansTaiTham.jpg,ᨨ,ฉะ (ฉ),ฉะ,NotoSansTaiTham,62
images/lanna_01645_LNTilok.jpg,ᨨ,ฉะ (ฉ),ฉะ,LNTilok,82
images/lanna_01646_LN-TILOK-6.10.jpg,ᨨ,ฉะ (ฉ),ฉะ,LN-TILOK-6.10,81
images/lanna_01647_PayapLanna-Bold.jpg,ᨨ,ฉะ (ฉ),ฉะ,PayapLanna-Bold,75
images/lanna_01648_PayapLanna-Regular.jpg,ᨨ,ฉะ (ฉ),ฉะ,PayapLanna-Regular,61
images/lanna_01649_NotoSansTaiTham.jpg,ᨨ,ฉะ (ฉ),ฉะ,NotoSansTaiTham,82
images/lanna_01650_LNTilok.jpg,ᨨ,ฉะ (ฉ),ฉะ,LNTilok,84
images/lanna_01651_LN-TILOK-6.10.jpg,ᨨ,ฉะ (ฉ),ฉะ,LN-TILOK-6.10,82
images/lanna_01652_PayapLanna-Bold.jpg,ᨨ,ฉะ (ฉ),ฉะ,PayapLanna-Bold,79
images/lanna_01653_PayapLanna-Regular.jpg,ᨨ,ฉะ (ฉ),ฉะ,PayapLanna-Regular,77
images/lanna_01654_NotoSansTaiTham.jpg,ᨨ,ฉะ (ฉ),ฉะ,NotoSansTaiTham,64
images/lanna_01655_LNTilok.jpg,ᨨ,ฉะ (ฉ),ฉะ,LNTilok,65
images/lanna_01656_LN-TILOK-6.10.jpg,ᨨ,ฉะ (ฉ),ฉะ,LN-TILOK-6.10,68
images/lanna_01657_PayapLanna-Bold.jpg,ᨨ,ฉะ (ฉ),ฉะ,PayapLanna-Bold,59
images/lanna_01658_PayapLanna-Regular.jpg,ᨨ,ฉะ (ฉ),ฉะ,PayapLanna-Regular,67
images/lanna_01659_NotoSansTaiTham.jpg,ᨨ,ฉะ (ฉ),ฉะ,NotoSansTaiTham,75
images/lanna_01660_LNTilok.jpg,ᨨ,ฉะ (ฉ),ฉะ,LNTilok,74
images/lanna_01661_LN-TILOK-6.10.jpg,ᨨ,ฉะ (ฉ),ฉะ,LN-TILOK-6.10,84
images/lanna_01662_PayapLanna-Bold.jpg,ᨨ,ฉะ (ฉ),ฉะ,PayapLanna-Bold,62
images/lanna_01663_PayapLanna-Regular.jpg,ᨨ,ฉะ (ฉ),ฉะ,PayapLanna-Regular,68
images/lanna_01664_NotoSansTaiTham.jpg,ᨨ,ฉะ (ฉ),ฉะ,NotoSansTaiTham,77
images/lanna_01665_LNTilok.jpg,ᨨ,ฉะ (ฉ),ฉะ,LNTilok,67
images/lanna_01666_LN-TILOK-6.10.jpg,ᨨ,ฉะ (ฉ),ฉะ,LN-TILOK-6.10,71
images/lanna_01667_PayapLanna-Bold.jpg,ᨨ,ฉะ (ฉ),ฉะ,PayapLanna-Bold,79
images/lanna_01668_PayapLanna-Regular.jpg,ᨨ,ฉะ (ฉ),ฉะ,PayapLanna-Regular,81
images/lanna_01669_NotoSansTaiTham.jpg,ᨨ,ฉะ (ฉ),ฉะ,NotoSansTaiTham,71
images/lanna_01670_LNTilok.jpg,ᨨ,ฉะ (ฉ),ฉะ,LNTilok,83
images/lanna_01671_LN-TILOK-6.10.jpg,ᨨ,ฉะ (ฉ),ฉะ,LN-TILOK-6.10,71
images/lanna_01672_PayapLanna-Bold.jpg,ᨨ,ฉะ (ฉ),ฉะ,PayapLanna-Bold,69
images/lanna_01673_PayapLanna-Regular.jpg,ᨨ,ฉะ (ฉ),ฉะ,PayapLanna-Regular,74
images/lanna_01674_NotoSansTaiTham.jpg,ᨨ,ฉะ (ฉ),ฉะ,NotoSansTaiTham,83
images/lanna_01675_LNTilok.jpg,ᨨ,ฉะ (ฉ),ฉะ,LNTilok,66
images/lanna_01676_LN-TILOK-6.10.jpg,ᨨ,ฉะ (ฉ),ฉะ,LN-TILOK-6.10,70
images/lanna_01677_PayapLanna-Bold.jpg,ᨨ,ฉะ (ฉ),ฉะ,PayapLanna-Bold,61
images/lanna_01678_PayapLanna-Regular.jpg,ᨨ,ฉะ (ฉ),ฉะ,PayapLanna-Regular,58
images/lanna_01679_NotoSansTaiTham.jpg,ᨨ,ฉะ (ฉ),ฉะ,NotoSansTaiTham,85
images/lanna_01680_LNTilok.jpg,ᨩ,จ๊ะ (ช),จ๊ะ,LNTilok,65
images/lanna_01681_LN-TILOK-6.10.jpg,ᨩ,จ๊ะ (ช),จ๊ะ,LN-TILOK-6.10,72
images/lanna_01682_PayapLanna-Bold.jpg,ᨩ,จ๊ะ (ช),จ๊ะ,PayapLanna-Bold,75
images/lanna_01683_PayapLanna-Regular.jpg,ᨩ,จ๊ะ (ช),จ๊ะ,PayapLanna-Regular,82
images/lanna_01684_NotoSansTaiTham.jpg,ᨩ,จ๊ะ (ช),จ๊ะ,NotoSansTaiTham,82
images/lanna_01685_LNTilok.jpg,ᨩ,จ๊ะ (ช),จ๊ะ,LNTilok,81
images/lanna_01686_LN-TILOK-6.10.jpg,ᨩ,จ๊ะ (ช),จ๊ะ,LN-TILOK-6.10,61
images/lanna_01687_PayapLanna-Bold.jpg,ᨩ,จ๊ะ (ช),จ๊ะ,PayapLanna-Bold,80
images/lanna_01688_PayapLanna-Regular.jpg,ᨩ,จ๊ะ (ช),จ๊ะ,PayapLanna-Regular,70
images/lanna_01689_NotoSansTaiTham.jpg,ᨩ,จ๊ะ (ช),จ๊ะ,NotoSansTaiTham,67
images/lanna_01690_LNTilok.jpg,ᨩ,จ๊ะ (ช),จ๊ะ,LNTilok,68
images/lanna_01691_LN-TILOK-6.10.jpg,ᨩ,จ๊ะ (ช),จ๊ะ,LN-TILOK-6.10,78
images/lanna_01692_PayapLanna-Bold.jpg,ᨩ,จ๊ะ (ช),จ๊ะ,PayapLanna-Bold,73
images/lanna_01693_PayapLanna-Regular.jpg,ᨩ,จ๊ะ (ช),จ๊ะ,PayapLanna-Regular,77
images/lanna_01694_NotoSansTaiTham.jpg,ᨩ,จ๊ะ (ช),จ๊ะ,NotoSansTaiTham,77
images/lanna_01695_LNTilok.jpg,ᨩ,จ๊ะ (ช),จ๊ะ,LNTilok,82
images/lanna_01696_LN-TILOK-6.10.jpg,ᨩ,จ๊ะ (ช),จ๊ะ,LN-TILOK-6.10,72
images/lanna_01697_PayapLanna-Bold.jpg,ᨩ,จ๊ะ (ช),จ๊ะ,PayapLanna-Bold,75
images/lanna_01698_PayapLanna-Regular.jpg,ᨩ,จ๊ะ (ช),จ๊ะ,PayapLanna-Regular,81
images/lanna_01699_NotoSansTaiTham.jpg,ᨩ,จ๊ะ (ช),จ๊ะ,NotoSansTaiTham,58
images/lanna_01700_LNTilok.jpg,ᨩ,จ๊ะ (ช),จ๊ะ,LNTilok,75
images/lanna_01701_LN-TILOK-6.10.jpg,ᨩ,จ๊ะ (ช),จ๊ะ,LN-TILOK-6.10,68
images/lanna_01702_PayapLanna-Bold.jpg,ᨩ,จ๊ะ (ช),จ๊ะ,PayapLanna-Bold,63
images/lanna_01703_PayapLanna-Regular.jpg,ᨩ,จ๊ะ (ช),จ๊ะ,PayapLanna-Regular,63
images/lanna_01704_NotoSansTaiTham.jpg,ᨩ,จ๊ะ (ช),จ๊ะ,NotoSansTaiTham,60
images/lanna_01705_LNTilok.jpg,ᨩ,จ๊ะ (ช),จ๊ะ,LNTilok,64
images/lanna_01706_LN-TILOK-6.10.jpg,ᨩ,จ๊ะ (ช),จ๊ะ,LN-TILOK-6.10,78
images/lanna_01707_PayapLanna-Bold.jpg,ᨩ,จ๊ะ (ช),จ๊ะ,PayapLanna-Bold,71
images/lanna_01708_PayapLanna-Regular.jpg,ᨩ,จ๊ะ (ช),จ๊ะ,PayapLanna-Regular,63
images/lanna_01709_NotoSansTaiTham.jpg,ᨩ,จ๊ะ (ช),จ๊ะ,NotoSansTaiTham,66
images/lanna_01710_LNTilok.jpg,ᨩ,จ๊ะ (ช),จ๊ะ,LNTilok,70
images/lanna_01711_LN-TILOK-6.10.jpg,ᨩ,จ๊ะ (ช),จ๊ะ,LN-TILOK-6.10,62
images/lanna_01712_PayapLanna-Bold.jpg,ᨩ,จ๊ะ (ช),จ๊ะ,PayapLanna-Bold,62
images/lanna_01713_PayapLanna-Regular.jpg,ᨩ,จ๊ะ (ช),จ๊ะ,PayapLanna-Regular,58
images/lanna_01714_NotoSansTaiTham.jpg,ᨩ,จ๊ะ (ช),จ๊ะ,NotoSansTaiTham,73
images/lanna_01715_LNTilok.jpg,ᨩ,จ๊ะ (ช),จ๊ะ,LNTilok,79
images/lanna_01716_LN-TILOK-6.10.jpg,ᨩ,จ๊ะ (ช),จ๊ะ,LN-TILOK-6.10,72
images/lanna_01717_PayapLanna-Bold.jpg,ᨩ,จ๊ะ (ช),จ๊ะ,PayapLanna-Bold,77
images/lanna_01718_PayapLanna-Regular.jpg,ᨩ,จ๊ะ (ช),จ๊ะ,PayapLanna-Regular,60
images/lanna_01719_NotoSansTaiTham.jpg,ᨩ,จ๊ะ (ช),จ๊ะ,NotoSansTaiTham,84
images/lanna_01720_LNTilok.jpg,ᨪ,ซะ (ซ),ซะ,LNTilok,81
images/lanna_01721_LN-TILOK-6.10.jpg,ᨪ,ซะ (ซ),ซะ,LN-TILOK-6.10,85
images/lanna_01722_PayapLanna-Bold.jpg,ᨪ,ซะ (ซ),ซะ,PayapLanna-Bold,78
images/lanna_01723_PayapLanna-Regular.jpg,ᨪ,ซะ (ซ),ซะ,PayapLanna-Regular,74
images/lanna_01724_NotoSansTaiTham.jpg,ᨪ,ซะ (ซ),ซะ,NotoSansTaiTham,64
images/lanna_01725_LNTilok.jpg,ᨪ,ซะ (ซ),ซะ,LNTilok,76
images/lanna_01726_LN-TILOK-6.10.jpg,ᨪ,ซะ (ซ),ซะ,LN-TILOK-6.10,67
images/lanna_01727_PayapLanna-Bold.jpg,ᨪ,ซะ (ซ),ซะ,PayapLanna-Bold,76
images/lanna_01728_PayapLanna-Regular.jpg,ᨪ,ซะ (ซ),ซะ,PayapLanna-Regular,74
images/lanna_01729_NotoSansTaiTham.jpg,ᨪ,ซะ (ซ),ซะ,NotoSansTaiTham,73
images/lanna_01730_LNTilok.jpg,ᨪ,ซะ (ซ),ซะ,LNTilok,69
images/lanna_01731_LN-TILOK-6.10.jpg,ᨪ,ซะ (ซ),ซะ,LN-TILOK-6.10,84
images/lanna_01732_PayapLanna-Bold.jpg,ᨪ,ซะ (ซ),ซะ,PayapLanna-Bold,60
images/lanna_01733_PayapLanna-Regular.jpg,ᨪ,ซะ (ซ),ซะ,PayapLanna-Regular,69
images/lanna_01734_NotoSansTaiTham.jpg,ᨪ,ซะ (ซ),ซะ,NotoSansTaiTham,71
images/lanna_01735_LNTilok.jpg,ᨪ,ซะ (ซ),ซะ,LNTilok,68
images/lanna_01736_LN-TILOK-6.10.jpg,ᨪ,ซะ (ซ),ซะ,LN-TILOK-6.10,70
images/lanna_01737_PayapLanna-Bold.jpg,ᨪ,ซะ (ซ),ซะ,PayapLanna-Bold,74
images/lanna_01738_PayapLanna-Regular.jpg,ᨪ,ซะ (ซ),ซะ,PayapLanna-Regular,82
images/lanna_01739_NotoSansTaiTham.jpg,ᨪ,ซะ (ซ),ซะ,NotoSansTaiTham,65
images/lanna_01740_LNTilok.jpg,ᨪ,ซะ (ซ),ซะ,LNTilok,85
images/lanna_01741_LN-TILOK-6.10.jpg,ᨪ,ซะ (ซ),ซะ,LN-TILOK-6.10,83
images/lanna_01742_PayapLanna-Bold.jpg,ᨪ,ซะ (ซ),ซะ,PayapLanna-Bold,59
images/lanna_01743_PayapLanna-Regular.jpg,ᨪ,ซะ (ซ),ซะ,PayapLanna-Regular,77
images/lanna_01744_NotoSansTaiTham.jpg,ᨪ,ซะ (ซ),ซะ,NotoSansTaiTham,73
images/lanna_01745_LNTilok.jpg,ᨪ,ซะ (ซ),ซะ,LNTilok,84
images/lanna_01746_LN-TILOK-6.10.jpg,ᨪ,ซะ (ซ),ซะ,LN-TILOK-6.10,63
images/lanna_01747_PayapLanna-Bold.jpg,ᨪ,ซะ (ซ),ซะ,PayapLanna-Bold,74
images/lanna_01748_PayapLanna-Regular.jpg,ᨪ,ซะ (ซ),ซะ,PayapLanna-Regular,66
images/lanna_01749_NotoSansTaiTham.jpg,ᨪ,ซะ (ซ),ซะ,NotoSansTaiTham,73
images/lanna_01750_LNTilok.jpg,ᨪ,ซะ (ซ),ซะ,LNTilok,79
images/lanna_01751_LN-TILOK-6.10.jpg,ᨪ,ซะ (ซ),ซะ,LN-TILOK-6.10,74
images/lanna_01752_PayapLanna-Bold.jpg,ᨪ,ซะ (ซ),ซะ,PayapLanna-Bold,74
images/lanna_01753_PayapLanna-Regular.jpg,ᨪ,ซะ (ซ),ซะ,PayapLanna-Regular,64
images/lanna_01754_NotoSansTaiTham.jpg,ᨪ,ซะ (ซ),ซะ,NotoSansTaiTham,77
images/lanna_01755_LNTilok.jpg,ᨪ,ซะ (ซ),ซะ,LNTilok,68
images/lanna_01756_LN-TILOK-6.10.jpg,ᨪ,ซะ (ซ),ซะ,LN-TILOK-6.10,78
images/lanna_01757_PayapLanna-Bold.jpg,ᨪ,ซะ (ซ),ซะ,PayapLanna-Bold,77
images/lanna_01758_PayapLanna-Regular.jpg,ᨪ,ซะ (ซ),ซะ,PayapLanna-Regular,81
images/lanna_01759_NotoSansTaiTham.jpg,ᨪ,ซะ (ซ),ซะ,NotoSansTaiTham,70
images/lanna_01760_LNTilok.jpg,ᨫ,ฌะ (ฌ),ฌะ,LNTilok,77
images/lanna_01761_LN-TILOK-6.10.jpg,ᨫ,ฌะ (ฌ),ฌะ,LN-TILOK-6.10,69
images/lanna_01762_PayapLanna-Bold.jpg,ᨫ,ฌะ (ฌ),ฌะ,PayapLanna-Bold,71
images/lanna_01763_PayapLanna-Regular.jpg,ᨫ,ฌะ (ฌ),ฌะ,PayapLanna-Regular,81
images/lanna_01764_NotoSansTaiTham.jpg,ᨫ,ฌะ (ฌ),ฌะ,NotoSansTaiTham,76
images/lanna_01765_LNTilok.jpg,ᨫ,ฌะ (ฌ),ฌะ,LNTilok,63
images/lanna_01766_LN-TILOK-6.10.jpg,ᨫ,ฌะ (ฌ),ฌะ,LN-TILOK-6.10,61
images/lanna_01767_PayapLanna-Bold.jpg,ᨫ,ฌะ (ฌ),ฌะ,PayapLanna-Bold,85
images/lanna_01768_PayapLanna-Regular.jpg,ᨫ,ฌะ (ฌ),ฌะ,PayapLanna-Regular,65
images/lanna_01769_NotoSansTaiTham.jpg,ᨫ,ฌะ (ฌ),ฌะ,NotoSansTaiTham,66
images/lanna_01770_LNTilok.jpg,ᨫ,ฌะ (ฌ),ฌะ,LNTilok,81
images/lanna_01771_LN-TILOK-6.10.jpg,ᨫ,ฌะ (ฌ),ฌะ,LN-TILOK-6.10,76
images/lanna_01772_PayapLanna-Bold.jpg,ᨫ,ฌะ (ฌ),ฌะ,PayapLanna-Bold,73
images/lanna_01773_PayapLanna-Regular.jpg,ᨫ,ฌะ (ฌ),ฌะ,PayapLanna-Regular,66
images/lanna_01774_NotoSansTaiTham.jpg,ᨫ,ฌะ (ฌ),ฌะ,NotoSansTaiTham,80
images/lanna_01775_LNTilok.jpg,ᨫ,ฌะ (ฌ),ฌะ,LNTilok,61
images/lanna_01776_LN-TILOK-6.10.jpg,ᨫ,ฌะ (ฌ),ฌะ,LN-TILOK-6.10,78
images/lanna_01777_PayapLanna-Bold.jpg,ᨫ,ฌะ (ฌ),ฌะ,PayapLanna-Bold,76
images/lanna_01778_PayapLanna-Regular.jpg,ᨫ,ฌะ (ฌ),ฌะ,PayapLanna-Regular,71
images/lanna_01779_NotoSansTaiTham.jpg,ᨫ,ฌะ (ฌ),ฌะ,NotoSansTaiTham,71
images/lanna_01780_LNTilok.jpg,ᨫ,ฌะ (ฌ),ฌะ,LNTilok,84
images/lanna_01781_LN-TILOK-6.10.jpg,ᨫ,ฌะ (ฌ),ฌะ,LN-TILOK-6.10,70
images/lanna_01782_PayapLanna-Bold.jpg,ᨫ,ฌะ (ฌ),ฌะ,PayapLanna-Bold,63
images/lanna_01783_PayapLanna-Regular.jpg,ᨫ,ฌะ (ฌ),ฌะ,PayapLanna-Regular,74
images/lanna_01784_NotoSansTaiTham.jpg,ᨫ,ฌะ (ฌ),ฌะ,NotoSansTaiTham,64
images/lanna_01785_LNTilok.jpg,ᨫ,ฌะ (ฌ),ฌะ,LNTilok,83
images/lanna_01786_LN-TILOK-6.10.jpg,ᨫ,ฌะ (ฌ),ฌะ,LN-TILOK-6.10,75
images/lanna_01787_PayapLanna-Bold.jpg,ᨫ,ฌะ (ฌ),ฌะ,PayapLanna-Bold,80
images/lanna_01788_PayapLanna-Regular.jpg,ᨫ,ฌะ (ฌ),ฌะ,PayapLanna-Regular,75
images/lanna_01789_NotoSansTaiTham.jpg,ᨫ,ฌะ (ฌ),ฌะ,NotoSansTaiTham,68
images/lanna_01790_LNTilok.jpg,ᨫ,ฌะ (ฌ),ฌะ,LNTilok,84
images/lanna_01791_LN-TILOK-6.10.jpg,ᨫ,ฌะ (ฌ),ฌะ,LN-TILOK-6.10,81
images/lanna_01792_PayapLanna-Bold.jpg,ᨫ,ฌะ (ฌ),ฌะ,PayapLanna-Bold,58
images/lanna_01793_PayapLanna-Regular.jpg,ᨫ,ฌะ (ฌ),ฌะ,PayapLanna-Regular,59
images/lanna_01794_NotoSansTaiTham.jpg,ᨫ,ฌะ (ฌ),ฌะ,NotoSansTaiTham,84
images/lanna_01795_LNTilok.jpg,ᨫ,ฌะ (ฌ),ฌะ,LNTilok,70
images/lanna_01796_LN-TILOK-6.10.jpg,ᨫ,ฌะ (ฌ),ฌะ,LN-TILOK-6.10,60
images/lanna_01797_PayapLanna-Bold.jpg,ᨫ,ฌะ (ฌ),ฌะ,PayapLanna-Bold,67
images/lanna_01798_PayapLanna-Regular.jpg,ᨫ,ฌะ (ฌ),ฌะ,PayapLanna-Regular,62
images/lanna_01799_NotoSansTaiTham.jpg,ᨫ,ฌะ (ฌ),ฌะ,NotoSansTaiTham,80
images/lanna_01800_LNTilok.jpg,ᨬ,ญะ (ญ),ญะ,LNTilok,75
images/lanna_01801_LN-TILOK-6.10.jpg,ᨬ,ญะ (ญ),ญะ,LN-TILOK-6.10,66
images/lanna_01802_PayapLanna-Bold.jpg,ᨬ,ญะ (ญ),ญะ,PayapLanna-Bold,78
images/lanna_01803_PayapLanna-Regular.jpg,ᨬ,ญะ (ญ),ญะ,PayapLanna-Regular,77
images/lanna_01804_NotoSansTaiTham.jpg,ᨬ,ญะ (ญ),ญะ,NotoSansTaiTham,66
images/lanna_01805_LNTilok.jpg,ᨬ,ญะ (ญ),ญะ,LNTilok,68
images/lanna_01806_LN-TILOK-6.10.jpg,ᨬ,ญะ (ญ),ญะ,LN-TILOK-6.10,64
images/lanna_01807_PayapLanna-Bold.jpg,ᨬ,ญะ (ญ),ญะ,PayapLanna-Bold,85
images/lanna_01808_PayapLanna-Regular.jpg,ᨬ,ญะ (ญ),ญะ,PayapLanna-Regular,58
images/lanna_01809_NotoSansTaiTham.jpg,ᨬ,ญะ (ญ),ญะ,NotoSansTaiTham,75
images/lanna_01810_LNTilok.jpg,ᨬ,ญะ (ญ),ญะ,LNTilok,81
images/lanna_01811_LN-TILOK-6.10.jpg,ᨬ,ญะ (ญ),ญะ,LN-TILOK-6.10,71
images/lanna_01812_PayapLanna-Bold.jpg,ᨬ,ญะ (ญ),ญะ,PayapLanna-Bold,60
images/lanna_01813_PayapLanna-Regular.jpg,ᨬ,ญะ (ญ),ญะ,PayapLanna-Regular,78
images/lanna_01814_NotoSansTaiTham.jpg,ᨬ,ญะ (ญ),ญะ,NotoSansTaiTham,76
images/lanna_01815_LNTilok.jpg,ᨬ,ญะ (ญ),ญะ,LNTilok,70
images/lanna_01816_LN-TILOK-6.10.jpg,ᨬ,ญะ (ญ),ญะ,LN-TILOK-6.10,76
images/lanna_01817_PayapLanna-Bold.jpg,ᨬ,ญะ (ญ),ญะ,PayapLanna-Bold,64
images/lanna_01818_PayapLanna-Regular.jpg,ᨬ,ญะ (ญ),ญะ,PayapLanna-Regular,61
images/lanna_01819_NotoSansTaiTham.jpg,ᨬ,ญะ (ญ),ญะ,NotoSansTaiTham,76
images/lanna_01820_LNTilok.jpg,ᨬ,ญะ (ญ),ญะ,LNTilok,69
images/lanna_01821_LN-TILOK-6.10.jpg,ᨬ,ญะ (ญ),ญะ,LN-TILOK-6.10,69
images/lanna_01822_PayapLanna-Bold.jpg,ᨬ,ญะ (ญ),ญะ,PayapLanna-Bold,62
images/lanna_01823_PayapLanna-Regular.jpg,ᨬ,ญะ (ญ),ญะ,PayapLanna-Regular,77
images/lanna_01824_NotoSansTaiTham.jpg,ᨬ,ญะ (ญ),ญะ,NotoSansTaiTham,84
images/lanna_01825_LNTilok.jpg,ᨬ,ญะ (ญ),ญะ,LNTilok,61
images/lanna_01826_LN-TILOK-6.10.jpg,ᨬ,ญะ (ญ),ญะ,LN-TILOK-6.10,80
images/lanna_01827_PayapLanna-Bold.jpg,ᨬ,ญะ (ญ),ญะ,PayapLanna-Bold,65
images/lanna_01828_PayapLanna-Regular.jpg,ᨬ,ญะ (ญ),ญะ,PayapLanna-Regular,79
images/lanna_01829_NotoSansTaiTham.jpg,ᨬ,ญะ (ญ),ญะ,NotoSansTaiTham,77
images/lanna_01830_LNTilok.jpg,ᨬ,ญะ (ญ),ญะ,LNTilok,81
images/lanna_01831_LN-TILOK-6.10.jpg,ᨬ,ญะ (ญ),ญะ,LN-TILOK-6.10,64
images/lanna_01832_PayapLanna-Bold.jpg,ᨬ,ญะ (ญ),ญะ,PayapLanna-Bold,68
images/lanna_01833_PayapLanna-Regular.jpg,ᨬ,ญะ (ญ),ญะ,PayapLanna-Regular,61
images/lanna_01834_NotoSansTaiTham.jpg,ᨬ,ญะ (ญ),ญะ,NotoSansTaiTham,82
images/lanna_01835_LNTilok.jpg,ᨬ,ญะ (ญ),ญะ,LNTilok,58
images/lanna_01836_LN-TILOK-6.10.jpg,ᨬ,ญะ (ญ),ญะ,LN-TILOK-6.10,82
images/lanna_01837_PayapLanna-Bold.jpg,ᨬ,ญะ (ญ),ญะ,PayapLanna-Bold,63
images/lanna_01838_PayapLanna-Regular.jpg,ᨬ,ญะ (ญ),ญะ,PayapLanna-Regular,66
images/lanna_01839_NotoSansTaiTham.jpg,ᨬ,ญะ (ญ),ญะ,NotoSansTaiTham,61
images/lanna_01840_LNTilok.jpg,ᨭ,ฏะ (ฏ),ฏะ,LNTilok,82
images/lanna_01841_LN-TILOK-6.10.jpg,ᨭ,ฏะ (ฏ),ฏะ,LN-TILOK-6.10,61
images/lanna_01842_PayapLanna-Bold.jpg,ᨭ,ฏะ (ฏ),ฏะ,PayapLanna-Bold,78
images/lanna_01843_PayapLanna-Regular.jpg,ᨭ,ฏะ (ฏ),ฏะ,PayapLanna-Regular,69
images/lanna_01844_NotoSansTaiTham.jpg,ᨭ,ฏะ (ฏ),ฏะ,NotoSansTaiTham,64
images/lanna_01845_LNTilok.jpg,ᨭ,ฏะ (ฏ),ฏะ,LNTilok,60
images/lanna_01846_LN-TILOK-6.10.jpg,ᨭ,ฏะ (ฏ),ฏะ,LN-TILOK-6.10,82
images/lanna_01847_PayapLanna-Bold.jpg,ᨭ,ฏะ (ฏ),ฏะ,PayapLanna-Bold,74
images/lanna_01848_PayapLanna-Regular.jpg,ᨭ,ฏะ (ฏ),ฏะ,PayapLanna-Regular,63
images/lanna_01849_NotoSansTaiTham.jpg,ᨭ,ฏะ (ฏ),ฏะ,NotoSansTaiTham,72
images/lanna_01850_LNTilok.jpg,ᨭ,ฏะ (ฏ),ฏะ,LNTilok,61
images/lanna_01851_LN-TILOK-6.10.jpg,ᨭ,ฏะ (ฏ),ฏะ,LN-TILOK-6.10,73
images/lanna_01852_PayapLanna-Bold.jpg,ᨭ,ฏะ (ฏ),ฏะ,PayapLanna-Bold,82
images/lanna_01853_PayapLanna-Regular.jpg,ᨭ,ฏะ (ฏ),ฏะ,PayapLanna-Regular,62
images/lanna_01854_NotoSansTaiTham.jpg,ᨭ,ฏะ (ฏ),ฏะ,NotoSansTaiTham,76
images/lanna_01855_LNTilok.jpg,ᨭ,ฏะ (ฏ),ฏะ,LNTilok,78
images/lanna_01856_LN-TILOK-6.10.jpg,ᨭ,ฏะ (ฏ),ฏะ,LN-TILOK-6.10,77
images/lanna_01857_PayapLanna-Bold.jpg,ᨭ,ฏะ (ฏ),ฏะ,PayapLanna-Bold,71
images/lanna_01858_PayapLanna-Regular.jpg,ᨭ,ฏะ (ฏ),ฏะ,PayapLanna-Regular,60
images/lanna_01859_NotoSansTaiTham.jpg,ᨭ,ฏะ (ฏ),ฏะ,NotoSansTaiTham,70
images/lanna_01860_LNTilok.jpg,ᨭ,ฏะ (ฏ),ฏะ,LNTilok,58
images/lanna_01861_LN-TILOK-6.10.jpg,ᨭ,ฏะ (ฏ),ฏะ,LN-TILOK-6.10,64
images/lanna_01862_PayapLanna-Bold.jpg,ᨭ,ฏะ (ฏ),ฏะ,PayapLanna-Bold,61
images/lanna_01863_PayapLanna-Regular.jpg,ᨭ,ฏะ (ฏ),ฏะ,PayapLanna-Regular,77
images/lanna_01864_NotoSansTaiTham.jpg,ᨭ,ฏะ (ฏ),ฏะ,NotoSansTaiTham,66
images/lanna_01865_LNTilok.jpg,ᨭ,ฏะ (ฏ),ฏะ,LNTilok,84
images/lanna_01866_LN-TILOK-6.10.jpg,ᨭ,ฏะ (ฏ),ฏะ,LN-TILOK-6.10,67
images/lanna_01867_PayapLanna-Bold.jpg,ᨭ,ฏะ (ฏ),ฏะ,PayapLanna-Bold,67
images/lanna_01868_PayapLanna-Regular.jpg,ᨭ,ฏะ (ฏ),ฏะ,PayapLanna-Regular,81
images/lanna_01869_NotoSansTaiTham.jpg,ᨭ,ฏะ (ฏ),ฏะ,NotoSansTaiTham,62
images/lanna_01870_LNTilok.jpg,ᨭ,ฏะ (ฏ),ฏะ,LNTilok,63
images/lanna_01871_LN-TILOK-6.10.jpg,ᨭ,ฏะ (ฏ),ฏะ,LN-TILOK-6.10,69
images/lanna_01872_PayapLanna-Bold.jpg,ᨭ,ฏะ (ฏ),ฏะ,PayapLanna-Bold,59
images/lanna_01873_PayapLanna-Regular.jpg,ᨭ,ฏะ (ฏ),ฏะ,PayapLanna-Regular,68
images/lanna_01874_NotoSansTaiTham.jpg,ᨭ,ฏะ (ฏ),ฏะ,NotoSansTaiTham,64
images/lanna_01875_LNTilok.jpg,ᨭ,ฏะ (ฏ),ฏะ,LNTilok,79
images/lanna_01876_LN-TILOK-6.10.jpg,ᨭ,ฏะ (ฏ),ฏะ,LN-TILOK-6.10,78
images/lanna_01877_PayapLanna-Bold.jpg,ᨭ,ฏะ (ฏ),ฏะ,PayapLanna-Bold,70
images/lanna_01878_PayapLanna-Regular.jpg,ᨭ,ฏะ (ฏ),ฏะ,PayapLanna-Regular,68
images/lanna_01879_NotoSansTaiTham.jpg,ᨭ,ฏะ (ฏ),ฏะ,NotoSansTaiTham,80
images/lanna_01880_LNTilok.jpg,ᨮ,ฐะ (ฐ),ฐะ,LNTilok,67
images/lanna_01881_LN-TILOK-6.10.jpg,ᨮ,ฐะ (ฐ),ฐะ,LN-TILOK-6.10,82
images/lanna_01882_PayapLanna-Bold.jpg,ᨮ,ฐะ (ฐ),ฐะ,PayapLanna-Bold,71
images/lanna_01883_PayapLanna-Regular.jpg,ᨮ,ฐะ (ฐ),ฐะ,PayapLanna-Regular,72
images/lanna_01884_NotoSansTaiTham.jpg,ᨮ,ฐะ (ฐ),ฐะ,NotoSansTaiTham,60
images/lanna_01885_LNTilok.jpg,ᨮ,ฐะ (ฐ),ฐะ,LNTilok,78
images/lanna_01886_LN-TILOK-6.10.jpg,ᨮ,ฐะ (ฐ),ฐะ,LN-TILOK-6.10,60
images/lanna_01887_PayapLanna-Bold.jpg,ᨮ,ฐะ (ฐ),ฐะ,PayapLanna-Bold,81
images/lanna_01888_PayapLanna-Regular.jpg,ᨮ,ฐะ (ฐ),ฐะ,PayapLanna-Regular,84
images/lanna_01889_NotoSansTaiTham.jpg,ᨮ,ฐะ (ฐ),ฐะ,NotoSansTaiTham,78
images/lanna_01890_LNTilok.jpg,ᨮ,ฐะ (ฐ),ฐะ,LNTilok,66
images/lanna_01891_LN-TILOK-6.10.jpg,ᨮ,ฐะ (ฐ),ฐะ,LN-TILOK-6.10,64
images/lanna_01892_PayapLanna-Bold.jpg,ᨮ,ฐะ (ฐ),ฐะ,PayapLanna-Bold,74
images/lanna_01893_PayapLanna-Regular.jpg,ᨮ,ฐะ (ฐ),ฐะ,PayapLanna-Regular,82
images/lanna_01894_NotoSansTaiTham.jpg,ᨮ,ฐะ (ฐ),ฐะ,NotoSansTaiTham,65
images/lanna_01895_LNTilok.jpg,ᨮ,ฐะ (ฐ),ฐะ,LNTilok,64
images/lanna_01896_LN-TILOK-6.10.jpg,ᨮ,ฐะ (ฐ),ฐะ,LN-TILOK-6.10,77
images/lanna_01897_PayapLanna-Bold.jpg,ᨮ,ฐะ (ฐ),ฐะ,PayapLanna-Bold,68
images/lanna_01898_PayapLanna-Regular.jpg,ᨮ,ฐะ (ฐ),ฐะ,PayapLanna-Regular,71
images/lanna_01899_NotoSansTaiTham.jpg,ᨮ,ฐะ (ฐ),ฐะ,NotoSansTaiTham,83
images/lanna_01900_LNTilok.jpg,ᨮ,ฐะ (ฐ),ฐะ,LNTilok,65
images/lanna_01901_LN-TILOK-6.10.jpg,ᨮ,ฐะ (ฐ),ฐะ,LN-TILOK-6.10,71
images/lanna_01902_PayapLanna-Bold.jpg,ᨮ,ฐะ (ฐ),ฐะ,PayapLanna-Bold,78
images/lanna_01903_PayapLanna-Regular.jpg,ᨮ,ฐะ (ฐ),ฐะ,PayapLanna-Regular,63
images/lanna_01904_NotoSansTaiTham.jpg,ᨮ,ฐะ (ฐ),ฐะ,NotoSansTaiTham,61
images/lanna_01905_LNTilok.jpg,ᨮ,ฐะ (ฐ),ฐะ,LNTilok,73
images/lanna_01906_LN-TILOK-6.10.jpg,ᨮ,ฐะ (ฐ),ฐะ,LN-TILOK-6.10,85
images/lanna_01907_PayapLanna-Bold.jpg,ᨮ,ฐะ (ฐ),ฐะ,PayapLanna-Bold,60
images/lanna_01908_PayapLanna-Regular.jpg,ᨮ,ฐะ (ฐ),ฐะ,PayapLanna-Regular,69
images/lanna_01909_NotoSansTaiTham.jpg,ᨮ,ฐะ (ฐ),ฐะ,NotoSansTaiTham,81
images/lanna_01910_LNTilok.jpg,ᨮ,ฐะ (ฐ),ฐะ,LNTilok,66
images/lanna_01911_LN-TILOK-6.10.jpg,ᨮ,ฐะ (ฐ),ฐะ,LN-TILOK-6.10,62
images/lanna_01912_PayapLanna-Bold.jpg,ᨮ,ฐะ (ฐ),ฐะ,PayapLanna-Bold,78
images/lanna_01913_PayapLanna-Regular.jpg,ᨮ,ฐะ (ฐ),ฐะ,PayapLanna-Regular,74
images/lanna_01914_NotoSansTaiTham.jpg,ᨮ,ฐะ (ฐ),ฐะ,NotoSansTaiTham,62
images/lanna_01915_LNTilok.jpg,ᨮ,ฐะ (ฐ),ฐะ,LNTilok,84
images/lanna_01916_LN-TILOK-6.10.jpg,ᨮ,ฐะ (ฐ),ฐะ,LN-TILOK-6.10,67
images/lanna_01917_PayapLanna-Bold.jpg,ᨮ,ฐะ (ฐ),ฐะ,PayapLanna-Bold,78
images/lanna_01918_PayapLanna-Regular.jpg,ᨮ,ฐะ (ฐ),ฐะ,PayapLanna-Regular,74
images/lanna_01919_NotoSansTaiTham.jpg,ᨮ,ฐะ (ฐ),ฐะ,NotoSansTaiTham,69
images/lanna_01920_LNTilok.jpg,ᨯ,ดะ (ฑ/ด),ดะ,LNTilok,74
images/lanna_01921_LN-TILOK-6.10.jpg,ᨯ,ดะ (ฑ/ด),ดะ,LN-TILOK-6.10,75
images/lanna_01922_PayapLanna-Bold.jpg,ᨯ,ดะ (ฑ/ด),ดะ,PayapLanna-Bold,79
images/lanna_01923_PayapLanna-Regular.jpg,ᨯ,ดะ (ฑ/ด),ดะ,PayapLanna-Regular,77
images/lanna_01924_NotoSansTaiTham.jpg,ᨯ,ดะ (ฑ/ด),ดะ,NotoSansTaiTham,66
images/lanna_01925_LNTilok.jpg,ᨯ,ดะ (ฑ/ด),ดะ,LNTilok,70
images/lanna_01926_LN-TILOK-6.10.jpg,ᨯ,ดะ (ฑ/ด),ดะ,LN-TILOK-6.10,73
images/lanna_01927_PayapLanna-Bold.jpg,ᨯ,ดะ (ฑ/ด),ดะ,PayapLanna-Bold,83
images/lanna_01928_PayapLanna-Regular.jpg,ᨯ,ดะ (ฑ/ด),ดะ,PayapLanna-Regular,65
images/lanna_01929_NotoSansTaiTham.jpg,ᨯ,ดะ (ฑ/ด),ดะ,NotoSansTaiTham,62
images/lanna_01930_LNTilok.jpg,ᨯ,ดะ (ฑ/ด),ดะ,LNTilok,61
images/lanna_01931_LN-TILOK-6.10.jpg,ᨯ,ดะ (ฑ/ด),ดะ,LN-TILOK-6.10,69
images/lanna_01932_PayapLanna-Bold.jpg,ᨯ,ดะ (ฑ/ด),ดะ,PayapLanna-Bold,69
images/lanna_01933_PayapLanna-Regular.jpg,ᨯ,ดะ (ฑ/ด),ดะ,PayapLanna-Regular,84
images/lanna_01934_NotoSansTaiTham.jpg,ᨯ,ดะ (ฑ/ด),ดะ,NotoSansTaiTham,58
images/lanna_01935_LNTilok.jpg,ᨯ,ดะ (ฑ/ด),ดะ,LNTilok,66
images/lanna_01936_LN-TILOK-6.10.jpg,ᨯ,ดะ (ฑ/ด),ดะ,LN-TILOK-6.10,70
images/lanna_01937_PayapLanna-Bold.jpg,ᨯ,ดะ (ฑ/ด),ดะ,PayapLanna-Bold,64
images/lanna_01938_PayapLanna-Regular.jpg,ᨯ,ดะ (ฑ/ด),ดะ,PayapLanna-Regular,76
images/lanna_01939_NotoSansTaiTham.jpg,ᨯ,ดะ (ฑ/ด),ดะ,NotoSansTaiTham,83
images/lanna_01940_LNTilok.jpg,ᨯ,ดะ (ฑ/ด),ดะ,LNTilok,72
images/lanna_01941_LN-TILOK-6.10.jpg,ᨯ,ดะ (ฑ/ด),ดะ,LN-TILOK-6.10,80
images/lanna_01942_PayapLanna-Bold.jpg,ᨯ,ดะ (ฑ/ด),ดะ,PayapLanna-Bold,82
images/lanna_01943_PayapLanna-Regular.jpg,ᨯ,ดะ (ฑ/ด),ดะ,PayapLanna-Regular,65
images/lanna_01944_NotoSansTaiTham.jpg,ᨯ,ดะ (ฑ/ด),ดะ,NotoSansTaiTham,82
images/lanna_01945_LNTilok.jpg,ᨯ,ดะ (ฑ/ด),ดะ,LNTilok,84
images/lanna_01946_LN-TILOK-6.10.jpg,ᨯ,ดะ (ฑ/ด),ดะ,LN-TILOK-6.10,79
images/lanna_01947_PayapLanna-Bold.jpg,ᨯ,ดะ (ฑ/ด),ดะ,PayapLanna-Bold,74
images/lanna_01948_PayapLanna-Regular.jpg,ᨯ,ดะ (ฑ/ด),ดะ,PayapLanna-Regular,67
images/lanna_01949_NotoSansTaiTham.jpg,ᨯ,ดะ (ฑ/ด),ดะ,NotoSansTaiTham,75
images/lanna_01950_LNTilok.jpg,ᨯ,ดะ (ฑ/ด),ดะ,LNTilok,70
images/lanna_01951_LN-TILOK-6.10.jpg,ᨯ,ดะ (ฑ/ด),ดะ,LN-TILOK-6.10,75
images/lanna_01952_PayapLanna-Bold.jpg,ᨯ,ดะ (ฑ/ด),ดะ,PayapLanna-Bold,77
images/lanna_01953_PayapLanna-Regular.jpg,ᨯ,ดะ (ฑ/ด),ดะ,PayapLanna-Regular,60
images/lanna_01954_NotoSansTaiTham.jpg,ᨯ,ดะ (ฑ/ด),ดะ,NotoSansTaiTham,60
images/lanna_01955_LNTilok.jpg,ᨯ,ดะ (ฑ/ด),ดะ,LNTilok,59
images/lanna_01956_LN-TILOK-6.10.jpg,ᨯ,ดะ (ฑ/ด),ดะ,LN-TILOK-6.10,71
images/lanna_01957_PayapLanna-Bold.jpg,ᨯ,ดะ (ฑ/ด),ดะ,PayapLanna-Bold,73
images/lanna_01958_PayapLanna-Regular.jpg,ᨯ,ดะ (ฑ/ด),ดะ,PayapLanna-Regular,60
images/lanna_01959_NotoSansTaiTham.jpg,ᨯ,ดะ (ฑ/ด),ดะ,NotoSansTaiTham,65
images/lanna_01960_LNTilok.jpg,ᨰ,ฒะ (ฒ),ฒะ,LNTilok,76
images/lanna_01961_LN-TILOK-6.10.jpg,ᨰ,ฒะ (ฒ),ฒะ,LN-TILOK-6.10,64
images/lanna_01962_PayapLanna-Bold.jpg,ᨰ,ฒะ (ฒ),ฒะ,PayapLanna-Bold,59
images/lanna_01963_PayapLanna-Regular.jpg,ᨰ,ฒะ (ฒ),ฒะ,PayapLanna-Regular,63
images/lanna_01964_NotoSansTaiTham.jpg,ᨰ,ฒะ (ฒ),ฒะ,NotoSansTaiTham,73
images/lanna_01965_LNTilok.jpg,ᨰ,ฒะ (ฒ),ฒะ,LNTilok,61
images/lanna_01966_LN-TILOK-6.10.jpg,ᨰ,ฒะ (ฒ),ฒะ,LN-TILOK-6.10,64
images/lanna_01967_PayapLanna-Bold.jpg,ᨰ,ฒะ (ฒ),ฒะ,PayapLanna-Bold,74
images/lanna_01968_PayapLanna-Regular.jpg,ᨰ,ฒะ (ฒ),ฒะ,PayapLanna-Regular,59
images/lanna_01969_NotoSansTaiTham.jpg,ᨰ,ฒะ (ฒ),ฒะ,NotoSansTaiTham,66
images/lanna_01970_LNTilok.jpg,ᨰ,ฒะ (ฒ),ฒะ,LNTilok,69
images/lanna_01971_LN-TILOK-6.10.jpg,ᨰ,ฒะ (ฒ),ฒะ,LN-TILOK-6.10,60
images/lanna_01972_PayapLanna-Bold.jpg,ᨰ,ฒะ (ฒ),ฒะ,PayapLanna-Bold,84
images/lanna_01973_PayapLanna-Regular.jpg,ᨰ,ฒะ (ฒ),ฒะ,PayapLanna-Regular,65
images/lanna_01974_NotoSansTaiTham.jpg,ᨰ,ฒะ (ฒ),ฒะ,NotoSansTaiTham,58
images/lanna_01975_LNTilok.jpg,ᨰ,ฒะ (ฒ),ฒะ,LNTilok,59
images/lanna_01976_LN-TILOK-6.10.jpg,ᨰ,ฒะ (ฒ),ฒะ,LN-TILOK-6.10,73
images/lanna_01977_PayapLanna-Bold.jpg,ᨰ,ฒะ (ฒ),ฒะ,PayapLanna-Bold,59
images/lanna_01978_PayapLanna-Regular.jpg,ᨰ,ฒะ (ฒ),ฒะ,PayapLanna-Regular,77
images/lanna_01979_NotoSansTaiTham.jpg,ᨰ,ฒะ (ฒ),ฒะ,NotoSansTaiTham,60
images/lanna_01980_LNTilok.jpg,ᨰ,ฒะ (ฒ),ฒะ,LNTilok,84
images/lanna_01981_LN-TILOK-6.10.jpg,ᨰ,ฒะ (ฒ),ฒะ,LN-TILOK-6.10,69
images/lanna_01982_PayapLanna-Bold.jpg,ᨰ,ฒะ (ฒ),ฒะ,PayapLanna-Bold,68
images/lanna_01983_PayapLanna-Regular.jpg,ᨰ,ฒะ (ฒ),ฒะ,PayapLanna-Regular,59
images/lanna_01984_NotoSansTaiTham.jpg,ᨰ,ฒะ (ฒ),ฒะ,NotoSansTaiTham,78
images/lanna_01985_LNTilok.jpg,ᨰ,ฒะ (ฒ),ฒะ,LNTilok,80
images/lanna_01986_LN-TILOK-6.10.jpg,ᨰ,ฒะ (ฒ),ฒะ,LN-TILOK-6.10,84
images/lanna_01987_PayapLanna-Bold.jpg,ᨰ,ฒะ (ฒ),ฒะ,PayapLanna-Bold,61
images/lanna_01988_PayapLanna-Regular.jpg,ᨰ,ฒะ (ฒ),ฒะ,PayapLanna-Regular,83
images/lanna_01989_NotoSansTaiTham.jpg,ᨰ,ฒะ (ฒ),ฒะ,NotoSansTaiTham,68
images/lanna_01990_LNTilok.jpg,ᨰ,ฒะ (ฒ),ฒะ,LNTilok,80
images/lanna_01991_LN-TILOK-6.10.jpg,ᨰ,ฒะ (ฒ),ฒะ,LN-TILOK-6.10,76
images/lanna_01992_PayapLanna-Bold.jpg,ᨰ,ฒะ (ฒ),ฒะ,PayapLanna-Bold,74
images/lanna_01993_PayapLanna-Regular.jpg,ᨰ,ฒะ (ฒ),ฒะ,PayapLanna-Regular,81
images/lanna_01994_NotoSansTaiTham.jpg,ᨰ,ฒะ (ฒ),ฒะ,NotoSansTaiTham,79
images/lanna_01995_LNTilok.jpg,ᨰ,ฒะ (ฒ),ฒะ,LNTilok,67
images/lanna_01996_LN-TILOK-6.10.jpg,ᨰ,ฒะ (ฒ),ฒะ,LN-TILOK-6.10,63
images/lanna_01997_PayapLanna-Bold.jpg,ᨰ,ฒะ (ฒ),ฒะ,PayapLanna-Bold,75
images/lanna_01998_PayapLanna-Regular.jpg,ᨰ,ฒะ (ฒ),ฒะ,PayapLanna-Regular,84
images/lanna_01999_NotoSansTaiTham.jpg,ᨰ,ฒะ (ฒ),ฒะ,NotoSansTaiTham,84
images/lanna_02000_LNTilok.jpg,ᨱ,ณะ (ณ),ณะ,LNTilok,61
images/lanna_02001_LN-TILOK-6.10.jpg,ᨱ,ณะ (ณ),ณะ,LN-TILOK-6.10,70
images/lanna_02002_PayapLanna-Bold.jpg,ᨱ,ณะ (ณ),ณะ,PayapLanna-Bold,70
images/lanna_02003_PayapLanna-Regular.jpg,ᨱ,ณะ (ณ),ณะ,PayapLanna-Regular,63
images/lanna_02004_NotoSansTaiTham.jpg,ᨱ,ณะ (ณ),ณะ,NotoSansTaiTham,80
images/lanna_02005_LNTilok.jpg,ᨱ,ณะ (ณ),ณะ,LNTilok,85
images/lanna_02006_LN-TILOK-6.10.jpg,ᨱ,ณะ (ณ),ณะ,LN-TILOK-6.10,68
images/lanna_02007_PayapLanna-Bold.jpg,ᨱ,ณะ (ณ),ณะ,PayapLanna-Bold,62
images/lanna_02008_PayapLanna-Regular.jpg,ᨱ,ณะ (ณ),ณะ,PayapLanna-Regular,75
images/lanna_02009_NotoSansTaiTham.jpg,ᨱ,ณะ (ณ),ณะ,NotoSansTaiTham,72
images/lanna_02010_LNTilok.jpg,ᨱ,ณะ (ณ),ณะ,LNTilok,81
images/lanna_02011_LN-TILOK-6.10.jpg,ᨱ,ณะ (ณ),ณะ,LN-TILOK-6.10,69
images/lanna_02012_PayapLanna-Bold.jpg,ᨱ,ณะ (ณ),ณะ,PayapLanna-Bold,68
images/lanna_02013_PayapLanna-Regular.jpg,ᨱ,ณะ (ณ),ณะ,PayapLanna-Regular,77
images/lanna_02014_NotoSansTaiTham.jpg,ᨱ,ณะ (ณ),ณะ,NotoSansTaiTham,62
images/lanna_02015_LNTilok.jpg,ᨱ,ณะ (ณ),ณะ,LNTilok,77
images/lanna_02016_LN-TILOK-6.10.jpg,ᨱ,ณะ (ณ),ณะ,LN-TILOK-6.10,72
images/lanna_02017_PayapLanna-Bold.jpg,ᨱ,ณะ (ณ),ณะ,PayapLanna-Bold,82
images/lanna_02018_PayapLanna-Regular.jpg,ᨱ,ณะ (ณ),ณะ,PayapLanna-Regular,75
images/lanna_02019_NotoSansTaiTham.jpg,ᨱ,ณะ (ณ),ณะ,NotoSansTaiTham,80
images/lanna_02020_LNTilok.jpg,ᨱ,ณะ (ณ),ณะ,LNTilok,64
images/lanna_02021_LN-TILOK-6.10.jpg,ᨱ,ณะ (ณ),ณะ,LN-TILOK-6.10,66
images/lanna_02022_PayapLanna-Bold.jpg,ᨱ,ณะ (ณ),ณะ,PayapLanna-Bold,67
images/lanna_02023_PayapLanna-Regular.jpg,ᨱ,ณะ (ณ),ณะ,PayapLanna-Regular,65
images/lanna_02024_NotoSansTaiTham.jpg,ᨱ,ณะ (ณ),ณะ,NotoSansTaiTham,59
images/lanna_02025_LNTilok.jpg,ᨱ,ณะ (ณ),ณะ,LNTilok,58
images/lanna_02026_LN-TILOK-6.10.jpg,ᨱ,ณะ (ณ),ณะ,LN-TILOK-6.10,67
images/lanna_02027_PayapLanna-Bold.jpg,ᨱ,ณะ (ณ),ณะ,PayapLanna-Bold,75
images/lanna_02028_PayapLanna-Regular.jpg,ᨱ,ณะ (ณ),ณะ,PayapLanna-Regular,78
images/lanna_02029_NotoSansTaiTham.jpg,ᨱ,ณะ (ณ),ณะ,NotoSansTaiTham,68
images/lanna_02030_LNTilok.jpg,ᨱ,ณะ (ณ),ณะ,LNTilok,71
images/lanna_02031_LN-TILOK-6.10.jpg,ᨱ,ณะ (ณ),ณะ,LN-TILOK-6.10,65
images/lanna_02032_PayapLanna-Bold.jpg,ᨱ,ณะ (ณ),ณะ,PayapLanna-Bold,69
images/lanna_02033_PayapLanna-Regular.jpg,ᨱ,ณะ (ณ),ณะ,PayapLanna-Regular,75
images/lanna_02034_NotoSansTaiTham.jpg,ᨱ,ณะ (ณ),ณะ,NotoSansTaiTham,76
images/lanna_02035_LNTilok.jpg,ᨱ,ณะ (ณ),ณะ,LNTilok,69
images/lanna_02036_LN-TILOK-6.10.jpg,ᨱ,ณะ (ณ),ณะ,LN-TILOK-6.10,69
images/lanna_02037_PayapLanna-Bold.jpg,ᨱ,ณะ (ณ),ณะ,PayapLanna-Bold,70
images/lanna_02038_PayapLanna-Regular.jpg,ᨱ,ณะ (ณ),ณะ,PayapLanna-Regular,71
images/lanna_02039_NotoSansTaiTham.jpg,ᨱ,ณะ (ณ),ณะ,NotoSansTaiTham,83
images/lanna_02040_LNTilok.jpg,ᨲ,ตะ (ต),ตะ,LNTilok,80
images/lanna_02041_LN-TILOK-6.10.jpg,ᨲ,ตะ (ต),ตะ,LN-TILOK-6.10,79
images/lanna_02042_PayapLanna-Bold.jpg,ᨲ,ตะ (ต),ตะ,PayapLanna-Bold,59
images/lanna_02043_PayapLanna-Regular.jpg,ᨲ,ตะ (ต),ตะ,PayapLanna-Regular,64
images/lanna_02044_NotoSansTaiTham.jpg,ᨲ,ตะ (ต),ตะ,NotoSansTaiTham,83
images/lanna_02045_LNTilok.jpg,ᨲ,ตะ (ต),ตะ,LNTilok,73
images/lanna_02046_LN-TILOK-6.10.jpg,ᨲ,ตะ (ต),ตะ,LN-TILOK-6.10,72
images/lanna_02047_PayapLanna-Bold.jpg,ᨲ,ตะ (ต),ตะ,PayapLanna-Bold,70
images/lanna_02048_PayapLanna-Regular.jpg,ᨲ,ตะ (ต),ตะ,PayapLanna-Regular,58
images/lanna_02049_NotoSansTaiTham.jpg,ᨲ,ตะ (ต),ตะ,NotoSansTaiTham,81
images/lanna_02050_LNTilok.jpg,ᨲ,ตะ (ต),ตะ,LNTilok,74
images/lanna_02051_LN-TILOK-6.10.jpg,ᨲ,ตะ (ต),ตะ,LN-TILOK-6.10,78
images/lanna_02052_PayapLanna-Bold.jpg,ᨲ,ตะ (ต),ตะ,PayapLanna-Bold,69
images/lanna_02053_PayapLanna-Regular.jpg,ᨲ,ตะ (ต),ตะ,PayapLanna-Regular,78
images/lanna_02054_NotoSansTaiTham.jpg,ᨲ,ตะ (ต),ตะ,NotoSansTaiTham,72
images/lanna_02055_LNTilok.jpg,ᨲ,ตะ (ต),ตะ,LNTilok,64
images/lanna_02056_LN-TILOK-6.10.jpg,ᨲ,ตะ (ต),ตะ,LN-TILOK-6.10,81
images/lanna_02057_PayapLanna-Bold.jpg,ᨲ,ตะ (ต),ตะ,PayapLanna-Bold,75
images/lanna_02058_PayapLanna-Regular.jpg,ᨲ,ตะ (ต),ตะ,PayapLanna-Regular,68
images/lanna_02059_NotoSansTaiTham.jpg,ᨲ,ตะ (ต),ตะ,NotoSansTaiTham,79
images/lanna_02060_LNTilok.jpg,ᨲ,ตะ (ต),ตะ,LNTilok,83
images/lanna_02061_LN-TILOK-6.10.jpg,ᨲ,ตะ (ต),ตะ,LN-TILOK-6.10,60
images/lanna_02062_PayapLanna-Bold.jpg,ᨲ,ตะ (ต),ตะ,PayapLanna-Bold,68
images/lanna_02063_PayapLanna-Regular.jpg,ᨲ,ตะ (ต),ตะ,PayapLanna-Regular,69
images/lanna_02064_NotoSansTaiTham.jpg,ᨲ,ตะ (ต),ตะ,NotoSansTaiTham,64
images/lanna_02065_LNTilok.jpg,ᨲ,ตะ (ต),ตะ,LNTilok,79
images/lanna_02066_LN-TILOK-6.10.jpg,ᨲ,ตะ (ต),ตะ,LN-TILOK-6.10,75
images/lanna_02067_PayapLanna-Bold.jpg,ᨲ,ตะ (ต),ตะ,PayapLanna-Bold,61
images/lanna_02068_PayapLanna-Regular.jpg,ᨲ,ตะ (ต),ตะ,PayapLanna-Regular,67
images/lanna_02069_NotoSansTaiTham.jpg,ᨲ,ตะ (ต),ตะ,NotoSansTaiTham,60
images/lanna_02070_LNTilok.jpg,ᨲ,ตะ (ต),ตะ,LNTilok,78
images/lanna_02071_LN-TILOK-6.10.jpg,ᨲ,ตะ (ต),ตะ,LN-TILOK-6.10,62
images/lanna_02072_PayapLanna-Bold.jpg,ᨲ,ตะ (ต),ตะ,PayapLanna-Bold,61
images/lanna_02073_PayapLanna-Regular.jpg,ᨲ,ตะ (ต),ตะ,PayapLanna-Regular,84
images/lanna_02074_NotoSansTaiTham.jpg,ᨲ,ตะ (ต),ตะ,NotoSansTaiTham,74
images/lanna_02075_LNTilok.jpg,ᨲ,ตะ (ต),ตะ,LNTilok,81
images/lanna_02076_LN-TILOK-6.10.jpg,ᨲ,ตะ (ต),ตะ,LN-TILOK-6.10,80
images/lanna_02077_PayapLanna-Bold.jpg,ᨲ,ตะ (ต),ตะ,PayapLanna-Bold,74
images/lanna_02078_PayapLanna-Regular.jpg,ᨲ,ตะ (ต),ตะ,PayapLanna-Regular,70
images/lanna_02079_NotoSansTaiTham.jpg,ᨲ,ตะ (ต),ตะ,NotoSansTaiTham,68
images/lanna_02080_LNTilok.jpg,ᨳ,ถะ (ถ),ถะ,LNTilok,84
images/lanna_02081_LN-TILOK-6.10.jpg,ᨳ,ถะ (ถ),ถะ,LN-TILOK-6.10,69
images/lanna_02082_PayapLanna-Bold.jpg,ᨳ,ถะ (ถ),ถะ,PayapLanna-Bold,83
images/lanna_02083_PayapLanna-Regular.jpg,ᨳ,ถะ (ถ),ถะ,PayapLanna-Regular,61
images/lanna_02084_NotoSansTaiTham.jpg,ᨳ,ถะ (ถ),ถะ,NotoSansTaiTham,85
images/lanna_02085_LNTilok.jpg,ᨳ,ถะ (ถ),ถะ,LNTilok,81
images/lanna_02086_LN-TILOK-6.10.jpg,ᨳ,ถะ (ถ),ถะ,LN-TILOK-6.10,58
images/lanna_02087_PayapLanna-Bold.jpg,ᨳ,ถะ (ถ),ถะ,PayapLanna-Bold,83
images/lanna_02088_PayapLanna-Regular.jpg,ᨳ,ถะ (ถ),ถะ,PayapLanna-Regular,65
images/lanna_02089_NotoSansTaiTham.jpg,ᨳ,ถะ (ถ),ถะ,NotoSansTaiTham,66
images/lanna_02090_LNTilok.jpg,ᨳ,ถะ (ถ),ถะ,LNTilok,70
images/lanna_02091_LN-TILOK-6.10.jpg,ᨳ,ถะ (ถ),ถะ,LN-TILOK-6.10,58
images/lanna_02092_PayapLanna-Bold.jpg,ᨳ,ถะ (ถ),ถะ,PayapLanna-Bold,75
images/lanna_02093_PayapLanna-Regular.jpg,ᨳ,ถะ (ถ),ถะ,PayapLanna-Regular,63
images/lanna_02094_NotoSansTaiTham.jpg,ᨳ,ถะ (ถ),ถะ,NotoSansTaiTham,70
images/lanna_02095_LNTilok.jpg,ᨳ,ถะ (ถ),ถะ,LNTilok,67
images/lanna_02096_LN-TILOK-6.10.jpg,ᨳ,ถะ (ถ),ถะ,LN-TILOK-6.10,82
images/lanna_02097_PayapLanna-Bold.jpg,ᨳ,ถะ (ถ),ถะ,PayapLanna-Bold,64
images/lanna_02098_PayapLanna-Regular.jpg,ᨳ,ถะ (ถ),ถะ,PayapLanna-Regular,69
images/lanna_02099_NotoSansTaiTham.jpg,ᨳ,ถะ (ถ),ถะ,NotoSansTaiTham,78
images/lanna_02100_LNTilok.jpg,ᨳ,ถะ (ถ),ถะ,LNTilok,77
images/lanna_02101_LN-TILOK-6.10.jpg,ᨳ,ถะ (ถ),ถะ,LN-TILOK-6.10,76
images/lanna_02102_PayapLanna-Bold.jpg,ᨳ,ถะ (ถ),ถะ,PayapLanna-Bold,61
images/lanna_02103_PayapLanna-Regular.jpg,ᨳ,ถะ (ถ),ถะ,PayapLanna-Regular,78
images/lanna_02104_NotoSansTaiTham.jpg,ᨳ,ถะ (ถ),ถะ,NotoSansTaiTham,76
images/lanna_02105_LNTilok.jpg,ᨳ,ถะ (ถ),ถะ,LNTilok,67
images/lanna_02106_LN-TILOK-6.10.jpg,ᨳ,ถะ (ถ),ถะ,LN-TILOK-6.10,75
images/lanna_02107_PayapLanna-Bold.jpg,ᨳ,ถะ (ถ),ถะ,PayapLanna-Bold,76
images/lanna_02108_PayapLanna-Regular.jpg,ᨳ,ถะ (ถ),ถะ,PayapLanna-Regular,77
images/lanna_02109_NotoSansTaiTham.jpg,ᨳ,ถะ (ถ),ถะ,NotoSansTaiTham,71
images/lanna_02110_LNTilok.jpg,ᨳ,ถะ (ถ),ถะ,LNTilok,83
images/lanna_02111_LN-TILOK-6.10.jpg,ᨳ,ถะ (ถ),ถะ,LN-TILOK-6.10,65
images/lanna_02112_PayapLanna-Bold.jpg,ᨳ,ถะ (ถ),ถะ,PayapLanna-Bold,64
images/lanna_02113_PayapLanna-Regular.jpg,ᨳ,ถะ (ถ),ถะ,PayapLanna-Regular,72
images/lanna_02114_NotoSansTaiTham.jpg,ᨳ,ถะ (ถ),ถะ,NotoSansTaiTham,69
images/lanna_02115_LNTilok.jpg,ᨳ,ถะ (ถ),ถะ,LNTilok,74
images/lanna_02116_LN-TILOK-6.10.jpg,ᨳ,ถะ (ถ),ถะ,LN-TILOK-6.10,63
images/lanna_02117_PayapLanna-Bold.jpg,ᨳ,ถะ (ถ),ถะ,PayapLanna-Bold,60
images/lanna_02118_PayapLanna-Regular.jpg,ᨳ,ถะ (ถ),ถะ,PayapLanna-Regular,69
images/lanna_02119_NotoSansTaiTham.jpg,ᨳ,ถะ (ถ),ถะ,NotoSansTaiTham,80
images/lanna_02120_LNTilok.jpg,ᨴ,ทะ (ท),ทะ,LNTilok,72
images/lanna_02121_LN-TILOK-6.10.jpg,ᨴ,ทะ (ท),ทะ,LN-TILOK-6.10,61
images/lanna_02122_PayapLanna-Bold.jpg,ᨴ,ทะ (ท),ทะ,PayapLanna-Bold,83
images/lanna_02123_PayapLanna-Regular.jpg,ᨴ,ทะ (ท),ทะ,PayapLanna-Regular,64
images/lanna_02124_NotoSansTaiTham.jpg,ᨴ,ทะ (ท),ทะ,NotoSansTaiTham,71
images/lanna_02125_LNTilok.jpg,ᨴ,ทะ (ท),ทะ,LNTilok,76
images/lanna_02126_LN-TILOK-6.10.jpg,ᨴ,ทะ (ท),ทะ,LN-TILOK-6.10,61
images/lanna_02127_PayapLanna-Bold.jpg,ᨴ,ทะ (ท),ทะ,PayapLanna-Bold,61
images/lanna_02128_PayapLanna-Regular.jpg,ᨴ,ทะ (ท),ทะ,PayapLanna-Regular,67
images/lanna_02129_NotoSansTaiTham.jpg,ᨴ,ทะ (ท),ทะ,NotoSansTaiTham,81
images/lanna_02130_LNTilok.jpg,ᨴ,ทะ (ท),ทะ,LNTilok,75
images/lanna_02131_LN-TILOK-6.10.jpg,ᨴ,ทะ (ท),ทะ,LN-TILOK-6.10,68
images/lanna_02132_PayapLanna-Bold.jpg,ᨴ,ทะ (ท),ทะ,PayapLanna-Bold,81
images/lanna_02133_PayapLanna-Regular.jpg,ᨴ,ทะ (ท),ทะ,PayapLanna-Regular,65
images/lanna_02134_NotoSansTaiTham.jpg,ᨴ,ทะ (ท),ทะ,NotoSansTaiTham,80
images/lanna_02135_LNTilok.jpg,ᨴ,ทะ (ท),ทะ,LNTilok,81
images/lanna_02136_LN-TILOK-6.10.jpg,ᨴ,ทะ (ท),ทะ,LN-TILOK-6.10,64
images/lanna_02137_PayapLanna-Bold.jpg,ᨴ,ทะ (ท),ทะ,PayapLanna-Bold,80
images/lanna_02138_PayapLanna-Regular.jpg,ᨴ,ทะ (ท),ทะ,PayapLanna-Regular,65
images/lanna_02139_NotoSansTaiTham.jpg,ᨴ,ทะ (ท),ทะ,NotoSansTaiTham,67
images/lanna_02140_LNTilok.jpg,ᨴ,ทะ (ท),ทะ,LNTilok,58
images/lanna_02141_LN-TILOK-6.10.jpg,ᨴ,ทะ (ท),ทะ,LN-TILOK-6.10,76
images/lanna_02142_PayapLanna-Bold.jpg,ᨴ,ทะ (ท),ทะ,PayapLanna-Bold,61
images/lanna_02143_PayapLanna-Regular.jpg,ᨴ,ทะ (ท),ทะ,PayapLanna-Regular,63
images/lanna_02144_NotoSansTaiTham.jpg,ᨴ,ทะ (ท),ทะ,NotoSansTaiTham,85
images/lanna_02145_LNTilok.jpg,ᨴ,ทะ (ท),ทะ,LNTilok,79
images/lanna_02146_LN-TILOK-6.10.jpg,ᨴ,ทะ (ท),ทะ,LN-TILOK-6.10,58
images/lanna_02147_PayapLanna-Bold.jpg,ᨴ,ทะ (ท),ทะ,PayapLanna-Bold,60
images/lanna_02148_PayapLanna-Regular.jpg,ᨴ,ทะ (ท),ทะ,PayapLanna-Regular,65
images/lanna_02149_NotoSansTaiTham.jpg,ᨴ,ทะ (ท),ทะ,NotoSansTaiTham,83
images/lanna_02150_LNTilok.jpg,ᨴ,ทะ (ท),ทะ,LNTilok,72
images/lanna_02151_LN-TILOK-6.10.jpg,ᨴ,ทะ (ท),ทะ,LN-TILOK-6.10,62
images/lanna_02152_PayapLanna-Bold.jpg,ᨴ,ทะ (ท),ทะ,PayapLanna-Bold,60
images/lanna_02153_PayapLanna-Regular.jpg,ᨴ,ทะ (ท),ทะ,PayapLanna-Regular,65
images/lanna_02154_NotoSansTaiTham.jpg,ᨴ,ทะ (ท),ทะ,NotoSansTaiTham,67
images/lanna_02155_LNTilok.jpg,ᨴ,ทะ (ท),ทะ,LNTilok,79
images/lanna_02156_LN-TILOK-6.10.jpg,ᨴ,ทะ (ท),ทะ,LN-TILOK-6.10,65
images/lanna_02157_PayapLanna-Bold.jpg,ᨴ,ทะ (ท),ทะ,PayapLanna-Bold,70
images/lanna_02158_PayapLanna-Regular.jpg,ᨴ,ทะ (ท),ทะ,PayapLanna-Regular,61
images/lanna_02159_NotoSansTaiTham.jpg,ᨴ,ทะ (ท),ทะ,NotoSansTaiTham,84
images/lanna_02160_LNTilok.jpg,ᨵ,ธะ (ธ),ธะ,LNTilok,79
images/lanna_02161_LN-TILOK-6.10.jpg,ᨵ,ธะ (ธ),ธะ,LN-TILOK-6.10,61
images/lanna_02162_PayapLanna-Bold.jpg,ᨵ,ธะ (ธ),ธะ,PayapLanna-Bold,64
images/lanna_02163_PayapLanna-Regular.jpg,ᨵ,ธะ (ธ),ธะ,PayapLanna-Regular,77
images/lanna_02164_NotoSansTaiTham.jpg,ᨵ,ธะ (ธ),ธะ,NotoSansTaiTham,77
images/lanna_02165_LNTilok.jpg,ᨵ,ธะ (ธ),ธะ,LNTilok,83
images/lanna_02166_LN-TILOK-6.10.jpg,ᨵ,ธะ (ธ),ธะ,LN-TILOK-6.10,67
images/lanna_02167_PayapLanna-Bold.jpg,ᨵ,ธะ (ธ),ธะ,PayapLanna-Bold,62
images/lanna_02168_PayapLanna-Regular.jpg,ᨵ,ธะ (ธ),ธะ,PayapLanna-Regular,80
images/lanna_02169_NotoSansTaiTham.jpg,ᨵ,ธะ (ธ),ธะ,NotoSansTaiTham,63
images/lanna_02170_LNTilok.jpg,ᨵ,ธะ (ธ),ธะ,LNTilok,64
images/lanna_02171_LN-TILOK-6.10.jpg,ᨵ,ธะ (ธ),ธะ,LN-TILOK-6.10,65
images/lanna_02172_PayapLanna-Bold.jpg,ᨵ,ธะ (ธ),ธะ,PayapLanna-Bold,73
images/lanna_02173_PayapLanna-Regular.jpg,ᨵ,ธะ (ธ),ธะ,PayapLanna-Regular,73
images/lanna_02174_NotoSansTaiTham.jpg,ᨵ,ธะ (ธ),ธะ,NotoSansTaiTham,65
images/lanna_02175_LNTilok.jpg,ᨵ,ธะ (ธ),ธะ,LNTilok,66
images/lanna_02176_LN-TILOK-6.10.jpg,ᨵ,ธะ (ธ),ธะ,LN-TILOK-6.10,84
images/lanna_02177_PayapLanna-Bold.jpg,ᨵ,ธะ (ธ),ธะ,PayapLanna-Bold,84
images/lanna_02178_PayapLanna-Regular.jpg,ᨵ,ธะ (ธ),ธะ,PayapLanna-Regular,71
images/lanna_02179_NotoSansTaiTham.jpg,ᨵ,ธะ (ธ),ธะ,NotoSansTaiTham,62
images/lanna_02180_LNTilok.jpg,ᨵ,ธะ (ธ),ธะ,LNTilok,67
images/lanna_02181_LN-TILOK-6.10.jpg,ᨵ,ธะ (ธ),ธะ,LN-TILOK-6.10,70
images/lanna_02182_PayapLanna-Bold.jpg,ᨵ,ธะ (ธ),ธะ,PayapLanna-Bold,85
images/lanna_02183_PayapLanna-Regular.jpg,ᨵ,ธะ (ธ),ธะ,PayapLanna-Regular,67
images/lanna_02184_NotoSansTaiTham.jpg,ᨵ,ธะ (ธ),ธะ,NotoSansTaiTham,80
images/lanna_02185_LNTilok.jpg,ᨵ,ธะ (ธ),ธะ,LNTilok,71
images/lanna_02186_LN-TILOK-6.10.jpg,ᨵ,ธะ (ธ),ธะ,LN-TILOK-6.10,85
images/lanna_02187_PayapLanna-Bold.jpg,ᨵ,ธะ (ธ),ธะ,PayapLanna-Bold,64
images/lanna_02188_PayapLanna-Regular.jpg,ᨵ,ธะ (ธ),ธะ,PayapLanna-Regular,70
images/lanna_02189_NotoSansTaiTham.jpg,ᨵ,ธะ (ธ),ธะ,NotoSansTaiTham,68
images/lanna_02190_LNTilok.jpg,ᨵ,ธะ (ธ),ธะ,LNTilok,64
images/lanna_02191_LN-TILOK-6.10.jpg,ᨵ,ธะ (ธ),ธะ,LN-TILOK-6.10,62
images/lanna_02192_PayapLanna-Bold.jpg,ᨵ,ธะ (ธ),ธะ,PayapLanna-Bold,62
images/lanna_02193_PayapLanna-Regular.jpg,ᨵ,ธะ (ธ),ธะ,PayapLanna-Regular,75
images/lanna_02194_NotoSansTaiTham.jpg,ᨵ,ธะ (ธ),ธะ,NotoSansTaiTham,75
images/lanna_02195_LNTilok.jpg,ᨵ,ธะ (ธ),ธะ,LNTilok,64
images/lanna_02196_LN-TILOK-6.10.jpg,ᨵ,ธะ (ธ),ธะ,LN-TILOK-6.10,66
images/lanna_02197_PayapLanna-Bold.jpg,ᨵ,ธะ (ธ),ธะ,PayapLanna-Bold,73
images/lanna_02198_PayapLanna-Regular.jpg,ᨵ,ธะ (ธ),ธะ,PayapLanna-Regular,61
images/lanna_02199_NotoSansTaiTham.jpg,ᨵ,ธะ (ธ),ธะ,NotoSansTaiTham,62
images/lanna_02200_LNTilok.jpg,ᨶ,นะ (น),นะ,LNTilok,68
images/lanna_02201_LN-TILOK-6.10.jpg,ᨶ,นะ (น),นะ,LN-TILOK-6.10,76
images/lanna_02202_PayapLanna-Bold.jpg,ᨶ,นะ (น),นะ,PayapLanna-Bold,59
images/lanna_02203_PayapLanna-Regular.jpg,ᨶ,นะ (น),นะ,PayapLanna-Regular,76
images/lanna_02204_NotoSansTaiTham.jpg,ᨶ,นะ (น),นะ,NotoSansTaiTham,82
images/lanna_02205_LNTilok.jpg,ᨶ,นะ (น),นะ,LNTilok,65
images/lanna_02206_LN-TILOK-6.10.jpg,ᨶ,นะ (น),นะ,LN-TILOK-6.10,65
images/lanna_02207_PayapLanna-Bold.jpg,ᨶ,นะ (น),นะ,PayapLanna-Bold,66
images/lanna_02208_PayapLanna-Regular.jpg,ᨶ,นะ (น),นะ,PayapLanna-Regular,73
images/lanna_02209_NotoSansTaiTham.jpg,ᨶ,นะ (น),นะ,NotoSansTaiTham,78
images/lanna_02210_LNTilok.jpg,ᨶ,นะ (น),นะ,LNTilok,59
images/lanna_02211_LN-TILOK-6.10.jpg,ᨶ,นะ (น),นะ,LN-TILOK-6.10,69
images/lanna_02212_PayapLanna-Bold.jpg,ᨶ,นะ (น),นะ,PayapLanna-Bold,58
images/lanna_02213_PayapLanna-Regular.jpg,ᨶ,นะ (น),นะ,PayapLanna-Regular,64
images/lanna_02214_NotoSansTaiTham.jpg,ᨶ,นะ (น),นะ,NotoSansTaiTham,67
images/lanna_02215_LNTilok.jpg,ᨶ,นะ (น),นะ,LNTilok,63
images/lanna_02216_LN-TILOK-6.10.jpg,ᨶ,นะ (น),นะ,LN-TILOK-6.10,64
images/lanna_02217_PayapLanna-Bold.jpg,ᨶ,นะ (น),นะ,PayapLanna-Bold,59
images/lanna_02218_PayapLanna-Regular.jpg,ᨶ,นะ (น),นะ,PayapLanna-Regular,63
images/lanna_02219_NotoSansTaiTham.jpg,ᨶ,นะ (น),นะ,NotoSansTaiTham,69
images/lanna_02220_LNTilok.jpg,ᨶ,นะ (น),นะ,LNTilok,63
images/lanna_02221_LN-TILOK-6.10.jpg,ᨶ,นะ (น),นะ,LN-TILOK-6.10,76
images/lanna_02222_PayapLanna-Bold.jpg,ᨶ,นะ (น),นะ,PayapLanna-Bold,58
images/lanna_02223_PayapLanna-Regular.jpg,ᨶ,นะ (น),นะ,PayapLanna-Regular,85
images/lanna_02224_NotoSansTaiTham.jpg,ᨶ,นะ (น),นะ,NotoSansTaiTham,66
images/lanna_02225_LNTilok.jpg,ᨶ,นะ (น),นะ,LNTilok,84
images/lanna_02226_LN-TILOK-6.10.jpg,ᨶ,นะ (น),นะ,LN-TILOK-6.10,64
images/lanna_02227_PayapLanna-Bold.jpg,ᨶ,นะ (น),นะ,PayapLanna-Bold,70
images/lanna_02228_PayapLanna-Regular.jpg,ᨶ,นะ (น),นะ,PayapLanna-Regular,80
images/lanna_02229_NotoSansTaiTham.jpg,ᨶ,นะ (น),นะ,NotoSansTaiTham,83
images/lanna_02230_LNTilok.jpg,ᨶ,นะ (น),นะ,LNTilok,60
images/lanna_02231_LN-TILOK-6.10.jpg,ᨶ,นะ (น),นะ,LN-TILOK-6.10,65
images/lanna_02232_PayapLanna-Bold.jpg,ᨶ,นะ (น),นะ,PayapLanna-Bold,71
images/lanna_02233_PayapLanna-Regular.jpg,ᨶ,นะ (น),นะ,PayapLanna-Regular,63
images/lanna_02234_NotoSansTaiTham.jpg,ᨶ,นะ (น),นะ,NotoSansTaiTham,72
images/lanna_02235_LNTilok.jpg,ᨶ,นะ (น),นะ,LNTilok,80
images/lanna_02236_LN-TILOK-6.10.jpg,ᨶ,นะ (น),นะ,LN-TILOK-6.10,66
images/lanna_02237_PayapLanna-Bold.jpg,ᨶ,นะ (น),นะ,PayapLanna-Bold,83
images/lanna_02238_PayapLanna-Regular.jpg,ᨶ,นะ (น),นะ,PayapLanna-Regular,62
images/lanna_02239_NotoSansTaiTham.jpg,ᨶ,นะ (น),นะ,NotoSansTaiTham,63
images/lanna_02240_LNTilok.jpg,ᨷ,บะ (บ),บะ,LNTilok,77
images/lanna_02241_LN-TILOK-6.10.jpg,ᨷ,บะ (บ),บะ,LN-TILOK-6.10,76
images/lanna_02242_PayapLanna-Bold.jpg,ᨷ,บะ (บ),บะ,PayapLanna-Bold,62
images/lanna_02243_PayapLanna-Regular.jpg,ᨷ,บะ (บ),บะ,PayapLanna-Regular,58
images/lanna_02244_NotoSansTaiTham.jpg,ᨷ,บะ (บ),บะ,NotoSansTaiTham,66
images/lanna_02245_LNTilok.jpg,ᨷ,บะ (บ),บะ,LNTilok,61
images/lanna_02246_LN-TILOK-6.10.jpg,ᨷ,บะ (บ),บะ,LN-TILOK-6.10,59
images/lanna_02247_PayapLanna-Bold.jpg,ᨷ,บะ (บ),บะ,PayapLanna-Bold,76
images/lanna_02248_PayapLanna-Regular.jpg,ᨷ,บะ (บ),บะ,PayapLanna-Regular,72
images/lanna_02249_NotoSansTaiTham.jpg,ᨷ,บะ (บ),บะ,NotoSansTaiTham,77
images/lanna_02250_LNTilok.jpg,ᨷ,บะ (บ),บะ,LNTilok,67
images/lanna_02251_LN-TILOK-6.10.jpg,ᨷ,บะ (บ),บะ,LN-TILOK-6.10,64
images/lanna_02252_PayapLanna-Bold.jpg,ᨷ,บะ (บ),บะ,PayapLanna-Bold,68
images/lanna_02253_PayapLanna-Regular.jpg,ᨷ,บะ (บ),บะ,PayapLanna-Regular,66
images/lanna_02254_NotoSansTaiTham.jpg,ᨷ,บะ (บ),บะ,NotoSansTaiTham,84
images/lanna_02255_LNTilok.jpg,ᨷ,บะ (บ),บะ,LNTilok,81
images/lanna_02256_LN-TILOK-6.10.jpg,ᨷ,บะ (บ),บะ,LN-TILOK-6.10,67
images/lanna_02257_PayapLanna-Bold.jpg,ᨷ,บะ (บ),บะ,PayapLanna-Bold,76
images/lanna_02258_PayapLanna-Regular.jpg,ᨷ,บะ (บ),บะ,PayapLanna-Regular,83
images/lanna_02259_NotoSansTaiTham.jpg,ᨷ,บะ (บ),บะ,NotoSansTaiTham,78
images/lanna_02260_LNTilok.jpg,ᨷ,บะ (บ),บะ,LNTilok,58
images/lanna_02261_LN-TILOK-6.10.jpg,ᨷ,บะ (บ),บะ,LN-TILOK-6.10,70
images/lanna_02262_PayapLanna-Bold.jpg,ᨷ,บะ (บ),บะ,PayapLanna-Bold,73
images/lanna_02263_PayapLanna-Regular.jpg,ᨷ,บะ (บ),บะ,PayapLanna-Regular,58
images/lanna_02264_NotoSansTaiTham.jpg,ᨷ,บะ (บ),บะ,NotoSansTaiTham,80
images/lanna_02265_LNTilok.jpg,ᨷ,บะ (บ),บะ,LNTilok,72
images/lanna_02266_LN-TILOK-6.10.jpg,ᨷ,บะ (บ),บะ,LN-TILOK-6.10,69
images/lanna_02267_PayapLanna-Bold.jpg,ᨷ,บะ (บ),บะ,PayapLanna-Bold,59
images/lanna_02268_PayapLanna-Regular.jpg,ᨷ,บะ (บ),บะ,PayapLanna-Regular,69
images/lanna_02269_NotoSansTaiTham.jpg,ᨷ,บะ (บ),บะ,NotoSansTaiTham,81
images/lanna_02270_LNTilok.jpg,ᨷ,บะ (บ),บะ,LNTilok,85
images/lanna_02271_LN-TILOK-6.10.jpg,ᨷ,บะ (บ),บะ,LN-TILOK-6.10,66
images/lanna_02272_PayapLanna-Bold.jpg,ᨷ,บะ (บ),บะ,PayapLanna-Bold,60
images/lanna_02273_PayapLanna-Regular.jpg,ᨷ,บะ (บ),บะ,PayapLanna-Regular,75
images/lanna_02274_NotoSansTaiTham.jpg,ᨷ,บะ (บ),บะ,NotoSansTaiTham,70
images/lanna_02275_LNTilok.jpg,ᨷ,บะ (บ),บะ,LNTilok,77
images/lanna_02276_LN-TILOK-6.10.jpg,ᨷ,บะ (บ),บะ,LN-TILOK-6.10,64
images/lanna_02277_PayapLanna-Bold.jpg,ᨷ,บะ (บ),บะ,PayapLanna-Bold,70
images/lanna_02278_PayapLanna-Regular.jpg,ᨷ,บะ (บ),บะ,PayapLanna-Regular,77
images/lanna_02279_NotoSansTaiTham.jpg,ᨷ,บะ (บ),บะ,NotoSansTaiTham,76
images/lanna_02280_LNTilok.jpg,ᨸ,ปะ (ป),ปะ,LNTilok,84
images/lanna_02281_LN-TILOK-6.10.jpg,ᨸ,ปะ (ป),ปะ,LN-TILOK-6.10,76
images/lanna_02282_PayapLanna-Bold.jpg,ᨸ,ปะ (ป),ปะ,PayapLanna-Bold,61
images/lanna_02283_PayapLanna-Regular.jpg,ᨸ,ปะ (ป),ปะ,PayapLanna-Regular,73
images/lanna_02284_NotoSansTaiTham.jpg,ᨸ,ปะ (ป),ปะ,NotoSansTaiTham,71
images/lanna_02285_LNTilok.jpg,ᨸ,ปะ (ป),ปะ,LNTilok,78
images/lanna_02286_LN-TILOK-6.10.jpg,ᨸ,ปะ (ป),ปะ,LN-TILOK-6.10,59
images/lanna_02287_PayapLanna-Bold.jpg,ᨸ,ปะ (ป),ปะ,PayapLanna-Bold,69
images/lanna_02288_PayapLanna-Regular.jpg,ᨸ,ปะ (ป),ปะ,PayapLanna-Regular,76
images/lanna_02289_NotoSansTaiTham.jpg,ᨸ,ปะ (ป),ปะ,NotoSansTaiTham,68
images/lanna_02290_LNTilok.jpg,ᨸ,ปะ (ป),ปะ,LNTilok,78
images/lanna_02291_LN-TILOK-6.10.jpg,ᨸ,ปะ (ป),ปะ,LN-TILOK-6.10,73
images/lanna_02292_PayapLanna-Bold.jpg,ᨸ,ปะ (ป),ปะ,PayapLanna-Bold,64
images/lanna_02293_PayapLanna-Regular.jpg,ᨸ,ปะ (ป),ปะ,PayapLanna-Regular,82
images/lanna_02294_NotoSansTaiTham.jpg,ᨸ,ปะ (ป),ปะ,NotoSansTaiTham,68
images/lanna_02295_LNTilok.jpg,ᨸ,ปะ (ป),ปะ,LNTilok,60
images/lanna_02296_LN-TILOK-6.10.jpg,ᨸ,ปะ (ป),ปะ,LN-TILOK-6.10,66
images/lanna_02297_PayapLanna-Bold.jpg,ᨸ,ปะ (ป),ปะ,PayapLanna-Bold,59
images/lanna_02298_PayapLanna-Regular.jpg,ᨸ,ปะ (ป),ปะ,PayapLanna-Regular,82
images/lanna_02299_NotoSansTaiTham.jpg,ᨸ,ปะ (ป),ปะ,NotoSansTaiTham,85
images/lanna_02300_LNTilok.jpg,ᨸ,ปะ (ป),ปะ,LNTilok,78
images/lanna_02301_LN-TILOK-6.10.jpg,ᨸ,ปะ (ป),ปะ,LN-TILOK-6.10,62
images/lanna_02302_PayapLanna-Bold.jpg,ᨸ,ปะ (ป),ปะ,PayapLanna-Bold,78
images/lanna_02303_PayapLanna-Regular.jpg,ᨸ,ปะ (ป),ปะ,PayapLanna-Regular,79
images/lanna_02304_NotoSansTaiTham.jpg,ᨸ,ปะ (ป),ปะ,NotoSansTaiTham,69
images/lanna_02305_LNTilok.jpg,ᨸ,ปะ (ป),ปะ,LNTilok,68
images/lanna_02306_LN-TILOK-6.10.jpg,ᨸ,ปะ (ป),ปะ,LN-TILOK-6.10,69
images/lanna_02307_PayapLanna-Bold.jpg,ᨸ,ปะ (ป),ปะ,PayapLanna-Bold,70
images/lanna_02308_PayapLanna-Regular.jpg,ᨸ,ปะ (ป),ปะ,PayapLanna-Regular,66
images/lanna_02309_NotoSansTaiTham.jpg,ᨸ,ปะ (ป),ปะ,NotoSansTaiTham,64
images/lanna_02310_LNTilok.jpg,ᨸ,ปะ (ป),ปะ,LNTilok,59
images/lanna_02311_LN-TILOK-6.10.jpg,ᨸ,ปะ (ป),ปะ,LN-TILOK-6.10,79
images/lanna_02312_PayapLanna-Bold.jpg,ᨸ,ปะ (ป),ปะ,PayapLanna-Bold,60
images/lanna_02313_PayapLanna-Regular.jpg,ᨸ,ปะ (ป),ปะ,PayapLanna-Regular,60
images/lanna_02314_NotoSansTaiTham.jpg,ᨸ,ปะ (ป),ปะ,NotoSansTaiTham,72
images/lanna_02315_LNTilok.jpg,ᨸ,ปะ (ป),ปะ,LNTilok,78
images/lanna_02316_LN-TILOK-6.10.jpg,ᨸ,ปะ (ป),ปะ,LN-TILOK-6.10,79
images/lanna_02317_PayapLanna-Bold.jpg,ᨸ,ปะ (ป),ปะ,PayapLanna-Bold,82
images/lanna_02318_PayapLanna-Regular.jpg,ᨸ,ปะ (ป),ปะ,PayapLanna-Regular,62
images/lanna_02319_NotoSansTaiTham.jpg,ᨸ,ปะ (ป),ปะ,NotoSansTaiTham,80
images/lanna_02320_LNTilok.jpg,ᨹ,ผะ (ผ),ผะ,LNTilok,69
images/lanna_02321_LN-TILOK-6.10.jpg,ᨹ,ผะ (ผ),ผะ,LN-TILOK-6.10,81
images/lanna_02322_PayapLanna-Bold.jpg,ᨹ,ผะ (ผ),ผะ,PayapLanna-Bold,70
images/lanna_02323_PayapLanna-Regular.jpg,ᨹ,ผะ (ผ),ผะ,PayapLanna-Regular,85
images/lanna_02324_NotoSansTaiTham.jpg,ᨹ,ผะ (ผ),ผะ,NotoSansTaiTham,62
images/lanna_02325_LNTilok.jpg,ᨹ,ผะ (ผ),ผะ,LNTilok,74
images/lanna_02326_LN-TILOK-6.10.jpg,ᨹ,ผะ (ผ),ผะ,LN-TILOK-6.10,65
images/lanna_02327_PayapLanna-Bold.jpg,ᨹ,ผะ (ผ),ผะ,PayapLanna-Bold,79
images/lanna_02328_PayapLanna-Regular.jpg,ᨹ,ผะ (ผ),ผะ,PayapLanna-Regular,59
images/lanna_02329_NotoSansTaiTham.jpg,ᨹ,ผะ (ผ),ผะ,NotoSansTaiTham,63
images/lanna_02330_LNTilok.jpg,ᨹ,ผะ (ผ),ผะ,LNTilok,65
images/lanna_02331_LN-TILOK-6.10.jpg,ᨹ,ผะ (ผ),ผะ,LN-TILOK-6.10,79
images/lanna_02332_PayapLanna-Bold.jpg,ᨹ,ผะ (ผ),ผะ,PayapLanna-Bold,59
images/lanna_02333_PayapLanna-Regular.jpg,ᨹ,ผะ (ผ),ผะ,PayapLanna-Regular,84
images/lanna_02334_NotoSansTaiTham.jpg,ᨹ,ผะ (ผ),ผะ,NotoSansTaiTham,65
images/lanna_02335_LNTilok.jpg,ᨹ,ผะ (ผ),ผะ,LNTilok,65
images/lanna_02336_LN-TILOK-6.10.jpg,ᨹ,ผะ (ผ),ผะ,LN-TILOK-6.10,70
images/lanna_02337_PayapLanna-Bold.jpg,ᨹ,ผะ (ผ),ผะ,PayapLanna-Bold,81
images/lanna_02338_PayapLanna-Regular.jpg,ᨹ,ผะ (ผ),ผะ,PayapLanna-Regular,82
images/lanna_02339_NotoSansTaiTham.jpg,ᨹ,ผะ (ผ),ผะ,NotoSansTaiTham,72
images/lanna_02340_LNTilok.jpg,ᨹ,ผะ (ผ),ผะ,LNTilok,77
images/lanna_02341_LN-TILOK-6.10.jpg,ᨹ,ผะ (ผ),ผะ,LN-TILOK-6.10,81
images/lanna_02342_PayapLanna-Bold.jpg,ᨹ,ผะ (ผ),ผะ,PayapLanna-Bold,78
images/lanna_02343_PayapLanna-Regular.jpg,ᨹ,ผะ (ผ),ผะ,PayapLanna-Regular,82
images/lanna_02344_NotoSansTaiTham.jpg,ᨹ,ผะ (ผ),ผะ,NotoSansTaiTham,66
images/lanna_02345_LNTilok.jpg,ᨹ,ผะ (ผ),ผะ,LNTilok,67
images/lanna_02346_LN-TILOK-6.10.jpg,ᨹ,ผะ (ผ),ผะ,LN-TILOK-6.10,65
images/lanna_02347_PayapLanna-Bold.jpg,ᨹ,ผะ (ผ),ผะ,PayapLanna-Bold,81
images/lanna_02348_PayapLanna-Regular.jpg,ᨹ,ผะ (ผ),ผะ,PayapLanna-Regular,61
images/lanna_02349_NotoSansTaiTham.jpg,ᨹ,ผะ (ผ),ผะ,NotoSansTaiTham,81
images/lanna_02350_LNTilok.jpg,ᨹ,ผะ (ผ),ผะ,LNTilok,64
images/lanna_02351_LN-TILOK-6.10.jpg,ᨹ,ผะ (ผ),ผะ,LN-TILOK-6.10,82
images/lanna_02352_PayapLanna-Bold.jpg,ᨹ,ผะ (ผ),ผะ,PayapLanna-Bold,73
images/lanna_02353_PayapLanna-Regular.jpg,ᨹ,ผะ (ผ),ผะ,PayapLanna-Regular,81
images/lanna_02354_NotoSansTaiTham.jpg,ᨹ,ผะ (ผ),ผะ,NotoSansTaiTham,69
images/lanna_02355_LNTilok.jpg,ᨹ,ผะ (ผ),ผะ,LNTilok,72
images/lanna_02356_LN-TILOK-6.10.jpg,ᨹ,ผะ (ผ),ผะ,LN-TILOK-6.10,74
images/lanna_02357_PayapLanna-Bold.jpg,ᨹ,ผะ (ผ),ผะ,PayapLanna-Bold,83
images/lanna_02358_PayapLanna-Regular.jpg,ᨹ,ผะ (ผ),ผะ,PayapLanna-Regular,82
images/lanna_02359_NotoSansTaiTham.jpg,ᨹ,ผะ (ผ),ผะ,NotoSansTaiTham,79
images/lanna_02360_LNTilok.jpg,ᨺ,ฝะ (ฝ),ฝะ,LNTilok,78
images/lanna_02361_LN-TILOK-6.10.jpg,ᨺ,ฝะ (ฝ),ฝะ,LN-TILOK-6.10,71
images/lanna_02362_PayapLanna-Bold.jpg,ᨺ,ฝะ (ฝ),ฝะ,PayapLanna-Bold,61
images/lanna_02363_PayapLanna-Regular.jpg,ᨺ,ฝะ (ฝ),ฝะ,PayapLanna-Regular,59
images/lanna_02364_NotoSansTaiTham.jpg,ᨺ,ฝะ (ฝ),ฝะ,NotoSansTaiTham,77
images/lanna_02365_LNTilok.jpg,ᨺ,ฝะ (ฝ),ฝะ,LNTilok,81
images/lanna_02366_LN-TILOK-6.10.jpg,ᨺ,ฝะ (ฝ),ฝะ,LN-TILOK-6.10,78
images/lanna_02367_PayapLanna-Bold.jpg,ᨺ,ฝะ (ฝ),ฝะ,PayapLanna-Bold,68
images/lanna_02368_PayapLanna-Regular.jpg,ᨺ,ฝะ (ฝ),ฝะ,PayapLanna-Regular,63
images/lanna_02369_NotoSansTaiTham.jpg,ᨺ,ฝะ (ฝ),ฝะ,NotoSansTaiTham,60
images/lanna_02370_LNTilok.jpg,ᨺ,ฝะ (ฝ),ฝะ,LNTilok,80
images/lanna_02371_LN-TILOK-6.10.jpg,ᨺ,ฝะ (ฝ),ฝะ,LN-TILOK-6.10,73
images/lanna_02372_PayapLanna-Bold.jpg,ᨺ,ฝะ (ฝ),ฝะ,PayapLanna-Bold,66
images/lanna_02373_PayapLanna-Regular.jpg,ᨺ,ฝะ (ฝ),ฝะ,PayapLanna-Regular,64
images/lanna_02374_NotoSansTaiTham.jpg,ᨺ,ฝะ (ฝ),ฝะ,NotoSansTaiTham,76
images/lanna_02375_LNTilok.jpg,ᨺ,ฝะ (ฝ),ฝะ,LNTilok,83
images/lanna_02376_LN-TILOK-6.10.jpg,ᨺ,ฝะ (ฝ),ฝะ,LN-TILOK-6.10,74
images/lanna_02377_PayapLanna-Bold.jpg,ᨺ,ฝะ (ฝ),ฝะ,PayapLanna-Bold,63
images/lanna_02378_PayapLanna-Regular.jpg,ᨺ,ฝะ (ฝ),ฝะ,PayapLanna-Regular,82
images/lanna_02379_NotoSansTaiTham.jpg,ᨺ,ฝะ (ฝ),ฝะ,NotoSansTaiTham,70
images/lanna_02380_LNTilok.jpg,ᨺ,ฝะ (ฝ),ฝะ,LNTilok,71
images/lanna_02381_LN-TILOK-6.10.jpg,ᨺ,ฝะ (ฝ),ฝะ,LN-TILOK-6.10,78
images/lanna_02382_PayapLanna-Bold.jpg,ᨺ,ฝะ (ฝ),ฝะ,PayapLanna-Bold,60
images/lanna_02383_PayapLanna-Regular.jpg,ᨺ,ฝะ (ฝ),ฝะ,PayapLanna-Regular,68
images/lanna_02384_NotoSansTaiTham.jpg,ᨺ,ฝะ (ฝ),ฝะ,NotoSansTaiTham,71
images/lanna_02385_LNTilok.jpg,ᨺ,ฝะ (ฝ),ฝะ,LNTilok,71
images/lanna_02386_LN-TILOK-6.10.jpg,ᨺ,ฝะ (ฝ),ฝะ,LN-TILOK-6.10,60
images/lanna_02387_PayapLanna-Bold.jpg,ᨺ,ฝะ (ฝ),ฝะ,PayapLanna-Bold,58
images/lanna_02388_PayapLanna-Regular.jpg,ᨺ,ฝะ (ฝ),ฝะ,PayapLanna-Regular,66
images/lanna_02389_NotoSansTaiTham.jpg,ᨺ,ฝะ (ฝ),ฝะ,NotoSansTaiTham,63
images/lanna_02390_LNTilok.jpg,ᨺ,ฝะ (ฝ),ฝะ,LNTilok,65
images/lanna_02391_LN-TILOK-6.10.jpg,ᨺ,ฝะ (ฝ),ฝะ,LN-TILOK-6.10,58
images/lanna_02392_PayapLanna-Bold.jpg,ᨺ,ฝะ (ฝ),ฝะ,PayapLanna-Bold,73
images/lanna_02393_PayapLanna-Regular.jpg,ᨺ,ฝะ (ฝ),ฝะ,PayapLanna-Regular,70
images/lanna_02394_NotoSansTaiTham.jpg,ᨺ,ฝะ (ฝ),ฝะ,NotoSansTaiTham,75
images/lanna_02395_LNTilok.jpg,ᨺ,ฝะ (ฝ),ฝะ,LNTilok,61
images/lanna_02396_LN-TILOK-6.10.jpg,ᨺ,ฝะ (ฝ),ฝะ,LN-TILOK-6.10,62
images/lanna_02397_PayapLanna-Bold.jpg,ᨺ,ฝะ (ฝ),ฝะ,PayapLanna-Bold,59
images/lanna_02398_PayapLanna-Regular.jpg,ᨺ,ฝะ (ฝ),ฝะ,PayapLanna-Regular,65
images/lanna_02399_NotoSansTaiTham.jpg,ᨺ,ฝะ (ฝ),ฝะ,NotoSansTaiTham,78
images/lanna_02400_LNTilok.jpg,ᨻ,พะ (พ),พะ,LNTilok,84
images/lanna_02401_LN-TILOK-6.10.jpg,ᨻ,พะ (พ),พะ,LN-TILOK-6.10,76
images/lanna_02402_PayapLanna-Bold.jpg,ᨻ,พะ (พ),พะ,PayapLanna-Bold,70
images/lanna_02403_PayapLanna-Regular.jpg,ᨻ,พะ (พ),พะ,PayapLanna-Regular,71
images/lanna_02404_NotoSansTaiTham.jpg,ᨻ,พะ (พ),พะ,NotoSansTaiTham,84
images/lanna_02405_LNTilok.jpg,ᨻ,พะ (พ),พะ,LNTilok,82
images/lanna_02406_LN-TILOK-6.10.jpg,ᨻ,พะ (พ),พะ,LN-TILOK-6.10,80
images/lanna_02407_PayapLanna-Bold.jpg,ᨻ,พะ (พ),พะ,PayapLanna-Bold,67
images/lanna_02408_PayapLanna-Regular.jpg,ᨻ,พะ (พ),พะ,PayapLanna-Regular,70
images/lanna_02409_NotoSansTaiTham.jpg,ᨻ,พะ (พ),พะ,NotoSansTaiTham,60
images/lanna_02410_LNTilok.jpg,ᨻ,พะ (พ),พะ,LNTilok,80
images/lanna_02411_LN-TILOK-6.10.jpg,ᨻ,พะ (พ),พะ,LN-TILOK-6.10,74
images/lanna_02412_PayapLanna-Bold.jpg,ᨻ,พะ (พ),พะ,PayapLanna-Bold,70
images/lanna_02413_PayapLanna-Regular.jpg,ᨻ,พะ (พ),พะ,PayapLanna-Regular,59
images/lanna_02414_NotoSansTaiTham.jpg,ᨻ,พะ (พ),พะ,NotoSansTaiTham,63
images/lanna_02415_LNTilok.jpg,ᨻ,พะ (พ),พะ,LNTilok,60
images/lanna_02416_LN-TILOK-6.10.jpg,ᨻ,พะ (พ),พะ,LN-TILOK-6.10,64
images/lanna_02417_PayapLanna-Bold.jpg,ᨻ,พะ (พ),พะ,PayapLanna-Bold,74
images/lanna_02418_PayapLanna-Regular.jpg,ᨻ,พะ (พ),พะ,PayapLanna-Regular,70
images/lanna_02419_NotoSansTaiTham.jpg,ᨻ,พะ (พ),พะ,NotoSansTaiTham,59
images/lanna_02420_LNTilok.jpg,ᨻ,พะ (พ),พะ,LNTilok,78
images/lanna_02421_LN-TILOK-6.10.jpg,ᨻ,พะ (พ),พะ,LN-TILOK-6.10,59
images/lanna_02422_PayapLanna-Bold.jpg,ᨻ,พะ (พ),พะ,PayapLanna-Bold,73
images/lanna_02423_PayapLanna-Regular.jpg,ᨻ,พะ (พ),พะ,PayapLanna-Regular,71
images/lanna_02424_NotoSansTaiTham.jpg,ᨻ,พะ (พ),พะ,NotoSansTaiTham,63
images/lanna_02425_LNTilok.jpg,ᨻ,พะ (พ),พะ,LNTilok,64
images/lanna_02426_LN-TILOK-6.10.jpg,ᨻ,พะ (พ),พะ,LN-TILOK-6.10,69
images/lanna_02427_PayapLanna-Bold.jpg,ᨻ,พะ (พ),พะ,PayapLanna-Bold,78
images/lanna_02428_PayapLanna-Regular.jpg,ᨻ,พะ (พ),พะ,PayapLanna-Regular,81
images/lanna_02429_NotoSansTaiTham.jpg,ᨻ,พะ (พ),พะ,NotoSansTaiTham,84
images/lanna_02430_LNTilok.jpg,ᨻ,พะ (พ),พะ,LNTilok,74
images/lanna_02431_LN-TILOK-6.10.jpg,ᨻ,พะ (พ),พะ,LN-TILOK-6.10,70
images/lanna_02432_PayapLanna-Bold.jpg,ᨻ,พะ (พ),พะ,PayapLanna-Bold,65
images/lanna_02433_PayapLanna-Regular.jpg,ᨻ,พะ (พ),พะ,PayapLanna-Regular,73
images/lanna_02434_NotoSansTaiTham.jpg,ᨻ,พะ (พ),พะ,NotoSansTaiTham,67
images/lanna_02435_LNTilok.jpg,ᨻ,พะ (พ),พะ,LNTilok,82
images/lanna_02436_LN-TILOK-6.10.jpg,ᨻ,พะ (พ),พะ,LN-TILOK-6.10,83
images/lanna_02437_PayapLanna-Bold.jpg,ᨻ,พะ (พ),พะ,PayapLanna-Bold,81
images/lanna_02438_PayapLanna-Regular.jpg,ᨻ,พะ (พ),พะ,PayapLanna-Regular,61
images/lanna_02439_NotoSansTaiTham.jpg,ᨻ,พะ (พ),พะ,NotoSansTaiTham,61
images/lanna_02440_LNTilok.jpg,ᨼ,ฟะ (ฟ),ฟะ,LNTilok,68
images/lanna_02441_LN-TILOK-6.10.jpg,ᨼ,ฟะ (ฟ),ฟะ,LN-TILOK-6.10,60
images/lanna_02442_PayapLanna-Bold.jpg,ᨼ,ฟะ (ฟ),ฟะ,PayapLanna-Bold,58
images/lanna_02443_PayapLanna-Regular.jpg,ᨼ,ฟะ (ฟ),ฟะ,PayapLanna-Regular,66
images/lanna_02444_NotoSansTaiTham.jpg,ᨼ,ฟะ (ฟ),ฟะ,NotoSansTaiTham,85
images/lanna_02445_LNTilok.jpg,ᨼ,ฟะ (ฟ),ฟะ,LNTilok,73
images/lanna_02446_LN-TILOK-6.10.jpg,ᨼ,ฟะ (ฟ),ฟะ,LN-TILOK-6.10,73
images/lanna_02447_PayapLanna-Bold.jpg,ᨼ,ฟะ (ฟ),ฟะ,PayapLanna-Bold,66
images/lanna_02448_PayapLanna-Regular.jpg,ᨼ,ฟะ (ฟ),ฟะ,PayapLanna-Regular,66
images/lanna_02449_NotoSansTaiTham.jpg,ᨼ,ฟะ (ฟ),ฟะ,NotoSansTaiTham,82
images/lanna_02450_LNTilok.jpg,ᨼ,ฟะ (ฟ),ฟะ,LNTilok,73
images/lanna_02451_LN-TILOK-6.10.jpg,ᨼ,ฟะ (ฟ),ฟะ,LN-TILOK-6.10,58
images/lanna_02452_PayapLanna-Bold.jpg,ᨼ,ฟะ (ฟ),ฟะ,PayapLanna-Bold,69
images/lanna_02453_PayapLanna-Regular.jpg,ᨼ,ฟะ (ฟ),ฟะ,PayapLanna-Regular,84
images/lanna_02454_NotoSansTaiTham.jpg,ᨼ,ฟะ (ฟ),ฟะ,NotoSansTaiTham,77
images/lanna_02455_LNTilok.jpg,ᨼ,ฟะ (ฟ),ฟะ,LNTilok,72
images/lanna_02456_LN-TILOK-6.10.jpg,ᨼ,ฟะ (ฟ),ฟะ,LN-TILOK-6.10,73
images/lanna_02457_PayapLanna-Bold.jpg,ᨼ,ฟะ (ฟ),ฟะ,PayapLanna-Bold,74
images/lanna_02458_PayapLanna-Regular.jpg,ᨼ,ฟะ (ฟ),ฟะ,PayapLanna-Regular,58
images/lanna_02459_NotoSansTaiTham.jpg,ᨼ,ฟะ (ฟ),ฟะ,NotoSansTaiTham,58
images/lanna_02460_LNTilok.jpg,ᨼ,ฟะ (ฟ),ฟะ,LNTilok,80
images/lanna_02461_LN-TILOK-6.10.jpg,ᨼ,ฟะ (ฟ),ฟะ,LN-TILOK-6.10,70
images/lanna_02462_PayapLanna-Bold.jpg,ᨼ,ฟะ (ฟ),ฟะ,PayapLanna-Bold,64
images/lanna_02463_PayapLanna-Regular.jpg,ᨼ,ฟะ (ฟ),ฟะ,PayapLanna-Regular,62
images/lanna_02464_NotoSansTaiTham.jpg,ᨼ,ฟะ (ฟ),ฟะ,NotoSansTaiTham,74
images/lanna_02465_LNTilok.jpg,ᨼ,ฟะ (ฟ),ฟะ,LNTilok,59
images/lanna_02466_LN-TILOK-6.10.jpg,ᨼ,ฟะ (ฟ),ฟะ,LN-TILOK-6.10,70
images/lanna_02467_PayapLanna-Bold.jpg,ᨼ,ฟะ (ฟ),ฟะ,PayapLanna-Bold,63
images/lanna_02468_PayapLanna-Regular.jpg,ᨼ,ฟะ (ฟ),ฟะ,PayapLanna-Regular,66
images/lanna_02469_NotoSansTaiTham.jpg,ᨼ,ฟะ (ฟ),ฟะ,NotoSansTaiTham,67
images/lanna_02470_LNTilok.jpg,ᨼ,ฟะ (ฟ),ฟะ,LNTilok,75
images/lanna_02471_LN-TILOK-6.10.jpg,ᨼ,ฟะ (ฟ),ฟะ,LN-TILOK-6.10,81
images/lanna_02472_PayapLanna-Bold.jpg,ᨼ,ฟะ (ฟ),ฟะ,PayapLanna-Bold,80
images/lanna_02473_PayapLanna-Regular.jpg,ᨼ,ฟะ (ฟ),ฟะ,PayapLanna-Regular,60
images/lanna_02474_NotoSansTaiTham.jpg,ᨼ,ฟะ (ฟ),ฟะ,NotoSansTaiTham,85
images/lanna_02475_LNTilok.jpg,ᨼ,ฟะ (ฟ),ฟะ,LNTilok,66
images/lanna_02476_LN-TILOK-6.10.jpg,ᨼ,ฟะ (ฟ),ฟะ,LN-TILOK-6.10,81
images/lanna_02477_PayapLanna-Bold.jpg,ᨼ,ฟะ (ฟ),ฟะ,PayapLanna-Bold,79
images/lanna_02478_PayapLanna-Regular.jpg,ᨼ,ฟะ (ฟ),ฟะ,PayapLanna-Regular,85
images/lanna_02479_NotoSansTaiTham.jpg,ᨼ,ฟะ (ฟ),ฟะ,NotoSansTaiTham,77
images/lanna_02480_LNTilok.jpg,ᨽ,ภะ (ภ),ภะ,LNTilok,58
images/lanna_02481_LN-TILOK-6.10.jpg,ᨽ,ภะ (ภ),ภะ,LN-TILOK-6.10,85
images/lanna_02482_PayapLanna-Bold.jpg,ᨽ,ภะ (ภ),ภะ,PayapLanna-Bold,73
images/lanna_02483_PayapLanna-Regular.jpg,ᨽ,ภะ (ภ),ภะ,PayapLanna-Regular,74
images/lanna_02484_NotoSansTaiTham.jpg,ᨽ,ภะ (ภ),ภะ,NotoSansTaiTham,79
images/lanna_02485_LNTilok.jpg,ᨽ,ภะ (ภ),ภะ,LNTilok,66
images/lanna_02486_LN-TILOK-6.10.jpg,ᨽ,ภะ (ภ),ภะ,LN-TILOK-6.10,74
images/lanna_02487_PayapLanna-Bold.jpg,ᨽ,ภะ (ภ),ภะ,PayapLanna-Bold,79
images/lanna_02488_PayapLanna-Regular.jpg,ᨽ,ภะ (ภ),ภะ,PayapLanna-Regular,73
images/lanna_02489_NotoSansTaiTham.jpg,ᨽ,ภะ (ภ),ภะ,NotoSansTaiTham,74
images/lanna_02490_LNTilok.jpg,ᨽ,ภะ (ภ),ภะ,LNTilok,75
images/lanna_02491_LN-TILOK-6.10.jpg,ᨽ,ภะ (ภ),ภะ,LN-TILOK-6.10,71
images/lanna_02492_PayapLanna-Bold.jpg,ᨽ,ภะ (ภ),ภะ,PayapLanna-Bold,58
images/lanna_02493_PayapLanna-Regular.jpg,ᨽ,ภะ (ภ),ภะ,PayapLanna-Regular,58
images/lanna_02494_NotoSansTaiTham.jpg,ᨽ,ภะ (ภ),ภะ,NotoSansTaiTham,62
images/lanna_02495_LNTilok.jpg,ᨽ,ภะ (ภ),ภะ,LNTilok,64
images/lanna_02496_LN-TILOK-6.10.jpg,ᨽ,ภะ (ภ),ภะ,LN-TILOK-6.10,63
images/lanna_02497_PayapLanna-Bold.jpg,ᨽ,ภะ (ภ),ภะ,PayapLanna-Bold,85
images/lanna_02498_PayapLanna-Regular.jpg,ᨽ,ภะ (ภ),ภะ,PayapLanna-Regular,80
images/lanna_02499_NotoSansTaiTham.jpg,ᨽ,ภะ (ภ),ภะ,NotoSansTaiTham,59
images/lanna_02500_LNTilok.jpg,ᨽ,ภะ (ภ),ภะ,LNTilok,72
images/lanna_02501_LN-TILOK-6.10.jpg,ᨽ,ภะ (ภ),ภะ,LN-TILOK-6.10,64
images/lanna_02502_PayapLanna-Bold.jpg,ᨽ,ภะ (ภ),ภะ,PayapLanna-Bold,67
images/lanna_02503_PayapLanna-Regular.jpg,ᨽ,ภะ (ภ),ภะ,PayapLanna-Regular,80
images/lanna_02504_NotoSansTaiTham.jpg,ᨽ,ภะ (ภ),ภะ,NotoSansTaiTham,79
images/lanna_02505_LNTilok.jpg,ᨽ,ภะ (ภ),ภะ,LNTilok,69
images/lanna_02506_LN-TILOK-6.10.jpg,ᨽ,ภะ (ภ),ภะ,LN-TILOK-6.10,79
images/lanna_02507_PayapLanna-Bold.jpg,ᨽ,ภะ (ภ),ภะ,PayapLanna-Bold,66
images/lanna_02508_PayapLanna-Regular.jpg,ᨽ,ภะ (ภ),ภะ,PayapLanna-Regular,74
images/lanna_02509_NotoSansTaiTham.jpg,ᨽ,ภะ (ภ),ภะ,NotoSansTaiTham,65
images/lanna_02510_LNTilok.jpg,ᨽ,ภะ (ภ),ภะ,LNTilok,65
images/lanna_02511_LN-TILOK-6.10.jpg,ᨽ,ภะ (ภ),ภะ,LN-TILOK-6.10,65
images/lanna_02512_PayapLanna-Bold.jpg,ᨽ,ภะ (ภ),ภะ,PayapLanna-Bold,73
images/lanna_02513_PayapLanna-Regular.jpg,ᨽ,ภะ (ภ),ภะ,PayapLanna-Regular,66
images/lanna_02514_NotoSansTaiTham.jpg,ᨽ,ภะ (ภ),ภะ,NotoSansTaiTham,77
images/lanna_02515_LNTilok.jpg,ᨽ,ภะ (ภ),ภะ,LNTilok,79
images/lanna_02516_LN-TILOK-6.10.jpg,ᨽ,ภะ (ภ),ภะ,LN-TILOK-6.10,58
images/lanna_02517_PayapLanna-Bold.jpg,ᨽ,ภะ (ภ),ภะ,PayapLanna-Bold,75
images/lanna_02518_PayapLanna-Regular.jpg,ᨽ,ภะ (ภ),ภะ,PayapLanna-Regular,75
images/lanna_02519_NotoSansTaiTham.jpg,ᨽ,ภะ (ภ),ภะ,NotoSansTaiTham,63
images/lanna_02520_LNTilok.jpg,ᨾ,มะ (ม),มะ,LNTilok,67
images/lanna_02521_LN-TILOK-6.10.jpg,ᨾ,มะ (ม),มะ,LN-TILOK-6.10,61
images/lanna_02522_PayapLanna-Bold.jpg,ᨾ,มะ (ม),มะ,PayapLanna-Bold,71
images/lanna_02523_PayapLanna-Regular.jpg,ᨾ,มะ (ม),มะ,PayapLanna-Regular,79
images/lanna_02524_NotoSansTaiTham.jpg,ᨾ,มะ (ม),มะ,NotoSansTaiTham,66
images/lanna_02525_LNTilok.jpg,ᨾ,มะ (ม),มะ,LNTilok,74
images/lanna_02526_LN-TILOK-6.10.jpg,ᨾ,มะ (ม),มะ,LN-TILOK-6.10,81
images/lanna_02527_PayapLanna-Bold.jpg,ᨾ,มะ (ม),มะ,PayapLanna-Bold,79
images/lanna_02528_PayapLanna-Regular.jpg,ᨾ,มะ (ม),มะ,PayapLanna-Regular,59
images/lanna_02529_NotoSansTaiTham.jpg,ᨾ,มะ (ม),มะ,NotoSansTaiTham,69
images/lanna_02530_LNTilok.jpg,ᨾ,มะ (ม),มะ,LNTilok,77
images/lanna_02531_LN-TILOK-6.10.jpg,ᨾ,มะ (ม),มะ,LN-TILOK-6.10,62
images/lanna_02532_PayapLanna-Bold.jpg,ᨾ,มะ (ม),มะ,PayapLanna-Bold,59
images/lanna_02533_PayapLanna-Regular.jpg,ᨾ,มะ (ม),มะ,PayapLanna-Regular,85
images/lanna_02534_NotoSansTaiTham.jpg,ᨾ,มะ (ม),มะ,NotoSansTaiTham,67
images/lanna_02535_LNTilok.jpg,ᨾ,มะ (ม),มะ,LNTilok,65
images/lanna_02536_LN-TILOK-6.10.jpg,ᨾ,มะ (ม),มะ,LN-TILOK-6.10,84
images/lanna_02537_PayapLanna-Bold.jpg,ᨾ,มะ (ม),มะ,PayapLanna-Bold,76
images/lanna_02538_PayapLanna-Regular.jpg,ᨾ,มะ (ม),มะ,PayapLanna-Regular,79
images/lanna_02539_NotoSansTaiTham.jpg,ᨾ,มะ (ม),มะ,NotoSansTaiTham,78
images/lanna_02540_LNTilok.jpg,ᨾ,มะ (ม),มะ,LNTilok,68
images/lanna_02541_LN-TILOK-6.10.jpg,ᨾ,มะ (ม),มะ,LN-TILOK-6.10,82
images/lanna_02542_PayapLanna-Bold.jpg,ᨾ,มะ (ม),มะ,PayapLanna-Bold,63
images/lanna_02543_PayapLanna-Regular.jpg,ᨾ,มะ (ม),มะ,PayapLanna-Regular,81
images/lanna_02544_NotoSansTaiTham.jpg,ᨾ,มะ (ม),มะ,NotoSansTaiTham,75
images/lanna_02545_LNTilok.jpg,ᨾ,มะ (ม),มะ,LNTilok,78
images/lanna_02546_LN-TILOK-6.10.jpg,ᨾ,มะ (ม),มะ,LN-TILOK-6.10,82
images/lanna_02547_PayapLanna-Bold.jpg,ᨾ,มะ (ม),มะ,PayapLanna-Bold,84
images/lanna_02548_PayapLanna-Regular.jpg,ᨾ,มะ (ม),มะ,PayapLanna-Regular,74
images/lanna_02549_NotoSansTaiTham.jpg,ᨾ,มะ (ม),มะ,NotoSansTaiTham,69
images/lanna_02550_LNTilok.jpg,ᨾ,มะ (ม),มะ,LNTilok,63
images/lanna_02551_LN-TILOK-6.10.jpg,ᨾ,มะ (ม),มะ,LN-TILOK-6.10,65
images/lanna_02552_PayapLanna-Bold.jpg,ᨾ,มะ (ม),มะ,PayapLanna-Bold,76
images/lanna_02553_PayapLanna-Regular.jpg,ᨾ,มะ (ม),มะ,PayapLanna-Regular,73
images/lanna_02554_NotoSansTaiTham.jpg,ᨾ,มะ (ม),มะ,NotoSansTaiTham,82
images/lanna_02555_LNTilok.jpg,ᨾ,มะ (ม),มะ,LNTilok,74
images/lanna_02556_LN-TILOK-6.10.jpg,ᨾ,มะ (ม),มะ,LN-TILOK-6.10,76
images/lanna_02557_PayapLanna-Bold.jpg,ᨾ,มะ (ม),มะ,PayapLanna-Bold,75
images/lanna_02558_PayapLanna-Regular.jpg,ᨾ,มะ (ม),มะ,PayapLanna-Regular,73
images/lanna_02559_NotoSansTaiTham.jpg,ᨾ,มะ (ม),มะ,NotoSansTaiTham,84
images/lanna_02560_LNTilok.jpg,ᨿ,ยะ (ย),ยะ,LNTilok,73
images/lanna_02561_LN-TILOK-6.10.jpg,ᨿ,ยะ (ย),ยะ,LN-TILOK-6.10,62
images/lanna_02562_PayapLanna-Bold.jpg,ᨿ,ยะ (ย),ยะ,PayapLanna-Bold,74
images/lanna_02563_PayapLanna-Regular.jpg,ᨿ,ยะ (ย),ยะ,PayapLanna-Regular,84
images/lanna_02564_NotoSansTaiTham.jpg,ᨿ,ยะ (ย),ยะ,NotoSansTaiTham,69
images/lanna_02565_LNTilok.jpg,ᨿ,ยะ (ย),ยะ,LNTilok,74
images/lanna_02566_LN-TILOK-6.10.jpg,ᨿ,ยะ (ย),ยะ,LN-TILOK-6.10,78
images/lanna_02567_PayapLanna-Bold.jpg,ᨿ,ยะ (ย),ยะ,PayapLanna-Bold,61
images/lanna_02568_PayapLanna-Regular.jpg,ᨿ,ยะ (ย),ยะ,PayapLanna-Regular,76
images/lanna_02569_NotoSansTaiTham.jpg,ᨿ,ยะ (ย),ยะ,NotoSansTaiTham,68
images/lanna_02570_LNTilok.jpg,ᨿ,ยะ (ย),ยะ,LNTilok,63
images/lanna_02571_LN-TILOK-6.10.jpg,ᨿ,ยะ (ย),ยะ,LN-TILOK-6.10,58
images/lanna_02572_PayapLanna-Bold.jpg,ᨿ,ยะ (ย),ยะ,PayapLanna-Bold,77
images/lanna_02573_PayapLanna-Regular.jpg,ᨿ,ยะ (ย),ยะ,PayapLanna-Regular,82
images/lanna_02574_NotoSansTaiTham.jpg,ᨿ,ยะ (ย),ยะ,NotoSansTaiTham,70
images/lanna_02575_LNTilok.jpg,ᨿ,ยะ (ย),ยะ,LNTilok,84
images/lanna_02576_LN-TILOK-6.10.jpg,ᨿ,ยะ (ย),ยะ,LN-TILOK-6.10,74
images/lanna_02577_PayapLanna-Bold.jpg,ᨿ,ยะ (ย),ยะ,PayapLanna-Bold,64
images/lanna_02578_PayapLanna-Regular.jpg,ᨿ,ยะ (ย),ยะ,PayapLanna-Regular,76
images/lanna_02579_NotoSansTaiTham.jpg,ᨿ,ยะ (ย),ยะ,NotoSansTaiTham,65
images/lanna_02580_LNTilok.jpg,ᨿ,ยะ (ย),ยะ,LNTilok,62
images/lanna_02581_LN-TILOK-6.10.jpg,ᨿ,ยะ (ย),ยะ,LN-TILOK-6.10,58
images/lanna_02582_PayapLanna-Bold.jpg,ᨿ,ยะ (ย),ยะ,PayapLanna-Bold,58
images/lanna_02583_PayapLanna-Regular.jpg,ᨿ,ยะ (ย),ยะ,PayapLanna-Regular,62
images/lanna_02584_NotoSansTaiTham.jpg,ᨿ,ยะ (ย),ยะ,NotoSansTaiTham,61
images/lanna_02585_LNTilok.jpg,ᨿ,ยะ (ย),ยะ,LNTilok,81
images/lanna_02586_LN-TILOK-6.10.jpg,ᨿ,ยะ (ย),ยะ,LN-TILOK-6.10,70
images/lanna_02587_PayapLanna-Bold.jpg,ᨿ,ยะ (ย),ยะ,PayapLanna-Bold,61
images/lanna_02588_PayapLanna-Regular.jpg,ᨿ,ยะ (ย),ยะ,PayapLanna-Regular,61
images/lanna_02589_NotoSansTaiTham.jpg,ᨿ,ยะ (ย),ยะ,NotoSansTaiTham,80
images/lanna_02590_LNTilok.jpg,ᨿ,ยะ (ย),ยะ,LNTilok,60
images/lanna_02591_LN-TILOK-6.10.jpg,ᨿ,ยะ (ย),ยะ,LN-TILOK-6.10,83
images/lanna_02592_PayapLanna-Bold.jpg,ᨿ,ยะ (ย),ยะ,PayapLanna-Bold,72
images/lanna_02593_PayapLanna-Regular.jpg,ᨿ,ยะ (ย),ยะ,PayapLanna-Regular,80
images/lanna_02594_NotoSansTaiTham.jpg,ᨿ,ยะ (ย),ยะ,NotoSansTaiTham,82
images/lanna_02595_LNTilok.jpg,ᨿ,ยะ (ย),ยะ,LNTilok,82
images/lanna_02596_LN-TILOK-6.10.jpg,ᨿ,ยะ (ย),ยะ,LN-TILOK-6.10,58
images/lanna_02597_PayapLanna-Bold.jpg,ᨿ,ยะ (ย),ยะ,PayapLanna-Bold,63
images/lanna_02598_PayapLanna-Regular.jpg,ᨿ,ยะ (ย),ยะ,PayapLanna-Regular,70
images/lanna_02599_NotoSansTaiTham.jpg,ᨿ,ยะ (ย),ยะ,NotoSansTaiTham,82
images/lanna_02600_LNTilok.jpg,ᩀ,ยย้อย (อย),ยย้อย,LNTilok,72
images/lanna_02601_LN-TILOK-6.10.jpg,ᩀ,ยย้อย (อย),ยย้อย,LN-TILOK-6.10,85
images/lanna_02602_PayapLanna-Bold.jpg,ᩀ,ยย้อย (อย),ยย้อย,PayapLanna-Bold,68
images/lanna_02603_PayapLanna-Regular.jpg,ᩀ,ยย้อย (อย),ยย้อย,PayapLanna-Regular,66
images/lanna_02604_NotoSansTaiTham.jpg,ᩀ,ยย้อย (อย),ยย้อย,NotoSansTaiTham,69
images/lanna_02605_LNTilok.jpg,ᩀ,ยย้อย (อย),ยย้อย,LNTilok,70
images/lanna_02606_LN-TILOK-6.10.jpg,ᩀ,ยย้อย (อย),ยย้อย,LN-TILOK-6.10,58
images/lanna_02607_PayapLanna-Bold.jpg,ᩀ,ยย้อย (อย),ยย้อย,PayapLanna-Bold,59
images/lanna_02608_PayapLanna-Regular.jpg,ᩀ,ยย้อย (อย),ยย้อย,PayapLanna-Regular,76
images/lanna_02609_NotoSansTaiTham.jpg,ᩀ,ยย้อย (อย),ยย้อย,NotoSansTaiTham,82
images/lanna_02610_LNTilok.jpg,ᩀ,ยย้อย (อย),ยย้อย,LNTilok,66
images/lanna_02611_LN-TILOK-6.10.jpg,ᩀ,ยย้อย (อย),ยย้อย,LN-TILOK-6.10,83
images/lanna_02612_PayapLanna-Bold.jpg,ᩀ,ยย้อย (อย),ยย้อย,PayapLanna-Bold,74
images/lanna_02613_PayapLanna-Regular.jpg,ᩀ,ยย้อย (อย),ยย้อย,PayapLanna-Regular,85
images/lanna_02614_NotoSansTaiTham.jpg,ᩀ,ยย้อย (อย),ยย้อย,NotoSansTaiTham,77
images/lanna_02615_LNTilok.jpg,ᩀ,ยย้อย (อย),ยย้อย,LNTilok,80
images/lanna_02616_LN-TILOK-6.10.jpg,ᩀ,ยย้อย (อย),ยย้อย,LN-TILOK-6.10,65
images/lanna_02617_PayapLanna-Bold.jpg,ᩀ,ยย้อย (อย),ยย้อย,PayapLanna-Bold,84
images/lanna_02618_PayapLanna-Regular.jpg,ᩀ,ยย้อย (อย),ยย้อย,PayapLanna-Regular,66
images/lanna_02619_NotoSansTaiTham.jpg,ᩀ,ยย้อย (อย),ยย้อย,NotoSansTaiTham,79
images/lanna_02620_LNTilok.jpg,ᩀ,ยย้อย (อย),ยย้อย,LNTilok,80
images/lanna_02621_LN-TILOK-6.10.jpg,ᩀ,ยย้อย (อย),ยย้อย,LN-TILOK-6.10,82
images/lanna_02622_PayapLanna-Bold.jpg,ᩀ,ยย้อย (อย),ยย้อย,PayapLanna-Bold,74
images/lanna_02623_PayapLanna-Regular.jpg,ᩀ,ยย้อย (อย),ยย้อย,PayapLanna-Regular,72
images/lanna_02624_NotoSansTaiTham.jpg,ᩀ,ยย้อย (อย),ยย้อย,NotoSansTaiTham,58
images/lanna_02625_LNTilok.jpg,ᩀ,ยย้อย (อย),ยย้อย,LNTilok,80
images/lanna_02626_LN-TILOK-6.10.jpg,ᩀ,ยย้อย (อย),ยย้อย,LN-TILOK-6.10,77
images/lanna_02627_PayapLanna-Bold.jpg,ᩀ,ยย้อย (อย),ยย้อย,PayapLanna-Bold,59
images/lanna_02628_PayapLanna-Regular.jpg,ᩀ,ยย้อย (อย),ยย้อย,PayapLanna-Regular,75
images/lanna_02629_NotoSansTaiTham.jpg,ᩀ,ยย้อย (อย),ยย้อย,NotoSansTaiTham,68
images/lanna_02630_LNTilok.jpg,ᩀ,ยย้อย (อย),ยย้อย,LNTilok,58
images/lanna_02631_LN-TILOK-6.10.jpg,ᩀ,ยย้อย (อย),ยย้อย,LN-TILOK-6.10,73
images/lanna_02632_PayapLanna-Bold.jpg,ᩀ,ยย้อย (อย),ยย้อย,PayapLanna-Bold,60
images/lanna_02633_PayapLanna-Regular.jpg,ᩀ,ยย้อย (อย),ยย้อย,PayapLanna-Regular,59
images/lanna_02634_NotoSansTaiTham.jpg,ᩀ,ยย้อย (อย),ยย้อย,NotoSansTaiTham,76
images/lanna_02635_LNTilok.jpg,ᩀ,ยย้อย (อย),ยย้อย,LNTilok,67
images/lanna_02636_LN-TILOK-6.10.jpg,ᩀ,ยย้อย (อย),ยย้อย,LN-TILOK-6.10,80
images/lanna_02637_PayapLanna-Bold.jpg,ᩀ,ยย้อย (อย),ยย้อย,PayapLanna-Bold,81
images/lanna_02638_PayapLanna-Regular.jpg,ᩀ,ยย้อย (อย),ยย้อย,PayapLanna-Regular,77
images/lanna_02639_NotoSansTaiTham.jpg,ᩀ,ยย้อย (อย),ยย้อย,NotoSansTaiTham,81
images/lanna_02640_LNTilok.jpg,ᩁ,ระ (ร/ฮ),ฮะ,LNTilok,61
images/lanna_02641_LN-TILOK-6.10.jpg,ᩁ,ระ (ร/ฮ),ฮะ,LN-TILOK-6.10,62
images/lanna_02642_PayapLanna-Bold.jpg,ᩁ,ระ (ร/ฮ),ฮะ,PayapLanna-Bold,74
images/lanna_02643_PayapLanna-Regular.jpg,ᩁ,ระ (ร/ฮ),ฮะ,PayapLanna-Regular,70
images/lanna_02644_NotoSansTaiTham.jpg,ᩁ,ระ (ร/ฮ),ฮะ,NotoSansTaiTham,71
images/lanna_02645_LNTilok.jpg,ᩁ,ระ (ร/ฮ),ฮะ,LNTilok,79
images/lanna_02646_LN-TILOK-6.10.jpg,ᩁ,ระ (ร/ฮ),ฮะ,LN-TILOK-6.10,81
images/lanna_02647_PayapLanna-Bold.jpg,ᩁ,ระ (ร/ฮ),ฮะ,PayapLanna-Bold,80
images/lanna_02648_PayapLanna-Regular.jpg,ᩁ,ระ (ร/ฮ),ฮะ,PayapLanna-Regular,73
images/lanna_02649_NotoSansTaiTham.jpg,ᩁ,ระ (ร/ฮ),ฮะ,NotoSansTaiTham,79
images/lanna_02650_LNTilok.jpg,ᩁ,ระ (ร/ฮ),ฮะ,LNTilok,79
images/lanna_02651_LN-TILOK-6.10.jpg,ᩁ,ระ (ร/ฮ),ฮะ,LN-TILOK-6.10,65
images/lanna_02652_PayapLanna-Bold.jpg,ᩁ,ระ (ร/ฮ),ฮะ,PayapLanna-Bold,64
images/lanna_02653_PayapLanna-Regular.jpg,ᩁ,ระ (ร/ฮ),ฮะ,PayapLanna-Regular,66
images/lanna_02654_NotoSansTaiTham.jpg,ᩁ,ระ (ร/ฮ),ฮะ,NotoSansTaiTham,78
images/lanna_02655_LNTilok.jpg,ᩁ,ระ (ร/ฮ),ฮะ,LNTilok,83
images/lanna_02656_LN-TILOK-6.10.jpg,ᩁ,ระ (ร/ฮ),ฮะ,LN-TILOK-6.10,75
images/lanna_02657_PayapLanna-Bold.jpg,ᩁ,ระ (ร/ฮ),ฮะ,PayapLanna-Bold,77
images/lanna_02658_PayapLanna-Regular.jpg,ᩁ,ระ (ร/ฮ),ฮะ,PayapLanna-Regular,58
images/lanna_02659_NotoSansTaiTham.jpg,ᩁ,ระ (ร/ฮ),ฮะ,NotoSansTaiTham,68
images/lanna_02660_LNTilok.jpg,ᩁ,ระ (ร/ฮ),ฮะ,LNTilok,73
images/lanna_02661_LN-TILOK-6.10.jpg,ᩁ,ระ (ร/ฮ),ฮะ,LN-TILOK-6.10,66
images/lanna_02662_PayapLanna-Bold.jpg,ᩁ,ระ (ร/ฮ),ฮะ,PayapLanna-Bold,74
images/lanna_02663_PayapLanna-Regular.jpg,ᩁ,ระ (ร/ฮ),ฮะ,PayapLanna-Regular,72
images/lanna_02664_NotoSansTaiTham.jpg,ᩁ,ระ (ร/ฮ),ฮะ,NotoSansTaiTham,73
images/lanna_02665_LNTilok.jpg,ᩁ,ระ (ร/ฮ),ฮะ,LNTilok,59
images/lanna_02666_LN-TILOK-6.10.jpg,ᩁ,ระ (ร/ฮ),ฮะ,LN-TILOK-6.10,61
images/lanna_02667_PayapLanna-Bold.jpg,ᩁ,ระ (ร/ฮ),ฮะ,PayapLanna-Bold,67
images/lanna_02668_PayapLanna-Regular.jpg,ᩁ,ระ (ร/ฮ),ฮะ,PayapLanna-Regular,69
images/lanna_02669_NotoSansTaiTham.jpg,ᩁ,ระ (ร/ฮ),ฮะ,NotoSansTaiTham,83
images/lanna_02670_LNTilok.jpg,ᩁ,ระ (ร/ฮ),ฮะ,LNTilok,81
images/lanna_02671_LN-TILOK-6.10.jpg,ᩁ,ระ (ร/ฮ),ฮะ,LN-TILOK-6.10,73
images/lanna_02672_PayapLanna-Bold.jpg,ᩁ,ระ (ร/ฮ),ฮะ,PayapLanna-Bold,67
images/lanna_02673_PayapLanna-Regular.jpg,ᩁ,ระ (ร/ฮ),ฮะ,PayapLanna-Regular,70
images/lanna_02674_NotoSansTaiTham.jpg,ᩁ,ระ (ร/ฮ),ฮะ,NotoSansTaiTham,58
images/lanna_02675_LNTilok.jpg,ᩁ,ระ (ร/ฮ),ฮะ,LNTilok,66
images/lanna_02676_LN-TILOK-6.10.jpg,ᩁ,ระ (ร/ฮ),ฮะ,LN-TILOK-6.10,78
images/lanna_02677_PayapLanna-Bold.jpg,ᩁ,ระ (ร/ฮ),ฮะ,PayapLanna-Bold,65
images/lanna_02678_PayapLanna-Regular.jpg,ᩁ,ระ (ร/ฮ),ฮะ,PayapLanna-Regular,72
images/lanna_02679_NotoSansTaiTham.jpg,ᩁ,ระ (ร/ฮ),ฮะ,NotoSansTaiTham,62
images/lanna_02680_LNTilok.jpg,ᩃ,ละ (ล),ละ,LNTilok,76
images/lanna_02681_LN-TILOK-6.10.jpg,ᩃ,ละ (ล),ละ,LN-TILOK-6.10,79
images/lanna_02682_PayapLanna-Bold.jpg,ᩃ,ละ (ล),ละ,PayapLanna-Bold,58
images/lanna_02683_PayapLanna-Regular.jpg,ᩃ,ละ (ล),ละ,PayapLanna-Regular,75
images/lanna_02684_NotoSansTaiTham.jpg,ᩃ,ละ (ล),ละ,NotoSansTaiTham,66
images/lanna_02685_LNTilok.jpg,ᩃ,ละ (ล),ละ,LNTilok,80
images/lanna_02686_LN-TILOK-6.10.jpg,ᩃ,ละ (ล),ละ,LN-TILOK-6.10,74
images/lanna_02687_PayapLanna-Bold.jpg,ᩃ,ละ (ล),ละ,PayapLanna-Bold,60
images/lanna_02688_PayapLanna-Regular.jpg,ᩃ,ละ (ล),ละ,PayapLanna-Regular,62
images/lanna_02689_NotoSansTaiTham.jpg,ᩃ,ละ (ล),ละ,NotoSansTaiTham,77
images/lanna_02690_LNTilok.jpg,ᩃ,ละ (ล),ละ,LNTilok,73
images/lanna_02691_LN-TILOK-6.10.jpg,ᩃ,ละ (ล),ละ,LN-TILOK-6.10,64
images/lanna_02692_PayapLanna-Bold.jpg,ᩃ,ละ (ล),ละ,PayapLanna-Bold,79
images/lanna_02693_PayapLanna-Regular.jpg,ᩃ,ละ (ล),ละ,PayapLanna-Regular,75
images/lanna_02694_NotoSansTaiTham.jpg,ᩃ,ละ (ล),ละ,NotoSansTaiTham,82
images/lanna_02695_LNTilok.jpg,ᩃ,ละ (ล),ละ,LNTilok,83
images/lanna_02696_LN-TILOK-6.10.jpg,ᩃ,ละ (ล),ละ,LN-TILOK-6.10,61
images/lanna_02697_PayapLanna-Bold.jpg,ᩃ,ละ (ล),ละ,PayapLanna-Bold,83
images/lanna_02698_PayapLanna-Regular.jpg,ᩃ,ละ (ล),ละ,PayapLanna-Regular,83
images/lanna_02699_NotoSansTaiTham.jpg,ᩃ,ละ (ล),ละ,NotoSansTaiTham,84
images/lanna_02700_LNTilok.jpg,ᩃ,ละ (ล),ละ,LNTilok,70
images/lanna_02701_LN-TILOK-6.10.jpg,ᩃ,ละ (ล),ละ,LN-TILOK-6.10,66
images/lanna_02702_PayapLanna-Bold.jpg,ᩃ,ละ (ล),ละ,PayapLanna-Bold,80
images/lanna_02703_PayapLanna-Regular.jpg,ᩃ,ละ (ล),ละ,PayapLanna-Regular,69
images/lanna_02704_NotoSansTaiTham.jpg,ᩃ,ละ (ล),ละ,NotoSansTaiTham,61
images/lanna_02705_LNTilok.jpg,ᩃ,ละ (ล),ละ,LNTilok,79
images/lanna_02706_LN-TILOK-6.10.jpg,ᩃ,ละ (ล),ละ,LN-TILOK-6.10,61
images/lanna_02707_PayapLanna-Bold.jpg,ᩃ,ละ (ล),ละ,PayapLanna-Bold,84
images/lanna_02708_PayapLanna-Regular.jpg,ᩃ,ละ (ล),ละ,PayapLanna-Regular,64
images/lanna_02709_NotoSansTaiTham.jpg,ᩃ,ละ (ล),ละ,NotoSansTaiTham,79
images/lanna_02710_LNTilok.jpg,ᩃ,ละ (ล),ละ,LNTilok,71
images/lanna_02711_LN-TILOK-6.10.jpg,ᩃ,ละ (ล),ละ,LN-TILOK-6.10,76
images/lanna_02712_PayapLanna-Bold.jpg,ᩃ,ละ (ล),ละ,PayapLanna-Bold,78
images/lanna_02713_PayapLanna-Regular.jpg,ᩃ,ละ (ล),ละ,PayapLanna-Regular,81
images/lanna_02714_NotoSansTaiTham.jpg,ᩃ,ละ (ล),ละ,NotoSansTaiTham,59
images/lanna_02715_LNTilok.jpg,ᩃ,ละ (ล),ละ,LNTilok,67
images/lanna_02716_LN-TILOK-6.10.jpg,ᩃ,ละ (ล),ละ,LN-TILOK-6.10,72
images/lanna_02717_PayapLanna-Bold.jpg,ᩃ,ละ (ล),ละ,PayapLanna-Bold,71
images/lanna_02718_PayapLanna-Regular.jpg,ᩃ,ละ (ล),ละ,PayapLanna-Regular,70
images/lanna_02719_NotoSansTaiTham.jpg,ᩃ,ละ (ล),ละ,NotoSansTaiTham,72
images/lanna_02720_LNTilok.jpg,ᩅ,วะ (ว),วะ,LNTilok,82
images/lanna_02721_LN-TILOK-6.10.jpg,ᩅ,วะ (ว),วะ,LN-TILOK-6.10,68
images/lanna_02722_PayapLanna-Bold.jpg,ᩅ,วะ (ว),วะ,PayapLanna-Bold,72
images/lanna_02723_PayapLanna-Regular.jpg,ᩅ,วะ (ว),วะ,PayapLanna-Regular,58
images/lanna_02724_NotoSansTaiTham.jpg,ᩅ,วะ (ว),วะ,NotoSansTaiTham,81
images/lanna_02725_LNTilok.jpg,ᩅ,วะ (ว),วะ,LNTilok,83
images/lanna_02726_LN-TILOK-6.10.jpg,ᩅ,วะ (ว),วะ,LN-TILOK-6.10,78
images/lanna_02727_PayapLanna-Bold.jpg,ᩅ,วะ (ว),วะ,PayapLanna-Bold,73
images/lanna_02728_PayapLanna-Regular.jpg,ᩅ,วะ (ว),วะ,PayapLanna-Regular,63
images/lanna_02729_NotoSansTaiTham.jpg,ᩅ,วะ (ว),วะ,NotoSansTaiTham,64
images/lanna_02730_LNTilok.jpg,ᩅ,วะ (ว),วะ,LNTilok,62
images/lanna_02731_LN-TILOK-6.10.jpg,ᩅ,วะ (ว),วะ,LN-TILOK-6.10,78
images/lanna_02732_PayapLanna-Bold.jpg,ᩅ,วะ (ว),วะ,PayapLanna-Bold,83
images/lanna_02733_PayapLanna-Regular.jpg,ᩅ,วะ (ว),วะ,PayapLanna-Regular,84
images/lanna_02734_NotoSansTaiTham.jpg,ᩅ,วะ (ว),วะ,NotoSansTaiTham,72
images/lanna_02735_LNTilok.jpg,ᩅ,วะ (ว),วะ,LNTilok,65
images/lanna_02736_LN-TILOK-6.10.jpg,ᩅ,วะ (ว),วะ,LN-TILOK-6.10,80
images/lanna_02737_PayapLanna-Bold.jpg,ᩅ,วะ (ว),วะ,PayapLanna-Bold,63
images/lanna_02738_PayapLanna-Regular.jpg,ᩅ,วะ (ว),วะ,PayapLanna-Regular,81
images/lanna_02739_NotoSansTaiTham.jpg,ᩅ,วะ (ว),วะ,NotoSansTaiTham,62
images/lanna_02740_LNTilok.jpg,ᩅ,วะ (ว),วะ,LNTilok,69
images/lanna_02741_LN-TILOK-6.10.jpg,ᩅ,วะ (ว),วะ,LN-TILOK-6.10,70
images/lanna_02742_PayapLanna-Bold.jpg,ᩅ,วะ (ว),วะ,PayapLanna-Bold,77
images/lanna_02743_PayapLanna-Regular.jpg,ᩅ,วะ (ว),วะ,PayapLanna-Regular,65
images/lanna_02744_NotoSansTaiTham.jpg,ᩅ,วะ (ว),วะ,NotoSansTaiTham,74
images/lanna_02745_LNTilok.jpg,ᩅ,วะ (ว),วะ,LNTilok,85
images/lanna_02746_LN-TILOK-6.10.jpg,ᩅ,วะ (ว),วะ,LN-TILOK-6.10,72
images/lanna_02747_PayapLanna-Bold.jpg,ᩅ,วะ (ว),วะ,PayapLanna-Bold,79
images/lanna_02748_PayapLanna-Regular.jpg,ᩅ,วะ (ว),วะ,PayapLanna-Regular,59
images/lanna_02749_NotoSansTaiTham.jpg,ᩅ,วะ (ว),วะ,NotoSansTaiTham,60
images/lanna_02750_LNTilok.jpg,ᩅ,วะ (ว),วะ,LNTilok,72
images/lanna_02751_LN-TILOK-6.10.jpg,ᩅ,วะ (ว),วะ,LN-TILOK-6.10,70
images/lanna_02752_PayapLanna-Bold.jpg,ᩅ,วะ (ว),วะ,PayapLanna-Bold,61
images/lanna_02753_PayapLanna-Regular.jpg,ᩅ,วะ (ว),วะ,PayapLanna-Regular,72
images/lanna_02754_NotoSansTaiTham.jpg,ᩅ,วะ (ว),วะ,NotoSansTaiTham,68
images/lanna_02755_LNTilok.jpg,ᩅ,วะ (ว),วะ,LNTilok,79
images/lanna_02756_LN-TILOK-6.10.jpg,ᩅ,วะ (ว),วะ,LN-TILOK-6.10,85
images/lanna_02757_PayapLanna-Bold.jpg,ᩅ,วะ (ว),วะ,PayapLanna-Bold,74
images/lanna_02758_PayapLanna-Regular.jpg,ᩅ,วะ (ว),วะ,PayapLanna-Regular,74
images/lanna_02759_NotoSansTaiTham.jpg,ᩅ,วะ (ว),วะ,NotoSansTaiTham,64
images/lanna_02760_LNTilok.jpg,ᩆ,ศะ (ศ),ศะ,LNTilok,76
images/lanna_02761_LN-TILOK-6.10.jpg,ᩆ,ศะ (ศ),ศะ,LN-TILOK-6.10,64
images/lanna_02762_PayapLanna-Bold.jpg,ᩆ,ศะ (ศ),ศะ,PayapLanna-Bold,73
images/lanna_02763_PayapLanna-Regular.jpg,ᩆ,ศะ (ศ),ศะ,PayapLanna-Regular,70
images/lanna_02764_NotoSansTaiTham.jpg,ᩆ,ศะ (ศ),ศะ,NotoSansTaiTham,74
images/lanna_02765_LNTilok.jpg,ᩆ,ศะ (ศ),ศะ,LNTilok,84
images/lanna_02766_LN-TILOK-6.10.jpg,ᩆ,ศะ (ศ),ศะ,LN-TILOK-6.10,73
images/lanna_02767_PayapLanna-Bold.jpg,ᩆ,ศะ (ศ),ศะ,PayapLanna-Bold,63
images/lanna_02768_PayapLanna-Regular.jpg,ᩆ,ศะ (ศ),ศะ,PayapLanna-Regular,68
images/lanna_02769_NotoSansTaiTham.jpg,ᩆ,ศะ (ศ),ศะ,NotoSansTaiTham,79
images/lanna_02770_LNTilok.jpg,ᩆ,ศะ (ศ),ศะ,LNTilok,65
images/lanna_02771_LN-TILOK-6.10.jpg,ᩆ,ศะ (ศ),ศะ,LN-TILOK-6.10,80
images/lanna_02772_PayapLanna-Bold.jpg,ᩆ,ศะ (ศ),ศะ,PayapLanna-Bold,70
images/lanna_02773_PayapLanna-Regular.jpg,ᩆ,ศะ (ศ),ศะ,PayapLanna-Regular,64
images/lanna_02774_NotoSansTaiTham.jpg,ᩆ,ศะ (ศ),ศะ,NotoSansTaiTham,71
images/lanna_02775_LNTilok.jpg,ᩆ,ศะ (ศ),ศะ,LNTilok,58
images/lanna_02776_LN-TILOK-6.10.jpg,ᩆ,ศะ (ศ),ศะ,LN-TILOK-6.10,74
images/lanna_02777_PayapLanna-Bold.jpg,ᩆ,ศะ (ศ),ศะ,PayapLanna-Bold,82
images/lanna_02778_PayapLanna-Regular.jpg,ᩆ,ศะ (ศ),ศะ,PayapLanna-Regular,67
images/lanna_02779_NotoSansTaiTham.jpg,ᩆ,ศะ (ศ),ศะ,NotoSansTaiTham,64
images/lanna_02780_LNTilok.jpg,ᩆ,ศะ (ศ),ศะ,LNTilok,75
images/lanna_02781_LN-TILOK-6.10.jpg,ᩆ,ศะ (ศ),ศะ,LN-TILOK-6.10,85
images/lanna_02782_PayapLanna-Bold.jpg,ᩆ,ศะ (ศ),ศะ,PayapLanna-Bold,62
images/lanna_02783_PayapLanna-Regular.jpg,ᩆ,ศะ (ศ),ศะ,PayapLanna-Regular,80
images/lanna_02784_NotoSansTaiTham.jpg,ᩆ,ศะ (ศ),ศะ,NotoSansTaiTham,79
images/lanna_02785_LNTilok.jpg,ᩆ,ศะ (ศ),ศะ,LNTilok,78
images/lanna_02786_LN-TILOK-6.10.jpg,ᩆ,ศะ (ศ),ศะ,LN-TILOK-6.10,73
images/lanna_02787_PayapLanna-Bold.jpg,ᩆ,ศะ (ศ),ศะ,PayapLanna-Bold,78
images/lanna_02788_PayapLanna-Regular.jpg,ᩆ,ศะ (ศ),ศะ,PayapLanna-Regular,84
images/lanna_02789_NotoSansTaiTham.jpg,ᩆ,ศะ (ศ),ศะ,NotoSansTaiTham,74
images/lanna_02790_LNTilok.jpg,ᩆ,ศะ (ศ),ศะ,LNTilok,63
images/lanna_02791_LN-TILOK-6.10.jpg,ᩆ,ศะ (ศ),ศะ,LN-TILOK-6.10,78
images/lanna_02792_PayapLanna-Bold.jpg,ᩆ,ศะ (ศ),ศะ,PayapLanna-Bold,76
images/lanna_02793_PayapLanna-Regular.jpg,ᩆ,ศะ (ศ),ศะ,PayapLanna-Regular,81
images/lanna_02794_NotoSansTaiTham.jpg,ᩆ,ศะ (ศ),ศะ,NotoSansTaiTham,71
images/lanna_02795_LNTilok.jpg,ᩆ,ศะ (ศ),ศะ,LNTilok,58
images/lanna_02796_LN-TILOK-6.10.jpg,ᩆ,ศะ (ศ),ศะ,LN-TILOK-6.10,81
images/lanna_02797_PayapLanna-Bold.jpg,ᩆ,ศะ (ศ),ศะ,PayapLanna-Bold,81
images/lanna_02798_PayapLanna-Regular.jpg,ᩆ,ศะ (ศ),ศะ,PayapLanna-Regular,63
images/lanna_02799_NotoSansTaiTham.jpg,ᩆ,ศะ (ศ),ศะ,NotoSansTaiTham,78
images/lanna_02800_LNTilok.jpg,ᩇ,ษะ (ษ),ษะ,LNTilok,72
images/lanna_02801_LN-TILOK-6.10.jpg,ᩇ,ษะ (ษ),ษะ,LN-TILOK-6.10,81
images/lanna_02802_PayapLanna-Bold.jpg,ᩇ,ษะ (ษ),ษะ,PayapLanna-Bold,66
images/lanna_02803_PayapLanna-Regular.jpg,ᩇ,ษะ (ษ),ษะ,PayapLanna-Regular,64
images/lanna_02804_NotoSansTaiTham.jpg,ᩇ,ษะ (ษ),ษะ,NotoSansTaiTham,73
images/lanna_02805_LNTilok.jpg,ᩇ,ษะ (ษ),ษะ,LNTilok,65
images/lanna_02806_LN-TILOK-6.10.jpg,ᩇ,ษะ (ษ),ษะ,LN-TILOK-6.10,83
images/lanna_02807_PayapLanna-Bold.jpg,ᩇ,ษะ (ษ),ษะ,PayapLanna-Bold,65
images/lanna_02808_PayapLanna-Regular.jpg,ᩇ,ษะ (ษ),ษะ,PayapLanna-Regular,82
images/lanna_02809_NotoSansTaiTham.jpg,ᩇ,ษะ (ษ),ษะ,NotoSansTaiTham,68
images/lanna_02810_LNTilok.jpg,ᩇ,ษะ (ษ),ษะ,LNTilok,59
images/lanna_02811_LN-TILOK-6.10.jpg,ᩇ,ษะ (ษ),ษะ,LN-TILOK-6.10,60
images/lanna_02812_PayapLanna-Bold.jpg,ᩇ,ษะ (ษ),ษะ,PayapLanna-Bold,66
images/lanna_02813_PayapLanna-Regular.jpg,ᩇ,ษะ (ษ),ษะ,PayapLanna-Regular,76
images/lanna_02814_NotoSansTaiTham.jpg,ᩇ,ษะ (ษ),ษะ,NotoSansTaiTham,63
images/lanna_02815_LNTilok.jpg,ᩇ,ษะ (ษ),ษะ,LNTilok,72
images/lanna_02816_LN-TILOK-6.10.jpg,ᩇ,ษะ (ษ),ษะ,LN-TILOK-6.10,71
images/lanna_02817_PayapLanna-Bold.jpg,ᩇ,ษะ (ษ),ษะ,PayapLanna-Bold,64
images/lanna_02818_PayapLanna-Regular.jpg,ᩇ,ษะ (ษ),ษะ,PayapLanna-Regular,59
images/lanna_02819_NotoSansTaiTham.jpg,ᩇ,ษะ (ษ),ษะ,NotoSansTaiTham,82
images/lanna_02820_LNTilok.jpg,ᩇ,ษะ (ษ),ษะ,LNTilok,74
images/lanna_02821_LN-TILOK-6.10.jpg,ᩇ,ษะ (ษ),ษะ,LN-TILOK-6.10,66
images/lanna_02822_PayapLanna-Bold.jpg,ᩇ,ษะ (ษ),ษะ,PayapLanna-Bold,82
images/lanna_02823_PayapLanna-Regular.jpg,ᩇ,ษะ (ษ),ษะ,PayapLanna-Regular,71
images/lanna_02824_NotoSansTaiTham.jpg,ᩇ,ษะ (ษ),ษะ,NotoSansTaiTham,62
images/lanna_02825_LNTilok.jpg,ᩇ,ษะ (ษ),ษะ,LNTilok,76
images/lanna_02826_LN-TILOK-6.10.jpg,ᩇ,ษะ (ษ),ษะ,LN-TILOK-6.10,79
images/lanna_02827_PayapLanna-Bold.jpg,ᩇ,ษะ (ษ),ษะ,PayapLanna-Bold,75
images/lanna_02828_PayapLanna-Regular.jpg,ᩇ,ษะ (ษ),ษะ,PayapLanna-Regular,79
images/lanna_02829_NotoSansTaiTham.jpg,ᩇ,ษะ (ษ),ษะ,NotoSansTaiTham,68
images/lanna_02830_LNTilok.jpg,ᩇ,ษะ (ษ),ษะ,LNTilok,64
images/lanna_02831_LN-TILOK-6.10.jpg,ᩇ,ษะ (ษ),ษะ,LN-TILOK-6.10,80
images/lanna_02832_PayapLanna-Bold.jpg,ᩇ,ษะ (ษ),ษะ,PayapLanna-Bold,58
images/lanna_02833_PayapLanna-Regular.jpg,ᩇ,ษะ (ษ),ษะ,PayapLanna-Regular,59
images/lanna_02834_NotoSansTaiTham.jpg,ᩇ,ษะ (ษ),ษะ,NotoSansTaiTham,80
images/lanna_02835_LNTilok.jpg,ᩇ,ษะ (ษ),ษะ,LNTilok,67
images/lanna_02836_LN-TILOK-6.10.jpg,ᩇ,ษะ (ษ),ษะ,LN-TILOK-6.10,83
images/lanna_02837_PayapLanna-Bold.jpg,ᩇ,ษะ (ษ),ษะ,PayapLanna-Bold,69
images/lanna_02838_PayapLanna-Regular.jpg,ᩇ,ษะ (ษ),ษะ,PayapLanna-Regular,74
images/lanna_02839_NotoSansTaiTham.jpg,ᩇ,ษะ (ษ),ษะ,NotoSansTaiTham,83
images/lanna_02840_LNTilok.jpg,ᩈ,สะ (ส),สะ,LNTilok,71
images/lanna_02841_LN-TILOK-6.10.jpg,ᩈ,สะ (ส),สะ,LN-TILOK-6.10,76
images/lanna_02842_PayapLanna-Bold.jpg,ᩈ,สะ (ส),สะ,PayapLanna-Bold,58
images/lanna_02843_PayapLanna-Regular.jpg,ᩈ,สะ (ส),สะ,PayapLanna-Regular,59
images/lanna_02844_NotoSansTaiTham.jpg,ᩈ,สะ (ส),สะ,NotoSansTaiTham,81
images/lanna_02845_LNTilok.jpg,ᩈ,สะ (ส),สะ,LNTilok,70
images/lanna_02846_LN-TILOK-6.10.jpg,ᩈ,สะ (ส),สะ,LN-TILOK-6.10,82
images/lanna_02847_PayapLanna-Bold.jpg,ᩈ,สะ (ส),สะ,PayapLanna-Bold,60
images/lanna_02848_PayapLanna-Regular.jpg,ᩈ,สะ (ส),สะ,PayapLanna-Regular,59
images/lanna_02849_NotoSansTaiTham.jpg,ᩈ,สะ (ส),สะ,NotoSansTaiTham,66
images/lanna_02850_LNTilok.jpg,ᩈ,สะ (ส),สะ,LNTilok,71
images/lanna_02851_LN-TILOK-6.10.jpg,ᩈ,สะ (ส),สะ,LN-TILOK-6.10,78
images/lanna_02852_PayapLanna-Bold.jpg,ᩈ,สะ (ส),สะ,PayapLanna-Bold,64
images/lanna_02853_PayapLanna-Regular.jpg,ᩈ,สะ (ส),สะ,PayapLanna-Regular,61
images/lanna_02854_NotoSansTaiTham.jpg,ᩈ,สะ (ส),สะ,NotoSansTaiTham,62
images/lanna_02855_LNTilok.jpg,ᩈ,สะ (ส),สะ,LNTilok,76
images/lanna_02856_LN-TILOK-6.10.jpg,ᩈ,สะ (ส),สะ,LN-TILOK-6.10,65
images/lanna_02857_PayapLanna-Bold.jpg,ᩈ,สะ (ส),สะ,PayapLanna-Bold,75
images/lanna_02858_PayapLanna-Regular.jpg,ᩈ,สะ (ส),สะ,PayapLanna-Regular,85
images/lanna_02859_NotoSansTaiTham.jpg,ᩈ,สะ (ส),สะ,NotoSansTaiTham,64
images/lanna_02860_LNTilok.jpg,ᩈ,สะ (ส),สะ,LNTilok,78
images/lanna_02861_LN-TILOK-6.10.jpg,ᩈ,สะ (ส),สะ,LN-TILOK-6.10,65
images/lanna_02862_PayapLanna-Bold.jpg,ᩈ,สะ (ส),สะ,PayapLanna-Bold,63
images/lanna_02863_PayapLanna-Regular.jpg,ᩈ,สะ (ส),สะ,PayapLanna-Regular,64
images/lanna_02864_NotoSansTaiTham.jpg,ᩈ,สะ (ส),สะ,NotoSansTaiTham,61
images/lanna_02865_LNTilok.jpg,ᩈ,สะ (ส),สะ,LNTilok,78
images/lanna_02866_LN-TILOK-6.10.jpg,ᩈ,สะ (ส),สะ,LN-TILOK-6.10,73
images/lanna_02867_PayapLanna-Bold.jpg,ᩈ,สะ (ส),สะ,PayapLanna-Bold,61
images/lanna_02868_PayapLanna-Regular.jpg,ᩈ,สะ (ส),สะ,PayapLanna-Regular,78
images/lanna_02869_NotoSansTaiTham.jpg,ᩈ,สะ (ส),สะ,NotoSansTaiTham,60
images/lanna_02870_LNTilok.jpg,ᩈ,สะ (ส),สะ,LNTilok,67
images/lanna_02871_LN-TILOK-6.10.jpg,ᩈ,สะ (ส),สะ,LN-TILOK-6.10,82
images/lanna_02872_PayapLanna-Bold.jpg,ᩈ,สะ (ส),สะ,PayapLanna-Bold,61
images/lanna_02873_PayapLanna-Regular.jpg,ᩈ,สะ (ส),สะ,PayapLanna-Regular,60
images/lanna_02874_NotoSansTaiTham.jpg,ᩈ,สะ (ส),สะ,NotoSansTaiTham,67
images/lanna_02875_LNTilok.jpg,ᩈ,สะ (ส),สะ,LNTilok,71
images/lanna_02876_LN-TILOK-6.10.jpg,ᩈ,สะ (ส),สะ,LN-TILOK-6.10,61
images/lanna_02877_PayapLanna-Bold.jpg,ᩈ,สะ (ส),สะ,PayapLanna-Bold,84
images/lanna_02878_PayapLanna-Regular.jpg,ᩈ,สะ (ส),สะ,PayapLanna-Regular,84
images/lanna_02879_NotoSansTaiTham.jpg,ᩈ,สะ (ส),สะ,NotoSansTaiTham,66
images/lanna_02880_LNTilok.jpg,ᩉ,หะ (ห),หะ,LNTilok,62
images/lanna_02881_LN-TILOK-6.10.jpg,ᩉ,หะ (ห),หะ,LN-TILOK-6.10,66
images/lanna_02882_PayapLanna-Bold.jpg,ᩉ,หะ (ห),หะ,PayapLanna-Bold,77
images/lanna_02883_PayapLanna-Regular.jpg,ᩉ,หะ (ห),หะ,PayapLanna-Regular,78
images/lanna_02884_NotoSansTaiTham.jpg,ᩉ,หะ (ห),หะ,NotoSansTaiTham,58
images/lanna_02885_LNTilok.jpg,ᩉ,หะ (ห),หะ,LNTilok,64
images/lanna_02886_LN-TILOK-6.10.jpg,ᩉ,หะ (ห),หะ,LN-TILOK-6.10,62
images/lanna_02887_PayapLanna-Bold.jpg,ᩉ,หะ (ห),หะ,PayapLanna-Bold,59
images/lanna_02888_PayapLanna-Regular.jpg,ᩉ,หะ (ห),หะ,PayapLanna-Regular,58
images/lanna_02889_NotoSansTaiTham.jpg,ᩉ,หะ (ห),หะ,NotoSansTaiTham,64
images/lanna_02890_LNTilok.jpg,ᩉ,หะ (ห),หะ,LNTilok,73
images/lanna_02891_LN-TILOK-6.10.jpg,ᩉ,หะ (ห),หะ,LN-TILOK-6.10,60
images/lanna_02892_PayapLanna-Bold.jpg,ᩉ,หะ (ห),หะ,PayapLanna-Bold,59
images/lanna_02893_PayapLanna-Regular.jpg,ᩉ,หะ (ห),หะ,PayapLanna-Regular,66
images/lanna_02894_NotoSansTaiTham.jpg,ᩉ,หะ (ห),หะ,NotoSansTaiTham,84
images/lanna_02895_LNTilok.jpg,ᩉ,หะ (ห),หะ,LNTilok,63
images/lanna_02896_LN-TILOK-6.10.jpg,ᩉ,หะ (ห),หะ,LN-TILOK-6.10,64
images/lanna_02897_PayapLanna-Bold.jpg,ᩉ,หะ (ห),หะ,PayapLanna-Bold,63
images/lanna_02898_PayapLanna-Regular.jpg,ᩉ,หะ (ห),หะ,PayapLanna-Regular,74
images/lanna_02899_NotoSansTaiTham.jpg,ᩉ,หะ (ห),หะ,NotoSansTaiTham,69
images/lanna_02900_LNTilok.jpg,ᩉ,หะ (ห),หะ,LNTilok,62
images/lanna_02901_LN-TILOK-6.10.jpg,ᩉ,หะ (ห),หะ,LN-TILOK-6.10,61
images/lanna_02902_PayapLanna-Bold.jpg,ᩉ,หะ (ห),หะ,PayapLanna-Bold,73
images/lanna_02903_PayapLanna-Regular.jpg,ᩉ,หะ (ห),หะ,PayapLanna-Regular,64
images/lanna_02904_NotoSansTaiTham.jpg,ᩉ,หะ (ห),หะ,NotoSansTaiTham,73
images/lanna_02905_LNTilok.jpg,ᩉ,หะ (ห),หะ,LNTilok,70
images/lanna_02906_LN-TILOK-6.10.jpg,ᩉ,หะ (ห),หะ,LN-TILOK-6.10,75
images/lanna_02907_PayapLanna-Bold.jpg,ᩉ,หะ (ห),หะ,PayapLanna-Bold,70
images/lanna_02908_PayapLanna-Regular.jpg,ᩉ,หะ (ห),หะ,PayapLanna-Regular,62
images/lanna_02909_NotoSansTaiTham.jpg,ᩉ,หะ (ห),หะ,NotoSansTaiTham,70
images/lanna_02910_LNTilok.jpg,ᩉ,หะ (ห),หะ,LNTilok,59
images/lanna_02911_LN-TILOK-6.10.jpg,ᩉ,หะ (ห),หะ,LN-TILOK-6.10,70
images/lanna_02912_PayapLanna-Bold.jpg,ᩉ,หะ (ห),หะ,PayapLanna-Bold,65
images/lanna_02913_PayapLanna-Regular.jpg,ᩉ,หะ (ห),หะ,PayapLanna-Regular,60
images/lanna_02914_NotoSansTaiTham.jpg,ᩉ,หะ (ห),หะ,NotoSansTaiTham,61
images/lanna_02915_LNTilok.jpg,ᩉ,หะ (ห),หะ,LNTilok,72
images/lanna_02916_LN-TILOK-6.10.jpg,ᩉ,หะ (ห),หะ,LN-TILOK-6.10,75
images/lanna_02917_PayapLanna-Bold.jpg,ᩉ,หะ (ห),หะ,PayapLanna-Bold,61
images/lanna_02918_PayapLanna-Regular.jpg,ᩉ,หะ (ห),หะ,PayapLanna-Regular,65
images/lanna_02919_NotoSansTaiTham.jpg,ᩉ,หะ (ห),หะ,NotoSansTaiTham,75
images/lanna_02920_LNTilok.jpg,ᩊ,ฬะ (ฬ),ฬะ,LNTilok,77
images/lanna_02921_LN-TILOK-6.10.jpg,ᩊ,ฬะ (ฬ),ฬะ,LN-TILOK-6.10,83
images/lanna_02922_PayapLanna-Bold.jpg,ᩊ,ฬะ (ฬ),ฬะ,PayapLanna-Bold,70
images/lanna_02923_PayapLanna-Regular.jpg,ᩊ,ฬะ (ฬ),ฬะ,PayapLanna-Regular,77
images/lanna_02924_NotoSansTaiTham.jpg,ᩊ,ฬะ (ฬ),ฬะ,NotoSansTaiTham,84
images/lanna_02925_LNTilok.jpg,ᩊ,ฬะ (ฬ),ฬะ,LNTilok,68
images/lanna_02926_LN-TILOK-6.10.jpg,ᩊ,ฬะ (ฬ),ฬะ,LN-TILOK-6.10,58
images/lanna_02927_PayapLanna-Bold.jpg,ᩊ,ฬะ (ฬ),ฬะ,PayapLanna-Bold,83
images/lanna_02928_PayapLanna-Regular.jpg,ᩊ,ฬะ (ฬ),ฬะ,PayapLanna-Regular,72
images/lanna_02929_NotoSansTaiTham.jpg,ᩊ,ฬะ (ฬ),ฬะ,NotoSansTaiTham,83
images/lanna_02930_LNTilok.jpg,ᩊ,ฬะ (ฬ),ฬะ,LNTilok,81
images/lanna_02931_LN-TILOK-6.10.jpg,ᩊ,ฬะ (ฬ),ฬะ,LN-TILOK-6.10,74
images/lanna_02932_PayapLanna-Bold.jpg,ᩊ,ฬะ (ฬ),ฬะ,PayapLanna-Bold,59
images/lanna_02933_PayapLanna-Regular.jpg,ᩊ,ฬะ (ฬ),ฬะ,PayapLanna-Regular,71
images/lanna_02934_NotoSansTaiTham.jpg,ᩊ,ฬะ (ฬ),ฬะ,NotoSansTaiTham,79
images/lanna_02935_LNTilok.jpg,ᩊ,ฬะ (ฬ),ฬะ,LNTilok,76
images/lanna_02936_LN-TILOK-6.10.jpg,ᩊ,ฬะ (ฬ),ฬะ,LN-TILOK-6.10,84
images/lanna_02937_PayapLanna-Bold.jpg,ᩊ,ฬะ (ฬ),ฬะ,PayapLanna-Bold,62
images/lanna_02938_PayapLanna-Regular.jpg,ᩊ,ฬะ (ฬ),ฬะ,PayapLanna-Regular,59
images/lanna_02939_NotoSansTaiTham.jpg,ᩊ,ฬะ (ฬ),ฬะ,NotoSansTaiTham,80
images/lanna_02940_LNTilok.jpg,ᩊ,ฬะ (ฬ),ฬะ,LNTilok,74
images/lanna_02941_LN-TILOK-6.10.jpg,ᩊ,ฬะ (ฬ),ฬะ,LN-TILOK-6.10,61
images/lanna_02942_PayapLanna-Bold.jpg,ᩊ,ฬะ (ฬ),ฬะ,PayapLanna-Bold,58
images/lanna_02943_PayapLanna-Regular.jpg,ᩊ,ฬะ (ฬ),ฬะ,PayapLanna-Regular,83
images/lanna_02944_NotoSansTaiTham.jpg,ᩊ,ฬะ (ฬ),ฬะ,NotoSansTaiTham,69
images/lanna_02945_LNTilok.jpg,ᩊ,ฬะ (ฬ),ฬะ,LNTilok,60
images/lanna_02946_LN-TILOK-6.10.jpg,ᩊ,ฬะ (ฬ),ฬะ,LN-TILOK-6.10,80
images/lanna_02947_PayapLanna-Bold.jpg,ᩊ,ฬะ (ฬ),ฬะ,PayapLanna-Bold,67
images/lanna_02948_PayapLanna-Regular.jpg,ᩊ,ฬะ (ฬ),ฬะ,PayapLanna-Regular,60
images/lanna_02949_NotoSansTaiTham.jpg,ᩊ,ฬะ (ฬ),ฬะ,NotoSansTaiTham,69
images/lanna_02950_LNTilok.jpg,ᩊ,ฬะ (ฬ),ฬะ,LNTilok,65
images/lanna_02951_LN-TILOK-6.10.jpg,ᩊ,ฬะ (ฬ),ฬะ,LN-TILOK-6.10,77
images/lanna_02952_PayapLanna-Bold.jpg,ᩊ,ฬะ (ฬ),ฬะ,PayapLanna-Bold,78
images/lanna_02953_PayapLanna-Regular.jpg,ᩊ,ฬะ (ฬ),ฬะ,PayapLanna-Regular,68
images/lanna_02954_NotoSansTaiTham.jpg,ᩊ,ฬะ (ฬ),ฬะ,NotoSansTaiTham,65
images/lanna_02955_LNTilok.jpg,ᩊ,ฬะ (ฬ),ฬะ,LNTilok,58
images/lanna_02956_LN-TILOK-6.10.jpg,ᩊ,ฬะ (ฬ),ฬะ,LN-TILOK-6.10,75
images/lanna_02957_PayapLanna-Bold.jpg,ᩊ,ฬะ (ฬ),ฬะ,PayapLanna-Bold,65
images/lanna_02958_PayapLanna-Regular.jpg,ᩊ,ฬะ (ฬ),ฬะ,PayapLanna-Regular,73
images/lanna_02959_NotoSansTaiTham.jpg,ᩊ,ฬะ (ฬ),ฬะ,NotoSansTaiTham,80
images/lanna_02960_LNTilok.jpg,ᩋ,อะ (อ),อะ,LNTilok,66
images/lanna_02961_LN-TILOK-6.10.jpg,ᩋ,อะ (อ),อะ,LN-TILOK-6.10,82
images/lanna_02962_PayapLanna-Bold.jpg,ᩋ,อะ (อ),อะ,PayapLanna-Bold,85
images/lanna_02963_PayapLanna-Regular.jpg,ᩋ,อะ (อ),อะ,PayapLanna-Regular,74
images/lanna_02964_NotoSansTaiTham.jpg,ᩋ,อะ (อ),อะ,NotoSansTaiTham,85
images/lanna_02965_LNTilok.jpg,ᩋ,อะ (อ),อะ,LNTilok,72
images/lanna_02966_LN-TILOK-6.10.jpg,ᩋ,อะ (อ),อะ,LN-TILOK-6.10,73
images/lanna_02967_PayapLanna-Bold.jpg,ᩋ,อะ (อ),อะ,PayapLanna-Bold,64
images/lanna_02968_PayapLanna-Regular.jpg,ᩋ,อะ (อ),อะ,PayapLanna-Regular,70
images/lanna_02969_NotoSansTaiTham.jpg,ᩋ,อะ (อ),อะ,NotoSansTaiTham,67
images/lanna_02970_LNTilok.jpg,ᩋ,อะ (อ),อะ,LNTilok,74
images/lanna_02971_LN-TILOK-6.10.jpg,ᩋ,อะ (อ),อะ,LN-TILOK-6.10,75
images/lanna_02972_PayapLanna-Bold.jpg,ᩋ,อะ (อ),อะ,PayapLanna-Bold,58
images/lanna_02973_PayapLanna-Regular.jpg,ᩋ,อะ (อ),อะ,PayapLanna-Regular,68
images/lanna_02974_NotoSansTaiTham.jpg,ᩋ,อะ (อ),อะ,NotoSansTaiTham,75
images/lanna_02975_LNTilok.jpg,ᩋ,อะ (อ),อะ,LNTilok,79
images/lanna_02976_LN-TILOK-6.10.jpg,ᩋ,อะ (อ),อะ,LN-TILOK-6.10,60
images/lanna_02977_PayapLanna-Bold.jpg,ᩋ,อะ (อ),อะ,PayapLanna-Bold,66
images/lanna_02978_PayapLanna-Regular.jpg,ᩋ,อะ (อ),อะ,PayapLanna-Regular,75
images/lanna_02979_NotoSansTaiTham.jpg,ᩋ,อะ (อ),อะ,NotoSansTaiTham,84
images/lanna_02980_LNTilok.jpg,ᩋ,อะ (อ),อะ,LNTilok,84
images/lanna_02981_LN-TILOK-6.10.jpg,ᩋ,อะ (อ),อะ,LN-TILOK-6.10,78
images/lanna_02982_PayapLanna-Bold.jpg,ᩋ,อะ (อ),อะ,PayapLanna-Bold,85
images/lanna_02983_PayapLanna-Regular.jpg,ᩋ,อะ (อ),อะ,PayapLanna-Regular,80
images/lanna_02984_NotoSansTaiTham.jpg,ᩋ,อะ (อ),อะ,NotoSansTaiTham,69
images/lanna_02985_LNTilok.jpg,ᩋ,อะ (อ),อะ,LNTilok,72
images/lanna_02986_LN-TILOK-6.10.jpg,ᩋ,อะ (อ),อะ,LN-TILOK-6.10,85
images/lanna_02987_PayapLanna-Bold.jpg,ᩋ,อะ (อ),อะ,PayapLanna-Bold,80
images/lanna_02988_PayapLanna-Regular.jpg,ᩋ,อะ (อ),อะ,PayapLanna-Regular,61
images/lanna_02989_NotoSansTaiTham.jpg,ᩋ,อะ (อ),อะ,NotoSansTaiTham,77
images/lanna_02990_LNTilok.jpg,ᩋ,อะ (อ),อะ,LNTilok,84
images/lanna_02991_LN-TILOK-6.10.jpg,ᩋ,อะ (อ),อะ,LN-TILOK-6.10,61
images/lanna_02992_PayapLanna-Bold.jpg,ᩋ,อะ (อ),อะ,PayapLanna-Bold,73
images/lanna_02993_PayapLanna-Regular.jpg,ᩋ,อะ (อ),อะ,PayapLanna-Regular,63
images/lanna_02994_NotoSansTaiTham.jpg,ᩋ,อะ (อ),อะ,NotoSansTaiTham,74
images/lanna_02995_LNTilok.jpg,ᩋ,อะ (อ),อะ,LNTilok,62
images/lanna_02996_LN-TILOK-6.10.jpg,ᩋ,อะ (อ),อะ,LN-TILOK-6.10,82
images/lanna_02997_PayapLanna-Bold.jpg,ᩋ,อะ (อ),อะ,PayapLanna-Bold,59
images/lanna_02998_PayapLanna-Regular.jpg,ᩋ,อะ (อ),อะ,PayapLanna-Regular,63
images/lanna_02999_NotoSansTaiTham.jpg,ᩋ,อะ (อ),อะ,NotoSansTaiTham,66
images/lanna_03000_LNTilok.jpg,ᩌ,ฮะ (ฮ),ฮะ,LNTilok,81
images/lanna_03001_LN-TILOK-6.10.jpg,ᩌ,ฮะ (ฮ),ฮะ,LN-TILOK-6.10,76
images/lanna_03002_PayapLanna-Bold.jpg,ᩌ,ฮะ (ฮ),ฮะ,PayapLanna-Bold,77
images/lanna_03003_PayapLanna-Regular.jpg,ᩌ,ฮะ (ฮ),ฮะ,PayapLanna-Regular,63
images/lanna_03004_NotoSansTaiTham.jpg,ᩌ,ฮะ (ฮ),ฮะ,NotoSansTaiTham,85
images/lanna_03005_LNTilok.jpg,ᩌ,ฮะ (ฮ),ฮะ,LNTilok,69
images/lanna_03006_LN-TILOK-6.10.jpg,ᩌ,ฮะ (ฮ),ฮะ,LN-TILOK-6.10,74
images/lanna_03007_PayapLanna-Bold.jpg,ᩌ,ฮะ (ฮ),ฮะ,PayapLanna-Bold,81
images/lanna_03008_PayapLanna-Regular.jpg,ᩌ,ฮะ (ฮ),ฮะ,PayapLanna-Regular,64
images/lanna_03009_NotoSansTaiTham.jpg,ᩌ,ฮะ (ฮ),ฮะ,NotoSansTaiTham,74
images/lanna_03010_LNTilok.jpg,ᩌ,ฮะ (ฮ),ฮะ,LNTilok,59
images/lanna_03011_LN-TILOK-6.10.jpg,ᩌ,ฮะ (ฮ),ฮะ,LN-TILOK-6.10,67
images/lanna_03012_PayapLanna-Bold.jpg,ᩌ,ฮะ (ฮ),ฮะ,PayapLanna-Bold,70
images/lanna_03013_PayapLanna-Regular.jpg,ᩌ,ฮะ (ฮ),ฮะ,PayapLanna-Regular,82
images/lanna_03014_NotoSansTaiTham.jpg,ᩌ,ฮะ (ฮ),ฮะ,NotoSansTaiTham,85
images/lanna_03015_LNTilok.jpg,ᩌ,ฮะ (ฮ),ฮะ,LNTilok,78
images/lanna_03016_LN-TILOK-6.10.jpg,ᩌ,ฮะ (ฮ),ฮะ,LN-TILOK-6.10,70
images/lanna_03017_PayapLanna-Bold.jpg,ᩌ,ฮะ (ฮ),ฮะ,PayapLanna-Bold,70
images/lanna_03018_PayapLanna-Regular.jpg,ᩌ,ฮะ (ฮ),ฮะ,PayapLanna-Regular,67
images/lanna_03019_NotoSansTaiTham.jpg,ᩌ,ฮะ (ฮ),ฮะ,NotoSansTaiTham,59
images/lanna_03020_LNTilok.jpg,ᩌ,ฮะ (ฮ),ฮะ,LNTilok,65
images/lanna_03021_LN-TILOK-6.10.jpg,ᩌ,ฮะ (ฮ),ฮะ,LN-TILOK-6.10,77
images/lanna_03022_PayapLanna-Bold.jpg,ᩌ,ฮะ (ฮ),ฮะ,PayapLanna-Bold,62
images/lanna_03023_PayapLanna-Regular.jpg,ᩌ,ฮะ (ฮ),ฮะ,PayapLanna-Regular,72
images/lanna_03024_NotoSansTaiTham.jpg,ᩌ,ฮะ (ฮ),ฮะ,NotoSansTaiTham,68
images/lanna_03025_LNTilok.jpg,ᩌ,ฮะ (ฮ),ฮะ,LNTilok,79
images/lanna_03026_LN-TILOK-6.10.jpg,ᩌ,ฮะ (ฮ),ฮะ,LN-TILOK-6.10,75
images/lanna_03027_PayapLanna-Bold.jpg,ᩌ,ฮะ (ฮ),ฮะ,PayapLanna-Bold,65
images/lanna_03028_PayapLanna-Regular.jpg,ᩌ,ฮะ (ฮ),ฮะ,PayapLanna-Regular,59
images/lanna_03029_NotoSansTaiTham.jpg,ᩌ,ฮะ (ฮ),ฮะ,NotoSansTaiTham,71
images/lanna_03030_LNTilok.jpg,ᩌ,ฮะ (ฮ),ฮะ,LNTilok,60
images/lanna_03031_LN-TILOK-6.10.jpg,ᩌ,ฮะ (ฮ),ฮะ,LN-TILOK-6.10,77
images/lanna_03032_PayapLanna-Bold.jpg,ᩌ,ฮะ (ฮ),ฮะ,PayapLanna-Bold,70
images/lanna_03033_PayapLanna-Regular.jpg,ᩌ,ฮะ (ฮ),ฮะ,PayapLanna-Regular,59
images/lanna_03034_NotoSansTaiTham.jpg,ᩌ,ฮะ (ฮ),ฮะ,NotoSansTaiTham,79
images/lanna_03035_LNTilok.jpg,ᩌ,ฮะ (ฮ),ฮะ,LNTilok,70
images/lanna_03036_LN-TILOK-6.10.jpg,ᩌ,ฮะ (ฮ),ฮะ,LN-TILOK-6.10,69
images/lanna_03037_PayapLanna-Bold.jpg,ᩌ,ฮะ (ฮ),ฮะ,PayapLanna-Bold,73
images/lanna_03038_PayapLanna-Regular.jpg,ᩌ,ฮะ (ฮ),ฮะ,PayapLanna-Regular,67
images/lanna_03039_NotoSansTaiTham.jpg,ᩌ,ฮะ (ฮ),ฮะ,NotoSansTaiTham,61
